#
# There is insufficient memory for the Java Runtime Environment to continue.
# Native memory allocation (malloc) failed to allocate 131088 bytes. Error detail: Chunk::new
# Possible reasons:
#   The system is out of physical RAM or swap space
#   This process is running with CompressedOops enabled, and the Java Heap may be blocking the growth of the native heap
# Possible solutions:
#   Reduce memory load on the system
#   Increase physical memory or swap space
#   Check if swap backing store is full
#   Decrease Java heap size (-Xmx/-Xms)
#   Decrease number of Java threads
#   Decrease Java thread stack sizes (-Xss)
#   Set larger code cache with -XX:ReservedCodeCacheSize=
#   JVM is running with Unscaled Compressed Oops mode in which the Java heap is
#     placed in the first 4GB address space. The Java Heap base address is the
#     maximum limit for the native heap growth. Please use -XX:HeapBaseMinAddress
#     to set the Java Heap base and to place the Java Heap above 4GB virtual address.
# This output file may be truncated or incomplete.
#
#  Out of Memory Error (arena.cpp:168), pid=1236, tid=21000
#
# JRE version: OpenJDK Runtime Environment Temurin-21.0.12.1+1 (21.0.12.1+1) (build 21.0.12.1+1-LTS)
# Java VM: OpenJDK 64-Bit Server VM Temurin-21.0.12.1+1 (21.0.12.1+1-LTS, mixed mode, sharing, tiered, compressed oops, compressed class ptrs, g1 gc, windows-amd64)
# No core dump will be written. Minidumps are not enabled by default on client versions of Windows
#

---------------  S U M M A R Y ------------

Command Line: -Djava.awt.headless=true -Djava.library.path=C:\Users\dev\AppData\Local\Java\jdk-21.0.12.1+1\bin;C:\WINDOWS\Sun\Java\bin;C:\WINDOWS\system32;C:\WINDOWS;C;C:\Users\dev\AppData\Local\Java\jdk-21.0.12.1+1\bin;C:\Users\dev\bin;C:\Program Files\Git\mingw64\bin;C:\Program Files\Git\usr\local\bin;C:\Program Files\Git\usr\bin;C:\Program Files\Git\usr\bin;C:\Program Files\Git\mingw64\bin;C:\Program Files\Git\usr\bin;C:\Users\dev\bin;C:\Program Files\Python314\Scripts;C:\Program Files\Python314;C:\WINDOWS\system32;C:\WINDOWS;C:\WINDOWS\System32\Wbem;C:\WINDOWS\System32\WindowsPowerShell\v1.0;C:\WINDOWS\System32\OpenSSH;C:\Program Files\Git\cmd;C:\Program Files\GitHub CLI;C:\Program Files\dotnet;C:\Program Files\nodejs;C:\Program Files\Go\bin;C:\Program Files\gsudo\Current;C:\Users\dev\AppData\Local\Microsoft\WindowsApps;C:\Users\dev\.dotnet\tools;C:\Users\dev\AppData\Roaming\npm;C:\Users\dev\.local\bin;C:\Users\dev\AppData\Local\Programs\orca\resources\bin;C:\Users\dev\go\bin;C:\Users\dev\AppData\Local\Microsoft\WinGet\Packages\jqlang.jq_Microsoft.Winget.Source_8wekyb3d8bbwe;C:\Users\dev\AppData\Local\Microsoft\WinGet\Packages\Genymobile.scrcpy_Microsoft.Winget.Source_8wekyb3d8bbwe\scrcpy-win64-v4.1;C:\Users\dev\AppData\Local\Microsoft\WinGet\Packages\BrechtSanders.WinLibs.POSIX.UCRT_Microsoft.Winget.Source_8wekyb3d8bbwe\mingw64\bin;C:\Program Files\nodejs;C:\Program Files\Python314;C:\Program Files\Git\mingw64\bin;C:\Program Files\GitHub CLI;C:\Program Files\Git\usr\bin\vendor_perl;C:\Program Files\Git\usr\bin\core_perl;.;C:\dev\ptscratch\wt-fix2\app\src\testDebug\jniLibs;C:\dev\ptscratch\wt-fix2\app\src\test\jniLibs -Dorg.gradle.internal.worker.tmpdir=C:\dev\ptscratch\wt-fix2\app\build\tmp\testDebugUnitTest\work --add-exports=java.base/jdk.internal.access=ALL-UNNAMED --add-opens=java.base/java.io=ALL-UNNAMED --add-opens=java.base/java.io=ALL-UNNAMED -Xmx512m -Dfile.encoding=UTF-8 -Duser.country=GB -Duser.language=en -Duser.variant -ea worker.org.gradle.process.internal.worker.GradleWorkerMain 'Gradle Test Executor 168'

Host: AMD Ryzen 9 3900X 12-Core Processor            , 18 cores, 23G,  Windows 11 , 64 bit Build 26100 (10.0.26100.9444)
Time: Sun Oct  4 13:52:54 2026 W. Europe Summer Time elapsed time: 33.020323 seconds (0d 0h 0m 33s)

---------------  T H R E A D  ---------------

Current thread (0x0000024b7dbeb560):  JavaThread "C2 CompilerThread0" daemon [_thread_in_native, id=21000, stack(0x000000fea9300000,0x000000fea9400000) (1024K)]


Current CompileTask:
C2:33020 7315       4       org.robolectric.android.AndroidSdkShadowMatcher::matches (103 bytes)

Stack: [0x000000fea9300000,0x000000fea9400000]
Native frames: (J=compiled Java code, j=interpreted, Vv=VM code, C=native code)
V  [jvm.dll+0x6d83e9]
V  [jvm.dll+0x8b5736]
V  [jvm.dll+0x8b7cee]
V  [jvm.dll+0x8b83d3]
V  [jvm.dll+0x284596]
V  [jvm.dll+0xc685d]
V  [jvm.dll+0xc6da1]
V  [jvm.dll+0xc6985]
V  [jvm.dll+0x6b33cc]
V  [jvm.dll+0x254339]
V  [jvm.dll+0x6fdc47]
V  [jvm.dll+0x24baa7]
V  [jvm.dll+0x1cb4ae]
V  [jvm.dll+0x25baad]
V  [jvm.dll+0x25a03a]
V  [jvm.dll+0x3f8aae]
V  [jvm.dll+0x8600cd]
V  [jvm.dll+0x6d6c1d]
C  [ucrtbase.dll+0x2cd30]
C  [KERNEL32.DLL+0x2cd87]
C  [ntdll.dll+0xacaec]


---------------  P R O C E S S  ---------------

Threads class SMR info:
_java_thread_list=0x0000024b5885c5a0, length=37, elements={
0x0000024b7107bbb0, 0x0000024b7dbdf600, 0x0000024b7dbe0d80, 0x0000024b7dbe4f90,
0x0000024b7dbe59f0, 0x0000024b7dbe7e90, 0x0000024b7dcd54e0, 0x0000024b7dbeb560,
0x0000024b7dce28c0, 0x0000024b7df11e50, 0x0000024b7df75270, 0x0000024b7e65c0f0,
0x0000024b7ec176b0, 0x0000024b7ec17d20, 0x0000024b7edcd5a0, 0x0000024b7ec88210,
0x0000024b58426410, 0x0000024b55d790e0, 0x0000024b55d79e00, 0x0000024b55d783c0,
0x0000024b55d7a490, 0x0000024b55d78a50, 0x0000024b55d79770, 0x0000024b55d77d30,
0x0000024b55d77010, 0x0000024b55d776a0, 0x0000024b5800a110, 0x0000024b58008d60,
0x0000024b58008040, 0x0000024b5800bb50, 0x0000024b580086d0, 0x0000024b7dce06b0,
0x0000024b7dcdffe0, 0x0000024b7dce2f90, 0x0000024b580093f0, 0x0000024b7dce0d80,
0x0000024b7dce1450
}

Java Threads: ( => current thread )
  0x0000024b7107bbb0 JavaThread "Test worker"                       [_thread_blocked, id=8, stack(0x000000fea8500000,0x000000fea8600000) (1024K)]
  0x0000024b7dbdf600 JavaThread "Reference Handler"          daemon [_thread_blocked, id=25248, stack(0x000000fea8d00000,0x000000fea8e00000) (1024K)]
  0x0000024b7dbe0d80 JavaThread "Finalizer"                  daemon [_thread_blocked, id=24568, stack(0x000000fea8e00000,0x000000fea8f00000) (1024K)]
  0x0000024b7dbe4f90 JavaThread "Signal Dispatcher"          daemon [_thread_blocked, id=30228, stack(0x000000fea8f00000,0x000000fea9000000) (1024K)]
  0x0000024b7dbe59f0 JavaThread "Attach Listener"            daemon [_thread_blocked, id=11092, stack(0x000000fea9000000,0x000000fea9100000) (1024K)]
  0x0000024b7dbe7e90 JavaThread "Service Thread"             daemon [_thread_blocked, id=27864, stack(0x000000fea9100000,0x000000fea9200000) (1024K)]
  0x0000024b7dcd54e0 JavaThread "Monitor Deflation Thread"   daemon [_thread_blocked, id=16372, stack(0x000000fea9200000,0x000000fea9300000) (1024K)]
=>0x0000024b7dbeb560 JavaThread "C2 CompilerThread0"         daemon [_thread_in_native, id=21000, stack(0x000000fea9300000,0x000000fea9400000) (1024K)]
  0x0000024b7dce28c0 JavaThread "C1 CompilerThread0"         daemon [_thread_in_native, id=29416, stack(0x000000fea9400000,0x000000fea9500000) (1024K)]
  0x0000024b7df11e50 JavaThread "Notification Thread"        daemon [_thread_blocked, id=14256, stack(0x000000fea9700000,0x000000fea9800000) (1024K)]
  0x0000024b7df75270 JavaThread "Common-Cleaner"             daemon [_thread_blocked, id=28936, stack(0x000000fea9800000,0x000000fea9900000) (1024K)]
  0x0000024b7e65c0f0 JavaThread "/127.0.0.1:55734 to /127.0.0.1:55730 workers"        [_thread_blocked, id=27692, stack(0x000000feaa600000,0x000000feaa700000) (1024K)]
  0x0000024b7ec176b0 JavaThread "/127.0.0.1:55734 to /127.0.0.1:55730 workers Thread 2"        [_thread_in_vm, id=31212, stack(0x000000feaa700000,0x000000feaa800000) (1024K)]
  0x0000024b7ec17d20 JavaThread "/127.0.0.1:55734 to /127.0.0.1:55730 workers Thread 3"        [_thread_in_native, id=8564, stack(0x000000feaa800000,0x000000feaa900000) (1024K)]
  0x0000024b7edcd5a0 JavaThread "SDK 36 Main Thread"                [_thread_blocked, id=9152, stack(0x000000fea9c00000,0x000000fea9d00000) (1024K)]
  0x0000024b7ec88210 JavaThread "DefaultDispatcher-worker-1" daemon [_thread_blocked, id=10988, stack(0x000000fea9500000,0x000000fea9600000) (1024K)]
  0x0000024b58426410 JavaThread "DefaultDispatcher-worker-2" daemon [_thread_blocked, id=30656, stack(0x000000feaae00000,0x000000feaaf00000) (1024K)]
  0x0000024b55d790e0 JavaThread "arch_disk_io_0"             daemon [_thread_blocked, id=4920, stack(0x000000feaaf00000,0x000000feab000000) (1024K)]
  0x0000024b55d79e00 JavaThread "DefaultDispatcher-worker-3" daemon [_thread_blocked, id=29004, stack(0x000000feab000000,0x000000feab100000) (1024K)]
  0x0000024b55d783c0 JavaThread "DefaultDispatcher-worker-4" daemon [_thread_blocked, id=30596, stack(0x000000feab100000,0x000000feab200000) (1024K)]
  0x0000024b55d7a490 JavaThread "DefaultDispatcher-worker-5" daemon [_thread_blocked, id=10868, stack(0x000000feab200000,0x000000feab300000) (1024K)]
  0x0000024b55d78a50 JavaThread "DefaultDispatcher-worker-6" daemon [_thread_blocked, id=13080, stack(0x000000feab300000,0x000000feab400000) (1024K)]
  0x0000024b55d79770 JavaThread "DefaultDispatcher-worker-7" daemon [_thread_blocked, id=3988, stack(0x000000feab400000,0x000000feab500000) (1024K)]
  0x0000024b55d77d30 JavaThread "DefaultDispatcher-worker-8" daemon [_thread_blocked, id=22536, stack(0x000000feab500000,0x000000feab600000) (1024K)]
  0x0000024b55d77010 JavaThread "DefaultDispatcher-worker-9" daemon [_thread_blocked, id=15768, stack(0x000000feab600000,0x000000feab700000) (1024K)]
  0x0000024b55d776a0 JavaThread "DefaultDispatcher-worker-10" daemon [_thread_blocked, id=4824, stack(0x000000feab700000,0x000000feab800000) (1024K)]
  0x0000024b5800a110 JavaThread "DefaultDispatcher-worker-11" daemon [_thread_blocked, id=19516, stack(0x000000feab800000,0x000000feab900000) (1024K)]
  0x0000024b58008d60 JavaThread "DefaultDispatcher-worker-12" daemon [_thread_blocked, id=26488, stack(0x000000feab900000,0x000000feaba00000) (1024K)]
  0x0000024b58008040 JavaThread "arch_disk_io_1"             daemon [_thread_blocked, id=15480, stack(0x000000feaba00000,0x000000feabb00000) (1024K)]
  0x0000024b5800bb50 JavaThread "arch_disk_io_2"             daemon [_thread_blocked, id=32000, stack(0x000000feabb00000,0x000000feabc00000) (1024K)]
  0x0000024b580086d0 JavaThread "arch_disk_io_3"             daemon [_thread_blocked, id=20236, stack(0x000000feabc00000,0x000000feabd00000) (1024K)]
  0x0000024b7dce06b0 JavaThread "C1 CompilerThread1"         daemon [_thread_in_native, id=29076, stack(0x000000feabe00000,0x000000feabf00000) (1024K)]
  0x0000024b7dcdffe0 JavaThread "C1 CompilerThread2"         daemon [_thread_in_native, id=5088, stack(0x000000feabf00000,0x000000feac000000) (1024K)]
  0x0000024b7dce2f90 JavaThread "C1 CompilerThread3"         daemon [_thread_in_native, id=20328, stack(0x000000feac000000,0x000000feac100000) (1024K)]
  0x0000024b580093f0 JavaThread "kotlinx.coroutines.DefaultExecutor" daemon [_thread_blocked, id=32020, stack(0x000000fea9b00000,0x000000fea9c00000) (1024K)]
  0x0000024b7dce0d80 JavaThread "C2 CompilerThread1"         daemon [_thread_in_native, id=14524, stack(0x000000feabd00000,0x000000feabe00000) (1024K)]
  0x0000024b7dce1450 JavaThread "C2 CompilerThread2"         daemon [_thread_in_native, id=20252, stack(0x000000feac100000,0x000000feac200000) (1024K)]
Total: 37

Other Threads:
  0x0000024b7dbbda00 VMThread "VM Thread"                           [id=9820, stack(0x000000fea8c00000,0x000000fea8d00000) (1024K)]
  0x0000024b7dccca00 WatcherThread "VM Periodic Task Thread"        [id=22152, stack(0x000000fea8b00000,0x000000fea8c00000) (1024K)]
  0x0000024b710a5a80 WorkerThread "GC Thread#0"                     [id=8052, stack(0x000000fea8600000,0x000000fea8700000) (1024K)]
  0x0000024b7e99efa0 WorkerThread "GC Thread#1"                     [id=31332, stack(0x000000fea9d00000,0x000000fea9e00000) (1024K)]
  0x0000024b7e99f350 WorkerThread "GC Thread#2"                     [id=14096, stack(0x000000fea9f00000,0x000000feaa000000) (1024K)]
  0x0000024b7e5abde0 WorkerThread "GC Thread#3"                     [id=472, stack(0x000000feaa000000,0x000000feaa100000) (1024K)]
  0x0000024b7e5ac190 WorkerThread "GC Thread#4"                     [id=9312, stack(0x000000feaa100000,0x000000feaa200000) (1024K)]
  0x0000024b7ec69250 WorkerThread "GC Thread#5"                     [id=26924, stack(0x000000feaa200000,0x000000feaa300000) (1024K)]
  0x0000024b7ec69600 WorkerThread "GC Thread#6"                     [id=21816, stack(0x000000feaa300000,0x000000feaa400000) (1024K)]
  0x0000024b7ec699b0 WorkerThread "GC Thread#7"                     [id=32336, stack(0x000000feaa400000,0x000000feaa500000) (1024K)]
  0x0000024b7eb240e0 WorkerThread "GC Thread#8"                     [id=7260, stack(0x000000feaa500000,0x000000feaa600000) (1024K)]
  0x0000024b7ef3e5e0 WorkerThread "GC Thread#9"                     [id=12748, stack(0x000000feaa900000,0x000000feaaa00000) (1024K)]
  0x0000024b7eeb4710 WorkerThread "GC Thread#10"                    [id=32532, stack(0x000000feaaa00000,0x000000feaab00000) (1024K)]
  0x0000024b7eeb50e0 WorkerThread "GC Thread#11"                    [id=31028, stack(0x000000feaab00000,0x000000feaac00000) (1024K)]
  0x0000024b7eee4d30 WorkerThread "GC Thread#12"                    [id=31928, stack(0x000000feaac00000,0x000000feaad00000) (1024K)]
  0x0000024b7eee50e0 WorkerThread "GC Thread#13"                    [id=8408, stack(0x000000feaad00000,0x000000feaae00000) (1024K)]
  0x0000024b710ab190 ConcurrentGCThread "G1 Main Marker"            [id=28500, stack(0x000000fea8700000,0x000000fea8800000) (1024K)]
  0x0000024b710aca30 WorkerThread "G1 Conc#0"                       [id=3732, stack(0x000000fea8800000,0x000000fea8900000) (1024K)]
  0x0000024b7eee5bf0 WorkerThread "G1 Conc#1"                       [id=32492, stack(0x000000fea9600000,0x000000fea9700000) (1024K)]
  0x0000024b7eee5840 WorkerThread "G1 Conc#2"                       [id=24300, stack(0x000000fea9900000,0x000000fea9a00000) (1024K)]
  0x0000024b7eee5fa0 WorkerThread "G1 Conc#3"                       [id=28052, stack(0x000000fea9a00000,0x000000fea9b00000) (1024K)]
  0x0000024b7db553e0 ConcurrentGCThread "G1 Refine#0"               [id=1580, stack(0x000000fea8900000,0x000000fea8a00000) (1024K)]
  0x0000024b7db55e70 ConcurrentGCThread "G1 Service"                [id=26712, stack(0x000000fea8a00000,0x000000fea8b00000) (1024K)]
Total: 23

Threads with active compile tasks:
C2 CompilerThread0  33125 7315       4       org.robolectric.android.AndroidSdkShadowMatcher::matches (103 bytes)
C1 CompilerThread0  33125 7354   !   3       java.io.ObjectOutputStream::writeObject0 (620 bytes)
C1 CompilerThread1  33126 7376       3       java.lang.ClassValue::get (31 bytes)
C1 CompilerThread2  33126 7390       3       java.io.ObjectOutputStream$HandleTable::assign (52 bytes)
C1 CompilerThread3  33126 7392       3       java.io.ObjectOutputStream$BlockDataOutputStream::writeInt (46 bytes)
C2 CompilerThread1  33126 7335       4       jdk.internal.reflect.UTF8::utf8Length (81 bytes)
C2 CompilerThread2  33126 7350       4       java.lang.String::equals (56 bytes)
Total: 7

VM state: not at safepoint (normal execution)

VM Mutex/Monitor currently owned by a thread: None

Heap address: 0x00000000e0000000, size: 512 MB, Compressed Oops mode: 32-bit

CDS archive(s) mapped at: [0x0000024b0f000000-0x0000024b0fc80000-0x0000024b0fc80000), size 13107200, SharedBaseAddress: 0x0000024b0f000000, ArchiveRelocationMode: 1.
Compressed class space mapped at: 0x0000024b10000000-0x0000024b50000000, reserved size: 1073741824
Narrow klass base: 0x0000024b0f000000, Narrow klass shift: 0, Narrow klass range: 0x100000000

GC Precious Log:
 CardTable entry size: 512
 Card Set container configuration: InlinePtr #cards 5 size 8 Array Of Cards #cards 12 size 40 Howl #buckets 4 coarsen threshold 1843 Howl Bitmap #cards 512 size 80 coarsen threshold 460 Card regions per heap region 1 cards per card region 2048
 CPUs: 18 total, 18 available
 Memory: 24508M
 Large Page Support: Disabled
 NUMA Support: Disabled
 Compressed Oops: Enabled (32-bit)
 Heap Region Size: 1M
 Heap Min Capacity: 8M
 Heap Initial Capacity: 384M
 Heap Max Capacity: 512M
 Pre-touch: Disabled
 Parallel Workers: 14
 Concurrent Workers: 4
 Concurrent Refinement Workers: 14
 Periodic GC: Disabled

Heap:
 garbage-first heap   total 143360K, used 124619K [0x00000000e0000000, 0x0000000100000000)
  region size 1024K, 44 young (45056K), 4 survivors (4096K)
 Metaspace       used 80915K, committed 85760K, reserved 1179648K
  class space    used 8119K, committed 10240K, reserved 1048576K

Heap Regions: E=young(eden), S=young(survivor), O=old, HS=humongous(starts), HC=humongous(continues), CS=collection set, F=free, TAMS=top-at-mark-start, PB=parsable bottom
|   0|0x00000000e0000000, 0x00000000e0100000, 0x00000000e0100000|100%|HS|  |TAMS 0x00000000e0000000| PB 0x00000000e0000000| Complete 
|   1|0x00000000e0100000, 0x00000000e0200000, 0x00000000e0200000|100%|HC|  |TAMS 0x00000000e0100000| PB 0x00000000e0100000| Complete 
|   2|0x00000000e0200000, 0x00000000e0300000, 0x00000000e0300000|100%|HS|  |TAMS 0x00000000e0200000| PB 0x00000000e0200000| Complete 
|   3|0x00000000e0300000, 0x00000000e0400000, 0x00000000e0400000|100%|HS|  |TAMS 0x00000000e0300000| PB 0x00000000e0300000| Complete 
|   4|0x00000000e0400000, 0x00000000e0500000, 0x00000000e0500000|100%|HS|  |TAMS 0x00000000e0400000| PB 0x00000000e0400000| Complete 
|   5|0x00000000e0500000, 0x00000000e0600000, 0x00000000e0600000|100%|HS|  |TAMS 0x00000000e0500000| PB 0x00000000e0500000| Complete 
|   6|0x00000000e0600000, 0x00000000e0700000, 0x00000000e0700000|100%|HC|  |TAMS 0x00000000e0600000| PB 0x00000000e0600000| Complete 
|   7|0x00000000e0700000, 0x00000000e0800000, 0x00000000e0800000|100%| O|  |TAMS 0x00000000e0700000| PB 0x00000000e0700000| Untracked 
|   8|0x00000000e0800000, 0x00000000e0900000, 0x00000000e0900000|100%| O|  |TAMS 0x00000000e0800000| PB 0x00000000e0800000| Untracked 
|   9|0x00000000e0900000, 0x00000000e0a00000, 0x00000000e0a00000|100%| O|  |TAMS 0x00000000e0900000| PB 0x00000000e0900000| Untracked 
|  10|0x00000000e0a00000, 0x00000000e0b00000, 0x00000000e0b00000|100%| O|  |TAMS 0x00000000e0a00000| PB 0x00000000e0a00000| Untracked 
|  11|0x00000000e0b00000, 0x00000000e0c00000, 0x00000000e0c00000|100%| O|  |TAMS 0x00000000e0b00000| PB 0x00000000e0b00000| Untracked 
|  12|0x00000000e0c00000, 0x00000000e0d00000, 0x00000000e0d00000|100%| O|  |TAMS 0x00000000e0c00000| PB 0x00000000e0c00000| Untracked 
|  13|0x00000000e0d00000, 0x00000000e0e00000, 0x00000000e0e00000|100%| O|  |TAMS 0x00000000e0d00000| PB 0x00000000e0d00000| Untracked 
|  14|0x00000000e0e00000, 0x00000000e0f00000, 0x00000000e0f00000|100%|HS|  |TAMS 0x00000000e0e00000| PB 0x00000000e0e00000| Complete 
|  15|0x00000000e0f00000, 0x00000000e1000000, 0x00000000e1000000|100%|HC|  |TAMS 0x00000000e0f00000| PB 0x00000000e0f00000| Complete 
|  16|0x00000000e1000000, 0x00000000e1100000, 0x00000000e1100000|100%|HC|  |TAMS 0x00000000e1000000| PB 0x00000000e1000000| Complete 
|  17|0x00000000e1100000, 0x00000000e1200000, 0x00000000e1200000|100%|HC|  |TAMS 0x00000000e1100000| PB 0x00000000e1100000| Complete 
|  18|0x00000000e1200000, 0x00000000e1300000, 0x00000000e1300000|100%|HC|  |TAMS 0x00000000e1200000| PB 0x00000000e1200000| Complete 
|  19|0x00000000e1300000, 0x00000000e1400000, 0x00000000e1400000|100%|HC|  |TAMS 0x00000000e1300000| PB 0x00000000e1300000| Complete 
|  20|0x00000000e1400000, 0x00000000e1500000, 0x00000000e1500000|100%|HC|  |TAMS 0x00000000e1400000| PB 0x00000000e1400000| Complete 
|  21|0x00000000e1500000, 0x00000000e1600000, 0x00000000e1600000|100%|HC|  |TAMS 0x00000000e1500000| PB 0x00000000e1500000| Complete 
|  22|0x00000000e1600000, 0x00000000e1700000, 0x00000000e1700000|100%| O|  |TAMS 0x00000000e1600000| PB 0x00000000e1600000| Untracked 
|  23|0x00000000e1700000, 0x00000000e1800000, 0x00000000e1800000|100%| O|  |TAMS 0x00000000e1700000| PB 0x00000000e1700000| Untracked 
|  24|0x00000000e1800000, 0x00000000e1900000, 0x00000000e1900000|100%| O|  |TAMS 0x00000000e1800000| PB 0x00000000e1800000| Untracked 
|  25|0x00000000e1900000, 0x00000000e1a00000, 0x00000000e1a00000|100%| O|  |TAMS 0x00000000e1900000| PB 0x00000000e1900000| Untracked 
|  26|0x00000000e1a00000, 0x00000000e1b00000, 0x00000000e1b00000|100%| O|  |TAMS 0x00000000e1a00000| PB 0x00000000e1a00000| Untracked 
|  27|0x00000000e1b00000, 0x00000000e1c00000, 0x00000000e1c00000|100%| O|  |TAMS 0x00000000e1b00000| PB 0x00000000e1b00000| Untracked 
|  28|0x00000000e1c00000, 0x00000000e1d00000, 0x00000000e1d00000|100%|HS|  |TAMS 0x00000000e1c00000| PB 0x00000000e1c00000| Complete 
|  29|0x00000000e1d00000, 0x00000000e1e00000, 0x00000000e1e00000|100%| O|  |TAMS 0x00000000e1d00000| PB 0x00000000e1d00000| Untracked 
|  30|0x00000000e1e00000, 0x00000000e1f00000, 0x00000000e1f00000|100%| O|  |TAMS 0x00000000e1e00000| PB 0x00000000e1e00000| Untracked 
|  31|0x00000000e1f00000, 0x00000000e2000000, 0x00000000e2000000|100%| O|  |TAMS 0x00000000e1f00000| PB 0x00000000e1f00000| Untracked 
|  32|0x00000000e2000000, 0x00000000e2100000, 0x00000000e2100000|100%| O|  |TAMS 0x00000000e2000000| PB 0x00000000e2000000| Untracked 
|  33|0x00000000e2100000, 0x00000000e2200000, 0x00000000e2200000|100%| O|  |TAMS 0x00000000e2100000| PB 0x00000000e2100000| Untracked 
|  34|0x00000000e2200000, 0x00000000e2300000, 0x00000000e2300000|100%| O|  |TAMS 0x00000000e2200000| PB 0x00000000e2200000| Untracked 
|  35|0x00000000e2300000, 0x00000000e2400000, 0x00000000e2400000|100%| O|  |TAMS 0x00000000e2300000| PB 0x00000000e2300000| Untracked 
|  36|0x00000000e2400000, 0x00000000e2500000, 0x00000000e2500000|100%| O|  |TAMS 0x00000000e2400000| PB 0x00000000e2400000| Untracked 
|  37|0x00000000e2500000, 0x00000000e2600000, 0x00000000e2600000|100%| O|  |TAMS 0x00000000e2500000| PB 0x00000000e2500000| Untracked 
|  38|0x00000000e2600000, 0x00000000e2700000, 0x00000000e2700000|100%| O|  |TAMS 0x00000000e2600000| PB 0x00000000e2600000| Untracked 
|  39|0x00000000e2700000, 0x00000000e2800000, 0x00000000e2800000|100%| O|  |TAMS 0x00000000e2700000| PB 0x00000000e2700000| Untracked 
|  40|0x00000000e2800000, 0x00000000e2900000, 0x00000000e2900000|100%| O|  |TAMS 0x00000000e2800000| PB 0x00000000e2800000| Untracked 
|  41|0x00000000e2900000, 0x00000000e2a00000, 0x00000000e2a00000|100%| O|  |TAMS 0x00000000e2900000| PB 0x00000000e2900000| Untracked 
|  42|0x00000000e2a00000, 0x00000000e2b00000, 0x00000000e2b00000|100%| O|  |TAMS 0x00000000e2a00000| PB 0x00000000e2a00000| Untracked 
|  43|0x00000000e2b00000, 0x00000000e2c00000, 0x00000000e2c00000|100%|HS|  |TAMS 0x00000000e2b00000| PB 0x00000000e2b00000| Complete 
|  44|0x00000000e2c00000, 0x00000000e2d00000, 0x00000000e2d00000|100%| O|  |TAMS 0x00000000e2c00000| PB 0x00000000e2c00000| Untracked 
|  45|0x00000000e2d00000, 0x00000000e2e00000, 0x00000000e2e00000|100%| O|  |TAMS 0x00000000e2d00000| PB 0x00000000e2d00000| Untracked 
|  46|0x00000000e2e00000, 0x00000000e2f00000, 0x00000000e2f00000|100%| O|  |TAMS 0x00000000e2e00000| PB 0x00000000e2e00000| Untracked 
|  47|0x00000000e2f00000, 0x00000000e3000000, 0x00000000e3000000|100%| O|  |TAMS 0x00000000e2f00000| PB 0x00000000e2f00000| Untracked 
|  48|0x00000000e3000000, 0x00000000e3100000, 0x00000000e3100000|100%| O|  |TAMS 0x00000000e3000000| PB 0x00000000e3000000| Untracked 
|  49|0x00000000e3100000, 0x00000000e3200000, 0x00000000e3200000|100%| O|  |TAMS 0x00000000e3100000| PB 0x00000000e3100000| Untracked 
|  50|0x00000000e3200000, 0x00000000e3300000, 0x00000000e3300000|100%| O|  |TAMS 0x00000000e3200000| PB 0x00000000e3200000| Untracked 
|  51|0x00000000e3300000, 0x00000000e3400000, 0x00000000e3400000|100%|HS|  |TAMS 0x00000000e3300000| PB 0x00000000e3300000| Complete 
|  52|0x00000000e3400000, 0x00000000e3500000, 0x00000000e3500000|100%|HC|  |TAMS 0x00000000e3400000| PB 0x00000000e3400000| Complete 
|  53|0x00000000e3500000, 0x00000000e3600000, 0x00000000e3600000|100%|HC|  |TAMS 0x00000000e3500000| PB 0x00000000e3500000| Complete 
|  54|0x00000000e3600000, 0x00000000e3700000, 0x00000000e3700000|100%|HC|  |TAMS 0x00000000e3600000| PB 0x00000000e3600000| Complete 
|  55|0x00000000e3700000, 0x00000000e3800000, 0x00000000e3800000|100%|HC|  |TAMS 0x00000000e3700000| PB 0x00000000e3700000| Complete 
|  56|0x00000000e3800000, 0x00000000e3900000, 0x00000000e3900000|100%|HC|  |TAMS 0x00000000e3800000| PB 0x00000000e3800000| Complete 
|  57|0x00000000e3900000, 0x00000000e3a00000, 0x00000000e3a00000|100%|HC|  |TAMS 0x00000000e3900000| PB 0x00000000e3900000| Complete 
|  58|0x00000000e3a00000, 0x00000000e3b00000, 0x00000000e3b00000|100%|HC|  |TAMS 0x00000000e3a00000| PB 0x00000000e3a00000| Complete 
|  59|0x00000000e3b00000, 0x00000000e3c00000, 0x00000000e3c00000|100%|HC|  |TAMS 0x00000000e3b00000| PB 0x00000000e3b00000| Complete 
|  60|0x00000000e3c00000, 0x00000000e3d00000, 0x00000000e3d00000|100%|HC|  |TAMS 0x00000000e3c00000| PB 0x00000000e3c00000| Complete 
|  61|0x00000000e3d00000, 0x00000000e3e00000, 0x00000000e3e00000|100%|HC|  |TAMS 0x00000000e3d00000| PB 0x00000000e3d00000| Complete 
|  62|0x00000000e3e00000, 0x00000000e3f00000, 0x00000000e3f00000|100%|HC|  |TAMS 0x00000000e3e00000| PB 0x00000000e3e00000| Complete 
|  63|0x00000000e3f00000, 0x00000000e4000000, 0x00000000e4000000|100%|HC|  |TAMS 0x00000000e3f00000| PB 0x00000000e3f00000| Complete 
|  64|0x00000000e4000000, 0x00000000e4100000, 0x00000000e4100000|100%|HC|  |TAMS 0x00000000e4000000| PB 0x00000000e4000000| Complete 
|  65|0x00000000e4100000, 0x00000000e4200000, 0x00000000e4200000|100%|HC|  |TAMS 0x00000000e4100000| PB 0x00000000e4100000| Complete 
|  66|0x00000000e4200000, 0x00000000e4300000, 0x00000000e4300000|100%|HC|  |TAMS 0x00000000e4200000| PB 0x00000000e4200000| Complete 
|  67|0x00000000e4300000, 0x00000000e4400000, 0x00000000e4400000|100%|HC|  |TAMS 0x00000000e4300000| PB 0x00000000e4300000| Complete 
|  68|0x00000000e4400000, 0x00000000e4500000, 0x00000000e4500000|100%|HS|  |TAMS 0x00000000e4400000| PB 0x00000000e4400000| Complete 
|  69|0x00000000e4500000, 0x00000000e4600000, 0x00000000e4600000|100%| O|  |TAMS 0x00000000e4500000| PB 0x00000000e4500000| Untracked 
|  70|0x00000000e4600000, 0x00000000e4700000, 0x00000000e4700000|100%| O|  |TAMS 0x00000000e4600000| PB 0x00000000e4600000| Untracked 
|  71|0x00000000e4700000, 0x00000000e4800000, 0x00000000e4800000|100%| O|  |TAMS 0x00000000e4700000| PB 0x00000000e4700000| Untracked 
|  72|0x00000000e4800000, 0x00000000e4900000, 0x00000000e4900000|100%| O|  |TAMS 0x00000000e4800000| PB 0x00000000e4800000| Untracked 
|  73|0x00000000e4900000, 0x00000000e4a00000, 0x00000000e4a00000|100%| O|  |TAMS 0x00000000e4900000| PB 0x00000000e4900000| Untracked 
|  74|0x00000000e4a00000, 0x00000000e4b00000, 0x00000000e4b00000|100%| O|  |TAMS 0x00000000e4a00000| PB 0x00000000e4a00000| Untracked 
|  75|0x00000000e4b00000, 0x00000000e4c00000, 0x00000000e4c00000|100%| O|  |TAMS 0x00000000e4b00000| PB 0x00000000e4b00000| Untracked 
|  76|0x00000000e4c00000, 0x00000000e4c00000, 0x00000000e4d00000|  0%| F|  |TAMS 0x00000000e4c00000| PB 0x00000000e4c00000| Untracked 
|  77|0x00000000e4d00000, 0x00000000e4e00000, 0x00000000e4e00000|100%| O|  |TAMS 0x00000000e4d00000| PB 0x00000000e4d00000| Untracked 
|  78|0x00000000e4e00000, 0x00000000e4f00000, 0x00000000e4f00000|100%| O|Cm|TAMS 0x00000000e4e00000| PB 0x00000000e4e00000| Complete 
|  79|0x00000000e4f00000, 0x00000000e5000000, 0x00000000e5000000|100%| O|  |TAMS 0x00000000e4f00000| PB 0x00000000e4f00000| Untracked 
|  80|0x00000000e5000000, 0x00000000e509e390, 0x00000000e5100000| 61%| O|  |TAMS 0x00000000e5000000| PB 0x00000000e5000000| Untracked 
|  81|0x00000000e5100000, 0x00000000e5100000, 0x00000000e5200000|  0%| F|  |TAMS 0x00000000e5100000| PB 0x00000000e5100000| Untracked 
|  82|0x00000000e5200000, 0x00000000e5200000, 0x00000000e5300000|  0%| F|  |TAMS 0x00000000e5200000| PB 0x00000000e5200000| Untracked 
|  83|0x00000000e5300000, 0x00000000e5300000, 0x00000000e5400000|  0%| F|  |TAMS 0x00000000e5300000| PB 0x00000000e5300000| Untracked 
|  84|0x00000000e5400000, 0x00000000e5400000, 0x00000000e5500000|  0%| F|  |TAMS 0x00000000e5400000| PB 0x00000000e5400000| Untracked 
|  85|0x00000000e5500000, 0x00000000e5500000, 0x00000000e5600000|  0%| F|  |TAMS 0x00000000e5500000| PB 0x00000000e5500000| Untracked 
|  86|0x00000000e5600000, 0x00000000e5600000, 0x00000000e5700000|  0%| F|  |TAMS 0x00000000e5600000| PB 0x00000000e5600000| Untracked 
|  87|0x00000000e5700000, 0x00000000e5700000, 0x00000000e5800000|  0%| F|  |TAMS 0x00000000e5700000| PB 0x00000000e5700000| Untracked 
|  88|0x00000000e5800000, 0x00000000e5800000, 0x00000000e5900000|  0%| F|  |TAMS 0x00000000e5800000| PB 0x00000000e5800000| Untracked 
|  89|0x00000000e5900000, 0x00000000e5900000, 0x00000000e5a00000|  0%| F|  |TAMS 0x00000000e5900000| PB 0x00000000e5900000| Untracked 
|  90|0x00000000e5a00000, 0x00000000e5a00000, 0x00000000e5b00000|  0%| F|  |TAMS 0x00000000e5a00000| PB 0x00000000e5a00000| Untracked 
|  91|0x00000000e5b00000, 0x00000000e5b00000, 0x00000000e5c00000|  0%| F|  |TAMS 0x00000000e5b00000| PB 0x00000000e5b00000| Untracked 
|  92|0x00000000e5c00000, 0x00000000e5c00000, 0x00000000e5d00000|  0%| F|  |TAMS 0x00000000e5c00000| PB 0x00000000e5c00000| Untracked 
|  93|0x00000000e5d00000, 0x00000000e5d00000, 0x00000000e5e00000|  0%| F|  |TAMS 0x00000000e5d00000| PB 0x00000000e5d00000| Untracked 
|  94|0x00000000e5e00000, 0x00000000e5e00000, 0x00000000e5f00000|  0%| F|  |TAMS 0x00000000e5e00000| PB 0x00000000e5e00000| Untracked 
|  95|0x00000000e5f00000, 0x00000000e5f00000, 0x00000000e6000000|  0%| F|  |TAMS 0x00000000e5f00000| PB 0x00000000e5f00000| Untracked 
|  96|0x00000000e6000000, 0x00000000e605e8c0, 0x00000000e6100000| 36%| E|  |TAMS 0x00000000e6000000| PB 0x00000000e6000000| Complete 
|  97|0x00000000e6100000, 0x00000000e6200000, 0x00000000e6200000|100%| E|CS|TAMS 0x00000000e6100000| PB 0x00000000e6100000| Complete 
|  98|0x00000000e6200000, 0x00000000e6300000, 0x00000000e6300000|100%| E|CS|TAMS 0x00000000e6200000| PB 0x00000000e6200000| Complete 
|  99|0x00000000e6300000, 0x00000000e6400000, 0x00000000e6400000|100%| E|CS|TAMS 0x00000000e6300000| PB 0x00000000e6300000| Complete 
| 100|0x00000000e6400000, 0x00000000e6500000, 0x00000000e6500000|100%| E|CS|TAMS 0x00000000e6400000| PB 0x00000000e6400000| Complete 
| 101|0x00000000e6500000, 0x00000000e6600000, 0x00000000e6600000|100%| E|CS|TAMS 0x00000000e6500000| PB 0x00000000e6500000| Complete 
| 102|0x00000000e6600000, 0x00000000e6614a08, 0x00000000e6700000|  8%| S|CS|TAMS 0x00000000e6600000| PB 0x00000000e6600000| Complete 
| 103|0x00000000e6700000, 0x00000000e6800000, 0x00000000e6800000|100%| S|CS|TAMS 0x00000000e6700000| PB 0x00000000e6700000| Complete 
| 104|0x00000000e6800000, 0x00000000e6900000, 0x00000000e6900000|100%| S|CS|TAMS 0x00000000e6800000| PB 0x00000000e6800000| Complete 
| 105|0x00000000e6900000, 0x00000000e6a00000, 0x00000000e6a00000|100%| S|CS|TAMS 0x00000000e6900000| PB 0x00000000e6900000| Complete 
| 106|0x00000000e6a00000, 0x00000000e6b00000, 0x00000000e6b00000|100%| E|CS|TAMS 0x00000000e6a00000| PB 0x00000000e6a00000| Complete 
| 107|0x00000000e6b00000, 0x00000000e6c00000, 0x00000000e6c00000|100%| E|CS|TAMS 0x00000000e6b00000| PB 0x00000000e6b00000| Complete 
| 108|0x00000000e6c00000, 0x00000000e6d00000, 0x00000000e6d00000|100%| E|CS|TAMS 0x00000000e6c00000| PB 0x00000000e6c00000| Complete 
| 109|0x00000000e6d00000, 0x00000000e6e00000, 0x00000000e6e00000|100%| E|CS|TAMS 0x00000000e6d00000| PB 0x00000000e6d00000| Complete 
| 110|0x00000000e6e00000, 0x00000000e6f00000, 0x00000000e6f00000|100%| E|CS|TAMS 0x00000000e6e00000| PB 0x00000000e6e00000| Complete 
| 111|0x00000000e6f00000, 0x00000000e7000000, 0x00000000e7000000|100%| E|CS|TAMS 0x00000000e6f00000| PB 0x00000000e6f00000| Complete 
| 112|0x00000000e7000000, 0x00000000e7100000, 0x00000000e7100000|100%| E|CS|TAMS 0x00000000e7000000| PB 0x00000000e7000000| Complete 
| 113|0x00000000e7100000, 0x00000000e7200000, 0x00000000e7200000|100%| E|CS|TAMS 0x00000000e7100000| PB 0x00000000e7100000| Complete 
| 114|0x00000000e7200000, 0x00000000e7300000, 0x00000000e7300000|100%| E|CS|TAMS 0x00000000e7200000| PB 0x00000000e7200000| Complete 
| 115|0x00000000e7300000, 0x00000000e7400000, 0x00000000e7400000|100%| E|CS|TAMS 0x00000000e7300000| PB 0x00000000e7300000| Complete 
| 116|0x00000000e7400000, 0x00000000e7500000, 0x00000000e7500000|100%| E|CS|TAMS 0x00000000e7400000| PB 0x00000000e7400000| Complete 
| 117|0x00000000e7500000, 0x00000000e7600000, 0x00000000e7600000|100%| E|CS|TAMS 0x00000000e7500000| PB 0x00000000e7500000| Complete 
| 118|0x00000000e7600000, 0x00000000e7700000, 0x00000000e7700000|100%| E|CS|TAMS 0x00000000e7600000| PB 0x00000000e7600000| Complete 
| 119|0x00000000e7700000, 0x00000000e7800000, 0x00000000e7800000|100%| E|CS|TAMS 0x00000000e7700000| PB 0x00000000e7700000| Complete 
| 120|0x00000000e7800000, 0x00000000e7900000, 0x00000000e7900000|100%| E|CS|TAMS 0x00000000e7800000| PB 0x00000000e7800000| Complete 
| 121|0x00000000e7900000, 0x00000000e7a00000, 0x00000000e7a00000|100%| E|CS|TAMS 0x00000000e7900000| PB 0x00000000e7900000| Complete 
| 122|0x00000000e7a00000, 0x00000000e7b00000, 0x00000000e7b00000|100%| E|CS|TAMS 0x00000000e7a00000| PB 0x00000000e7a00000| Complete 
| 123|0x00000000e7b00000, 0x00000000e7c00000, 0x00000000e7c00000|100%| E|CS|TAMS 0x00000000e7b00000| PB 0x00000000e7b00000| Complete 
| 124|0x00000000e7c00000, 0x00000000e7d00000, 0x00000000e7d00000|100%| E|CS|TAMS 0x00000000e7c00000| PB 0x00000000e7c00000| Complete 
| 125|0x00000000e7d00000, 0x00000000e7e00000, 0x00000000e7e00000|100%| E|CS|TAMS 0x00000000e7d00000| PB 0x00000000e7d00000| Complete 
| 126|0x00000000e7e00000, 0x00000000e7f00000, 0x00000000e7f00000|100%| E|CS|TAMS 0x00000000e7e00000| PB 0x00000000e7e00000| Complete 
| 127|0x00000000e7f00000, 0x00000000e8000000, 0x00000000e8000000|100%| E|CS|TAMS 0x00000000e7f00000| PB 0x00000000e7f00000| Complete 
| 128|0x00000000e8000000, 0x00000000e8100000, 0x00000000e8100000|100%| E|CS|TAMS 0x00000000e8000000| PB 0x00000000e8000000| Complete 
| 129|0x00000000e8100000, 0x00000000e8200000, 0x00000000e8200000|100%| E|CS|TAMS 0x00000000e8100000| PB 0x00000000e8100000| Complete 
| 130|0x00000000e8200000, 0x00000000e8300000, 0x00000000e8300000|100%| E|CS|TAMS 0x00000000e8200000| PB 0x00000000e8200000| Complete 
| 131|0x00000000e8300000, 0x00000000e8400000, 0x00000000e8400000|100%| E|CS|TAMS 0x00000000e8300000| PB 0x00000000e8300000| Complete 
| 132|0x00000000e8400000, 0x00000000e8500000, 0x00000000e8500000|100%| E|CS|TAMS 0x00000000e8400000| PB 0x00000000e8400000| Complete 
| 133|0x00000000e8500000, 0x00000000e8600000, 0x00000000e8600000|100%| E|CS|TAMS 0x00000000e8500000| PB 0x00000000e8500000| Complete 
| 134|0x00000000e8600000, 0x00000000e8700000, 0x00000000e8700000|100%| E|CS|TAMS 0x00000000e8600000| PB 0x00000000e8600000| Complete 
| 135|0x00000000e8700000, 0x00000000e8800000, 0x00000000e8800000|100%| E|CS|TAMS 0x00000000e8700000| PB 0x00000000e8700000| Complete 
| 312|0x00000000f3800000, 0x00000000f3900000, 0x00000000f3900000|100%| E|CS|TAMS 0x00000000f3800000| PB 0x00000000f3800000| Complete 
| 313|0x00000000f3900000, 0x00000000f3a00000, 0x00000000f3a00000|100%| E|CS|TAMS 0x00000000f3900000| PB 0x00000000f3900000| Complete 
| 314|0x00000000f3a00000, 0x00000000f3b00000, 0x00000000f3b00000|100%| E|CS|TAMS 0x00000000f3a00000| PB 0x00000000f3a00000| Complete 
| 383|0x00000000f7f00000, 0x00000000f8000000, 0x00000000f8000000|100%| E|CS|TAMS 0x00000000f7f00000| PB 0x00000000f7f00000| Complete 

Card table byte_map: [0x0000024b7a200000,0x0000024b7a300000] _byte_map_base: 0x0000024b79b00000

Marking Bits: (CMBitMap*) 0x0000024b710a68b0
 Bits: [0x0000024b7a300000, 0x0000024b7ab00000)

Polling page: 0x0000024b6f0a0000

Metaspace:

Usage:
  Non-class:     71.09 MB used.
      Class:      7.93 MB used.
       Both:     79.02 MB used.

Virtual space:
  Non-class space:      128.00 MB reserved,      73.81 MB ( 58%) committed,  2 nodes.
      Class space:        1.00 GB reserved,      10.00 MB ( <1%) committed,  1 nodes.
             Both:        1.12 GB reserved,      83.81 MB (  7%) committed. 

Chunk freelists:
   Non-Class:  6.02 MB
       Class:  5.88 MB
        Both:  11.89 MB

MaxMetaspaceSize: unlimited
CompressedClassSpaceSize: 1.00 GB
Initial GC threshold: 21.00 MB
Current GC threshold: 120.25 MB
CDS: on
 - commit_granule_bytes: 65536.
 - commit_granule_words: 8192.
 - virtual_space_node_default_size: 8388608.
 - enlarge_chunks_in_place: 1.
 - use_allocation_guard: 0.


Internal statistics:

num_allocs_failed_limit: 12.
num_arena_births: 8472.
num_arena_deaths: 0.
num_vsnodes_births: 3.
num_vsnodes_deaths: 0.
num_space_committed: 1335.
num_space_uncommitted: 0.
num_chunks_returned_to_freelist: 12.
num_chunks_taken_from_freelist: 11983.
num_chunk_merges: 12.
num_chunk_splits: 8190.
num_chunks_enlarged: 5132.
num_inconsistent_stats: 0.

CodeHeap 'non-profiled nmethods': size=119168Kb used=4482Kb max_used=4482Kb free=114685Kb
 bounds [0x0000024b07ba0000, 0x0000024b08010000, 0x0000024b0f000000]
CodeHeap 'profiled nmethods': size=119104Kb used=11123Kb max_used=11123Kb free=107980Kb
 bounds [0x0000024b00000000, 0x0000024b00ae0000, 0x0000024b07450000]
CodeHeap 'non-nmethods': size=7488Kb used=4354Kb max_used=4370Kb free=3133Kb
 bounds [0x0000024b07450000, 0x0000024b078a0000, 0x0000024b07ba0000]
CodeCache: size=245760Kb, used=19959Kb, max_used=19975Kb, free=225798Kb
 total_blobs=8149, nmethods=6413, adapters=1637, full_count=0
Compilation: enabled, stopped_count=0, restarted_count=0

Compilation events (20 events):
Event: 32.998 Thread 0x0000024b7dcdffe0 nmethod 7307 0x0000024b00ac2610 code [0x0000024b00ac2800, 0x0000024b00ac2c98]
Event: 32.999 Thread 0x0000024b7dce28c0 7309       3       kotlinx.coroutines.JobSupportKt::access$getCOMPLETING_RETRY$p (4 bytes)
Event: 32.999 Thread 0x0000024b7dce28c0 nmethod 7309 0x0000024b00ac2e10 code [0x0000024b00ac2fa0, 0x0000024b00ac3098]
Event: 32.999 Thread 0x0000024b7dcdffe0 7310       3       kotlinx.coroutines.JobSupport::tryMakeCompleting (67 bytes)
Event: 33.000 Thread 0x0000024b7dce2f90 7311       3       kotlinx.coroutines.JobSupport::onCancelling (1 bytes)
Event: 33.000 Thread 0x0000024b7dce2f90 nmethod 7311 0x0000024b00ac3110 code [0x0000024b00ac32a0, 0x0000024b00ac33a8]
Event: 33.000 Thread 0x0000024b7dce06b0 7312       3       kotlinx.coroutines.JobSupportKt::boxIncomplete (23 bytes)
Event: 33.000 Thread 0x0000024b7dcdffe0 nmethod 7310 0x0000024b00ac3410 code [0x0000024b00ac3640, 0x0000024b00ac4120]
Event: 33.000 Thread 0x0000024b7dce2f90 7313   !   3       kotlinx.coroutines.JobSupport::completeStateFinalization (155 bytes)
Event: 33.000 Thread 0x0000024b7dce28c0 7314       3       kotlinx.coroutines.CompletionStateKt::toState (31 bytes)
Event: 33.001 Thread 0x0000024b7dce06b0 nmethod 7312 0x0000024b00ac4290 code [0x0000024b00ac4460, 0x0000024b00ac4888]
Event: 33.001 Thread 0x0000024b7dce28c0 nmethod 7314 0x0000024b00ac4990 code [0x0000024b00ac4b80, 0x0000024b00ac5178]
Event: 33.002 Thread 0x0000024b7dce2f90 nmethod 7313 0x0000024b00ac5310 code [0x0000024b00ac56e0, 0x0000024b00ac7018]
Event: 33.002 Thread 0x0000024b7dbeb560 7315       4       org.robolectric.android.AndroidSdkShadowMatcher::matches (103 bytes)
Event: 33.003 Thread 0x0000024b7dce06b0 7317       3       java.lang.invoke.LambdaForm$MH/0x0000024b1023c000::guard (103 bytes)
Event: 33.003 Thread 0x0000024b7dcdffe0 7316       3       java.lang.invoke.LambdaForm$MH/0x0000024b1023c400::linkToCallSite (21 bytes)
Event: 33.003 Thread 0x0000024b7dce2f90 7318   !   3       java.lang.invoke.LambdaForm$MH/0x0000024b10239c00::guardWithCatch (79 bytes)
Event: 33.003 Thread 0x0000024b7dcdffe0 nmethod 7316 0x0000024b00ac7810 code [0x0000024b00ac7a00, 0x0000024b00ac7e98]
Event: 33.003 Thread 0x0000024b7dce06b0 nmethod 7317 0x0000024b00ac8010 code [0x0000024b00ac8240, 0x0000024b00ac8ae0]
Event: 33.003 Thread 0x0000024b7dce2f90 nmethod 7318 0x0000024b00ac8d10 code [0x0000024b00ac8f20, 0x0000024b00ac9758]

GC Heap History (20 events):
Event: 19.821 GC heap before
{Heap before GC invocations=6 (full 0):
 garbage-first heap   total 122880K, used 102003K [0x00000000e0000000, 0x0000000100000000)
  region size 1024K, 68 young (69632K), 3 survivors (3072K)
 Metaspace       used 34160K, committed 35968K, reserved 1114112K
  class space    used 3584K, committed 4352K, reserved 1048576K
}
Event: 19.837 GC heap after
{Heap after GC invocations=7 (full 0):
 garbage-first heap   total 122880K, used 42885K [0x00000000e0000000, 0x0000000100000000)
  region size 1024K, 9 young (9216K), 9 survivors (9216K)
 Metaspace       used 34160K, committed 35968K, reserved 1114112K
  class space    used 3584K, committed 4352K, reserved 1048576K
}
Event: 19.855 GC heap before
{Heap before GC invocations=7 (full 0):
 garbage-first heap   total 122880K, used 42885K [0x00000000e0000000, 0x0000000100000000)
  region size 1024K, 10 young (10240K), 9 survivors (9216K)
 Metaspace       used 34527K, committed 36288K, reserved 1114112K
  class space    used 3594K, committed 4352K, reserved 1048576K
}
Event: 19.867 GC heap after
{Heap after GC invocations=8 (full 0):
 garbage-first heap   total 122880K, used 43518K [0x00000000e0000000, 0x0000000100000000)
  region size 1024K, 1 young (1024K), 1 survivors (1024K)
 Metaspace       used 34527K, committed 36288K, reserved 1114112K
  class space    used 3594K, committed 4352K, reserved 1048576K
}
Event: 19.891 GC heap before
{Heap before GC invocations=8 (full 0):
 garbage-first heap   total 122880K, used 44542K [0x00000000e0000000, 0x0000000100000000)
  region size 1024K, 3 young (3072K), 1 survivors (1024K)
 Metaspace       used 34804K, committed 36608K, reserved 1114112K
  class space    used 3614K, committed 4416K, reserved 1048576K
}
Event: 19.898 GC heap after
{Heap after GC invocations=9 (full 0):
 garbage-first heap   total 122880K, used 43137K [0x00000000e0000000, 0x0000000100000000)
  region size 1024K, 1 young (1024K), 1 survivors (1024K)
 Metaspace       used 34804K, committed 36608K, reserved 1114112K
  class space    used 3614K, committed 4416K, reserved 1048576K
}
Event: 21.632 GC heap before
{Heap before GC invocations=10 (full 0):
 garbage-first heap   total 122880K, used 121985K [0x00000000e0000000, 0x0000000100000000)
  region size 1024K, 51 young (52224K), 1 survivors (1024K)
 Metaspace       used 44029K, committed 46272K, reserved 1114112K
  class space    used 4295K, committed 5248K, reserved 1048576K
}
Event: 21.646 GC heap after
{Heap after GC invocations=11 (full 0):
 garbage-first heap   total 131072K, used 70184K [0x00000000e0000000, 0x0000000100000000)
  region size 1024K, 8 young (8192K), 8 survivors (8192K)
 Metaspace       used 44029K, committed 46272K, reserved 1114112K
  class space    used 4295K, committed 5248K, reserved 1048576K
}
Event: 23.357 GC heap before
{Heap before GC invocations=11 (full 0):
 garbage-first heap   total 131072K, used 114216K [0x00000000e0000000, 0x0000000100000000)
  region size 1024K, 50 young (51200K), 8 survivors (8192K)
 Metaspace       used 51706K, committed 54656K, reserved 1114112K
  class space    used 5049K, committed 6336K, reserved 1048576K
}
Event: 23.371 GC heap after
{Heap after GC invocations=12 (full 0):
 garbage-first heap   total 131072K, used 75908K [0x00000000e0000000, 0x0000000100000000)
  region size 1024K, 5 young (5120K), 5 survivors (5120K)
 Metaspace       used 51706K, committed 54656K, reserved 1114112K
  class space    used 5049K, committed 6336K, reserved 1048576K
}
Event: 23.834 GC heap before
{Heap before GC invocations=12 (full 0):
 garbage-first heap   total 131072K, used 88196K [0x00000000e0000000, 0x0000000100000000)
  region size 1024K, 18 young (18432K), 5 survivors (5120K)
 Metaspace       used 53184K, committed 56512K, reserved 1114112K
  class space    used 5268K, committed 6720K, reserved 1048576K
}
Event: 23.845 GC heap after
{Heap after GC invocations=13 (full 0):
 garbage-first heap   total 131072K, used 77590K [0x00000000e0000000, 0x0000000100000000)
  region size 1024K, 2 young (2048K), 2 survivors (2048K)
 Metaspace       used 53184K, committed 56512K, reserved 1114112K
  class space    used 5268K, committed 6720K, reserved 1048576K
}
Event: 25.320 GC heap before
{Heap before GC invocations=14 (full 0):
 garbage-first heap   total 132096K, used 115478K [0x00000000e0000000, 0x0000000100000000)
  region size 1024K, 38 young (38912K), 2 survivors (2048K)
 Metaspace       used 60496K, committed 64064K, reserved 1114112K
  class space    used 5856K, committed 7424K, reserved 1048576K
}
Event: 25.327 GC heap after
{Heap after GC invocations=15 (full 0):
 garbage-first heap   total 132096K, used 79107K [0x00000000e0000000, 0x0000000100000000)
  region size 1024K, 4 young (4096K), 4 survivors (4096K)
 Metaspace       used 60496K, committed 64064K, reserved 1114112K
  class space    used 5856K, committed 7424K, reserved 1048576K
}
Event: 27.010 GC heap before
{Heap before GC invocations=15 (full 0):
 garbage-first heap   total 132096K, used 115971K [0x00000000e0000000, 0x0000000100000000)
  region size 1024K, 41 young (41984K), 4 survivors (4096K)
 Metaspace       used 65332K, committed 69440K, reserved 1114112K
  class space    used 6466K, committed 8256K, reserved 1048576K
}
Event: 27.029 GC heap after
{Heap after GC invocations=16 (full 0):
 garbage-first heap   total 132096K, used 81428K [0x00000000e0000000, 0x0000000100000000)
  region size 1024K, 5 young (5120K), 5 survivors (5120K)
 Metaspace       used 65332K, committed 69440K, reserved 1114112K
  class space    used 6466K, committed 8256K, reserved 1048576K
}
Event: 29.498 GC heap before
{Heap before GC invocations=16 (full 0):
 garbage-first heap   total 132096K, used 109076K [0x00000000e0000000, 0x0000000100000000)
  region size 1024K, 34 young (34816K), 5 survivors (5120K)
 Metaspace       used 69063K, committed 73472K, reserved 1114112K
  class space    used 7013K, committed 8960K, reserved 1048576K
}
Event: 29.520 GC heap after
{Heap after GC invocations=17 (full 0):
 garbage-first heap   total 132096K, used 83973K [0x00000000e0000000, 0x0000000100000000)
  region size 1024K, 6 young (6144K), 6 survivors (6144K)
 Metaspace       used 69063K, committed 73472K, reserved 1114112K
  class space    used 7013K, committed 8960K, reserved 1048576K
}
Event: 31.477 GC heap before
{Heap before GC invocations=18 (full 0):
 garbage-first heap   total 143360K, used 118789K [0x00000000e0000000, 0x0000000100000000)
  region size 1024K, 40 young (40960K), 6 survivors (6144K)
 Metaspace       used 74625K, committed 79232K, reserved 1179648K
  class space    used 7511K, committed 9536K, reserved 1048576K
}
Event: 31.487 GC heap after
{Heap after GC invocations=19 (full 0):
 garbage-first heap   total 143360K, used 84683K [0x00000000e0000000, 0x0000000100000000)
  region size 1024K, 4 young (4096K), 4 survivors (4096K)
 Metaspace       used 74625K, committed 79232K, reserved 1179648K
  class space    used 7511K, committed 9536K, reserved 1048576K
}

Dll operation events (20 events):
Event: 0.102 Attempting to load shared library C:\Users\dev\AppData\Local\Java\jdk-21.0.12.1+1\bin\jsvml.dll
Event: 0.104 Loaded shared library C:\Users\dev\AppData\Local\Java\jdk-21.0.12.1+1\bin\jsvml.dll
Event: 0.877 Attempting to load shared library C:\Users\dev\AppData\Local\Java\jdk-21.0.12.1+1\bin\net.dll
Event: 0.880 Loaded shared library C:\Users\dev\AppData\Local\Java\jdk-21.0.12.1+1\bin\net.dll
Event: 0.892 Attempting to load shared library C:\Users\dev\AppData\Local\Java\jdk-21.0.12.1+1\bin\nio.dll
Event: 0.895 Loaded shared library C:\Users\dev\AppData\Local\Java\jdk-21.0.12.1+1\bin\nio.dll
Event: 0.909 Attempting to load shared library C:\Users\dev\AppData\Local\Java\jdk-21.0.12.1+1\bin\zip.dll
Event: 0.910 Loaded shared library C:\Users\dev\AppData\Local\Java\jdk-21.0.12.1+1\bin\zip.dll
Event: 1.437 Attempting to load shared library C:\Users\dev\AppData\Local\Java\jdk-21.0.12.1+1\bin\jimage.dll
Event: 1.437 Loaded shared library C:\Users\dev\AppData\Local\Java\jdk-21.0.12.1+1\bin\jimage.dll
Event: 2.852 Attempting to load shared library C:\Users\dev\AppData\Local\Java\jdk-21.0.12.1+1\bin\extnet.dll
Event: 2.853 Loaded shared library C:\Users\dev\AppData\Local\Java\jdk-21.0.12.1+1\bin\extnet.dll
Event: 3.249 Attempting to load shared library C:\Users\dev\AppData\Local\Java\jdk-21.0.12.1+1\bin\sunmscapi.dll
Event: 3.254 Loaded shared library C:\Users\dev\AppData\Local\Java\jdk-21.0.12.1+1\bin\sunmscapi.dll
Event: 3.525 Attempting to load shared library C:\Users\dev\AppData\Local\Java\jdk-21.0.12.1+1\bin\verify.dll
Event: 3.527 Loaded shared library C:\Users\dev\AppData\Local\Java\jdk-21.0.12.1+1\bin\verify.dll
Event: 15.479 Attempting to load shared library C:\Users\dev\AppData\Local\Temp\robolectric-nativeruntime4550836032717526611\libandroid_runtime.dll
Event: 16.417 Loaded shared library C:\Users\dev\AppData\Local\Temp\robolectric-nativeruntime4550836032717526611\libandroid_runtime.dll
Event: 19.139 Attempting to load shared library C:\Users\dev\AppData\Local\Temp\conscrypt_openjdk_jni-windows-x86_6417911147608600000.dll
Event: 19.245 Loaded shared library C:\Users\dev\AppData\Local\Temp\conscrypt_openjdk_jni-windows-x86_6417911147608600000.dll

Deoptimization events (20 events):
Event: 31.766 Thread 0x0000024b7edcd5a0 DEOPT PACKING pc=0x0000024b07fbe8fc sp=0x000000fea9cfca80
Event: 31.766 Thread 0x0000024b7edcd5a0 DEOPT UNPACKING pc=0x0000024b074a4422 sp=0x000000fea9cfc9b8 mode 2
Event: 31.811 Thread 0x0000024b7edcd5a0 Uncommon trap: trap_request=0xffffff45 fr.pc=0x0000024b07e7b704 relative=0x0000000000001ea4
Event: 31.811 Thread 0x0000024b7edcd5a0 Uncommon trap: reason=unstable_if action=reinterpret pc=0x0000024b07e7b704 method=org.robolectric.android.AndroidSdkShadowMatcher.matches(Ljava/lang/reflect/Method;)Z @ 34 c2
Event: 31.811 Thread 0x0000024b7edcd5a0 DEOPT PACKING pc=0x0000024b07e7b704 sp=0x000000fea9cface0
Event: 31.811 Thread 0x0000024b7edcd5a0 DEOPT UNPACKING pc=0x0000024b074a4422 sp=0x000000fea9cfaca8 mode 2
Event: 32.162 Thread 0x0000024b7edcd5a0 Uncommon trap: trap_request=0xfffffff4 fr.pc=0x0000024b07fe44b0 relative=0x00000000000001d0
Event: 32.162 Thread 0x0000024b7edcd5a0 Uncommon trap: reason=null_check action=make_not_entrant pc=0x0000024b07fe44b0 method=java.lang.invoke.InvokerBytecodeGenerator.isStaticallyNameable(Ljava/lang/Class;)Z @ 11 c2
Event: 32.162 Thread 0x0000024b7edcd5a0 DEOPT PACKING pc=0x0000024b07fe44b0 sp=0x000000fea9cfa100
Event: 32.162 Thread 0x0000024b7edcd5a0 DEOPT UNPACKING pc=0x0000024b074a4422 sp=0x000000fea9cfa070 mode 2
Event: 32.382 Thread 0x0000024b7edcd5a0 DEOPT PACKING pc=0x0000024b005a6817 sp=0x000000fea9cfaeb0
Event: 32.383 Thread 0x0000024b7edcd5a0 DEOPT UNPACKING pc=0x0000024b074a4bc2 sp=0x000000fea9cfa3c0 mode 0
Event: 32.918 Thread 0x0000024b7edcd5a0 Uncommon trap: trap_request=0xffffff45 fr.pc=0x0000024b07c9aadc relative=0x000000000000309c
Event: 32.918 Thread 0x0000024b7edcd5a0 Uncommon trap: reason=unstable_if action=reinterpret pc=0x0000024b07c9aadc method=java.lang.CharacterDataLatin1.equalsIgnoreCase(BB)Z @ 24 c2
Event: 32.919 Thread 0x0000024b7edcd5a0 DEOPT PACKING pc=0x0000024b07c9aadc sp=0x000000fea9cfa920
Event: 32.919 Thread 0x0000024b7edcd5a0 DEOPT UNPACKING pc=0x0000024b074a4422 sp=0x000000fea9cfa710 mode 2
Event: 32.968 Thread 0x0000024b7edcd5a0 Uncommon trap: trap_request=0xffffff45 fr.pc=0x0000024b07c14290 relative=0x0000000000000370
Event: 32.969 Thread 0x0000024b7edcd5a0 Uncommon trap: reason=unstable_if action=reinterpret pc=0x0000024b07c14290 method=sun.reflect.annotation.AnnotationInvocationHandler.invoke(Ljava/lang/Object;Ljava/lang/reflect/Method;[Ljava/lang/Object;)Ljava/lang/Object; @ 160 c2
Event: 32.969 Thread 0x0000024b7edcd5a0 DEOPT PACKING pc=0x0000024b07c14290 sp=0x000000fea9cfbfc0
Event: 32.969 Thread 0x0000024b7edcd5a0 DEOPT UNPACKING pc=0x0000024b074a4422 sp=0x000000fea9cfbf60 mode 2

Classes loaded (20 events):
Event: 31.754 Loading class java/lang/invoke/BoundMethodHandle$Species_LLLLLLLLLLLLLLL
Event: 31.754 Loading class java/lang/invoke/BoundMethodHandle$Species_LLLLLLLLLLLLLLL done
Event: 31.757 Loading class java/lang/invoke/BoundMethodHandle$Species_LLLLLLLLLLLLLLLL
Event: 31.757 Loading class java/lang/invoke/BoundMethodHandle$Species_LLLLLLLLLLLLLLLL done
Event: 31.761 Loading class java/lang/invoke/BoundMethodHandle$Species_LLLLLLLLLLLLLLLLL
Event: 31.761 Loading class java/lang/invoke/BoundMethodHandle$Species_LLLLLLLLLLLLLLLLL done
Event: 32.210 Loading class java/nio/BufferUnderflowException
Event: 32.210 Loading class java/nio/BufferUnderflowException done
Event: 32.881 Loading class java/util/zip/DataFormatException
Event: 32.883 Loading class java/util/zip/DataFormatException done
Event: 32.885 Loading class java/lang/StackTraceElement$HashedModules
Event: 32.885 Loading class java/lang/StackTraceElement$HashedModules done
Event: 32.981 Loading class jdk/internal/classfile/ClassBuilder
Event: 32.981 Loading class jdk/internal/classfile/ClassfileBuilder
Event: 32.981 Loading class jdk/internal/classfile/ClassfileBuilder done
Event: 32.981 Loading class jdk/internal/classfile/ClassBuilder done
Event: 32.981 Loading class jdk/internal/classfile/ClassElement
Event: 32.981 Loading class jdk/internal/classfile/ClassfileElement
Event: 32.982 Loading class jdk/internal/classfile/ClassfileElement done
Event: 32.982 Loading class jdk/internal/classfile/ClassElement done

Classes unloaded (0 events):
No events

Classes redefined (0 events):
No events

Internal exceptions (20 events):
Event: 32.471 Thread 0x0000024b7edcd5a0 Exception <a 'java/lang/NoSuchMethodError'{0x00000000e6c0ca80}: 'java.lang.Object java.lang.invoke.DelegatingMethodHandle$Holder.delegate(java.lang.Object, java.lang.Object, java.lang.Object, int, int, int, int, java.lang.Object, int, int)'> (0x00000000e6c0ca80) 
thrown [s\src\hotspot\share\interpreter\linkResolver.cpp, line 773]
Event: 32.473 Thread 0x0000024b7edcd5a0 Exception <a 'java/lang/NoSuchMethodError'{0x00000000e6c19b68}: 'void java.lang.invoke.DirectMethodHandle$Holder.invokeSpecial(java.lang.Object, java.lang.Object, java.lang.Object, int, int, int, int, java.lang.Object, int, int)'> (0x00000000e6c19b68) 
thrown [s\src\hotspot\share\interpreter\linkResolver.cpp, line 773]
Event: 32.473 Thread 0x0000024b7edcd5a0 Exception <a 'java/lang/NoSuchMethodError'{0x00000000e6c1d9b0}: 'void java.lang.invoke.Invokers$Holder.exactInvoker(java.lang.Object, java.lang.Object, java.lang.Object, int, int, int, int, java.lang.Object, int, int)'> (0x00000000e6c1d9b0) 
thrown [s\src\hotspot\share\interpreter\linkResolver.cpp, line 773]
Event: 32.474 Thread 0x0000024b7edcd5a0 Exception <a 'java/lang/NoSuchMethodError'{0x00000000e6c258a0}: 'void java.lang.invoke.DelegatingMethodHandle$Holder.delegate(java.lang.Object, java.lang.Object, java.lang.Object, int, int, int, int, java.lang.Object, int, int)'> (0x00000000e6c258a0) 
thrown [s\src\hotspot\share\interpreter\linkResolver.cpp, line 773]
Event: 32.675 Thread 0x0000024b7edcd5a0 Exception <a 'java/lang/NoSuchMethodError'{0x00000000e6b267e0}: 'float java.lang.invoke.DirectMethodHandle$Holder.invokeStatic(java.lang.Object, int, float, java.lang.Object)'> (0x00000000e6b267e0) 
thrown [s\src\hotspot\share\interpreter\linkResolver.cpp, line 773]
Event: 32.680 Thread 0x0000024b7edcd5a0 Exception <a 'java/lang/NoSuchMethodError'{0x00000000e6b3cfa0}: 'java.lang.Object java.lang.invoke.DelegatingMethodHandle$Holder.delegate(java.lang.Object, java.lang.Object, int, float, java.lang.Object)'> (0x00000000e6b3cfa0) 
thrown [s\src\hotspot\share\interpreter\linkResolver.cpp, line 773]
Event: 32.681 Thread 0x0000024b7edcd5a0 Exception <a 'java/lang/NoSuchMethodError'{0x00000000e6b49020}: 'float java.lang.invoke.DirectMethodHandle$Holder.invokeSpecial(java.lang.Object, java.lang.Object, int, float, java.lang.Object)'> (0x00000000e6b49020) 
thrown [s\src\hotspot\share\interpreter\linkResolver.cpp, line 773]
Event: 32.681 Thread 0x0000024b7edcd5a0 Exception <a 'java/lang/NoSuchMethodError'{0x00000000e6b4cda8}: 'float java.lang.invoke.Invokers$Holder.exactInvoker(java.lang.Object, java.lang.Object, int, float, java.lang.Object)'> (0x00000000e6b4cda8) 
thrown [s\src\hotspot\share\interpreter\linkResolver.cpp, line 773]
Event: 32.682 Thread 0x0000024b7edcd5a0 Exception <a 'java/lang/NoSuchMethodError'{0x00000000e6b54778}: 'float java.lang.invoke.DelegatingMethodHandle$Holder.delegate(java.lang.Object, java.lang.Object, int, float, java.lang.Object)'> (0x00000000e6b54778) 
thrown [s\src\hotspot\share\interpreter\linkResolver.cpp, line 773]
Event: 32.685 Thread 0x0000024b7edcd5a0 Exception <a 'java/lang/NoSuchMethodError'{0x00000000e6b6ed78}: 'float java.lang.invoke.DirectMethodHandle$Holder.invokeSpecial(java.lang.Object, java.lang.Object)'> (0x00000000e6b6ed78) 
thrown [s\src\hotspot\share\interpreter\linkResolver.cpp, line 773]
Event: 32.743 Thread 0x0000024b7edcd5a0 Exception <a 'java/lang/NoSuchMethodError'{0x00000000e65b41e8}: 'void java.lang.invoke.DelegatingMethodHandle$Holder.delegate(java.lang.Object, java.lang.Object, int, java.lang.Object, int)'> (0x00000000e65b41e8) 
thrown [s\src\hotspot\share\interpreter\linkResolver.cpp, line 773]
Event: 32.855 Thread 0x0000024b7edcd5a0 Exception <a 'java/lang/NoSuchMethodError'{0x00000000e6484de8}: 'void java.lang.invoke.DelegatingMethodHandle$Holder.reinvoke_L(java.lang.Object, java.lang.Object, java.lang.Object, java.lang.Object, int, int)'> (0x00000000e6484de8) 
thrown [s\src\hotspot\share\interpreter\linkResolver.cpp, line 773]
Event: 32.860 Thread 0x0000024b7edcd5a0 Exception <a 'java/lang/NoSuchMethodError'{0x00000000e64b73b8}: 'java.lang.Object java.lang.invoke.Invokers$Holder.exactInvoker(java.lang.Object, java.lang.Object, java.lang.Object, java.lang.Object, java.lang.Object, int, int)'> (0x00000000e64b73b8) 
thrown [s\src\hotspot\share\interpreter\linkResolver.cpp, line 773]
Event: 32.865 Thread 0x0000024b7edcd5a0 Exception <a 'java/lang/NoSuchMethodError'{0x00000000e64c75c8}: 'java.lang.Object java.lang.invoke.Invokers$Holder.linkToCallSite(java.lang.Object, java.lang.Object, java.lang.Object, int, int, java.lang.Object)'> (0x00000000e64c75c8) 
thrown [s\src\hotspot\share\interpreter\linkResolver.cpp, line 773]
Event: 32.869 Thread 0x0000024b7edcd5a0 Exception <a 'java/lang/NoSuchMethodError'{0x00000000e64e55a0}: 'java.lang.Object java.lang.invoke.DelegatingMethodHandle$Holder.delegate(java.lang.Object, java.lang.Object, java.lang.Object, java.lang.Object, java.lang.Object, java.lang.Object, java.lang.Object, int, int)'> (0x00000000e64e55a0) 
thrown [s\src\hotspot\share\interpreter\linkResolver.cpp, line 773]
Event: 32.872 Thread 0x0000024b7edcd5a0 Exception <a 'java/lang/NoSuchMethodError'{0x00000000e64f1898}: 'void java.lang.invoke.Invokers$Holder.exactInvoker(java.lang.Object, java.lang.Object, java.lang.Object, java.lang.Object, java.lang.Object, java.lang.Object, java.lang.Object, int, int)'> (0x00000000e64f1898) 
thrown [s\src\hotspot\share\interpreter\linkResolver.cpp, line 773]
Event: 32.873 Thread 0x0000024b7edcd5a0 Exception <a 'java/lang/NoSuchMethodError'{0x00000000e64fa3a8}: 'void java.lang.invoke.DelegatingMethodHandle$Holder.delegate(java.lang.Object, java.lang.Object, java.lang.Object, java.lang.Object, java.lang.Object, java.lang.Object, java.lang.Object, int, int)'> (0x00000000e64fa3a8) 
thrown [s\src\hotspot\share\interpreter\linkResolver.cpp, line 773]
Event: 32.880 Thread 0x0000024b7edcd5a0 Exception <a 'java/lang/NoSuchMethodError'{0x00000000e6311b40}: 'void java.lang.invoke.Invokers$Holder.linkToCallSite(java.lang.Object, java.lang.Object, java.lang.Object, java.lang.Object, java.lang.Object, int, int, java.lang.Object)'> (0x00000000e6311b40) 
thrown [s\src\hotspot\share\interpreter\linkResolver.cpp, line 773]
Event: 32.881 Thread 0x0000024b7edcd5a0 Exception <a 'java/io/IOException'{0x00000000e63204d0}> (0x00000000e63204d0) 
thrown [s\src\hotspot\share\prims\jni.cpp, line 520]
Event: 32.884 Thread 0x0000024b7edcd5a0 Exception <a 'java/lang/NoClassDefFoundError'{0x00000000e6321e20}: android/view/accessibility/Flags> (0x00000000e6321e20) 
thrown [s\src\hotspot\share\classfile\systemDictionary.cpp, line 302]

ZGC Phase Switch (0 events):
No events

VM Operations (20 events):
Event: 28.730 Executing safepoint VM operation: Cleanup
Event: 28.731 Executing safepoint VM operation: Cleanup done
Event: 28.935 Executing non-safepoint VM operation: HandshakeAllThreads (Deoptimize)
Event: 28.947 Executing non-safepoint VM operation: HandshakeAllThreads (Deoptimize) done
Event: 29.497 Executing safepoint VM operation: G1TryInitiateConcMark (G1 Humongous Allocation)
Event: 29.520 Executing safepoint VM operation: G1TryInitiateConcMark (G1 Humongous Allocation) done
Event: 29.553 Executing safepoint VM operation: G1PauseRemark
Event: 29.589 Executing safepoint VM operation: G1PauseRemark done
Event: 29.608 Executing safepoint VM operation: G1PauseCleanup
Event: 29.609 Executing safepoint VM operation: G1PauseCleanup done
Event: 30.262 Executing non-safepoint VM operation: HandshakeAllThreads (Deoptimize)
Event: 30.262 Executing non-safepoint VM operation: HandshakeAllThreads (Deoptimize) done
Event: 30.685 Executing non-safepoint VM operation: HandshakeAllThreads (Deoptimize)
Event: 30.686 Executing non-safepoint VM operation: HandshakeAllThreads (Deoptimize) done
Event: 30.686 Executing safepoint VM operation: Cleanup
Event: 30.686 Executing safepoint VM operation: Cleanup done
Event: 31.476 Executing safepoint VM operation: G1CollectForAllocation (G1 Evacuation Pause)
Event: 31.487 Executing safepoint VM operation: G1CollectForAllocation (G1 Evacuation Pause) done
Event: 32.305 Executing non-safepoint VM operation: HandshakeAllThreads (Deoptimize)
Event: 32.306 Executing non-safepoint VM operation: HandshakeAllThreads (Deoptimize) done

Memory protections (0 events):
No events

Nmethod flushes (20 events):
Event: 29.586 Thread 0x0000024b7dbbda00 flushing  nmethod 0x0000024b002d1210
Event: 29.586 Thread 0x0000024b7dbbda00 flushing  nmethod 0x0000024b002d7590
Event: 29.586 Thread 0x0000024b7dbbda00 flushing  nmethod 0x0000024b00155790
Event: 29.586 Thread 0x0000024b7dbbda00 flushing  nmethod 0x0000024b00155b10
Event: 29.586 Thread 0x0000024b7dbbda00 flushing  nmethod 0x0000024b0015a590
Event: 29.586 Thread 0x0000024b7dbbda00 flushing  nmethod 0x0000024b00162310
Event: 29.586 Thread 0x0000024b7dbbda00 flushing  nmethod 0x0000024b00175190
Event: 29.586 Thread 0x0000024b7dbbda00 flushing  nmethod 0x0000024b00183210
Event: 29.586 Thread 0x0000024b7dbbda00 flushing  nmethod 0x0000024b00183d10
Event: 29.586 Thread 0x0000024b7dbbda00 flushing  nmethod 0x0000024b00185a10
Event: 29.586 Thread 0x0000024b7dbbda00 flushing  nmethod 0x0000024b001adc90
Event: 29.587 Thread 0x0000024b7dbbda00 flushing  nmethod 0x0000024b0021ff10
Event: 29.587 Thread 0x0000024b7dbbda00 flushing  nmethod 0x0000024b00220510
Event: 29.587 Thread 0x0000024b7dbbda00 flushing  nmethod 0x0000024b00220b90
Event: 29.587 Thread 0x0000024b7dbbda00 flushing  nmethod 0x0000024b0026d290
Event: 29.587 Thread 0x0000024b7dbbda00 flushing  nmethod 0x0000024b00619f90
Event: 29.587 Thread 0x0000024b7dbbda00 flushing  nmethod 0x0000024b0061a790
Event: 29.587 Thread 0x0000024b7dbbda00 flushing  nmethod 0x0000024b00621b10
Event: 29.587 Thread 0x0000024b7dbbda00 flushing  nmethod 0x0000024b006f7190
Event: 29.587 Thread 0x0000024b7dbbda00 flushing  nmethod 0x0000024b006fdc10

Events (20 events):
Event: 25.674 Thread 0x0000024b7ec88210 Thread added: 0x0000024b58008040
Event: 25.678 Thread 0x0000024b55d79e00 Thread added: 0x0000024b5800bb50
Event: 25.679 Thread 0x0000024b55d776a0 Thread added: 0x0000024b580086d0
Event: 25.934 Thread 0x0000024b7dce21f0 Thread added: 0x0000024b7dce1450
Event: 26.861 Thread 0x0000024b7dce28c0 Thread added: 0x0000024b7dce06b0
Event: 26.862 Thread 0x0000024b7dce28c0 Thread added: 0x0000024b7dcdffe0
Event: 26.862 Thread 0x0000024b7dce28c0 Thread added: 0x0000024b7dce2f90
Event: 28.138 Thread 0x0000024b7dce28c0 Thread added: 0x0000024b7dce0d80
Event: 28.540 Thread 0x0000024b55d776a0 Thread added: 0x0000024b5800c870
Event: 28.541 Thread 0x0000024b7dce0d80 Thread exited: 0x0000024b7dce0d80
Event: 28.548 Thread 0x0000024b7dce1450 Thread exited: 0x0000024b7dce1450
Event: 28.789 Thread 0x0000024b7dce21f0 Thread exited: 0x0000024b7dce21f0
Event: 29.226 Thread 0x0000024b7dce28c0 Thread added: 0x0000024b7dce0d80
Event: 29.591 Thread 0x0000024b7dce0d80 Thread exited: 0x0000024b7dce0d80
Event: 29.669 Thread 0x0000024b7dbeb560 Thread added: 0x0000024b7dce1450
Event: 29.829 Thread 0x0000024b5800c870 Thread exited: 0x0000024b5800c870
Event: 30.216 Thread 0x0000024b7dce1450 Thread exited: 0x0000024b7dce1450
Event: 31.554 Thread 0x0000024b55d79e00 Thread added: 0x0000024b5800ae30
Event: 32.862 Thread 0x0000024b5800ae30 Thread exited: 0x0000024b5800ae30
Event: 32.995 Thread 0x0000024b7edcd5a0 Thread added: 0x0000024b580093f0


Dynamic libraries:
0x00007ff758340000 - 0x00007ff75834e000 	C:\Users\dev\AppData\Local\Java\jdk-21.0.12.1+1\bin\java.exe
0x00007ffaf0540000 - 0x00007ffaf07a7000 	C:\WINDOWS\SYSTEM32\ntdll.dll
0x00007ffaef2d0000 - 0x00007ffaef39b000 	C:\WINDOWS\System32\KERNEL32.DLL
0x00007ffaed8a0000 - 0x00007ffaedca2000 	C:\WINDOWS\System32\KERNELBASE.dll
0x00007ffaea6d0000 - 0x00007ffaea76f000 	C:\WINDOWS\SYSTEM32\apphelp.dll
0x00007ffaed740000 - 0x00007ffaed88c000 	C:\WINDOWS\System32\ucrtbase.dll
0x00007ffaded00000 - 0x00007ffaded18000 	C:\Users\dev\AppData\Local\Java\jdk-21.0.12.1+1\bin\jli.dll
0x00007ffaeffa0000 - 0x00007ffaf016f000 	C:\WINDOWS\System32\USER32.dll
0x00007ffaded20000 - 0x00007ffaded3e000 	C:\Users\dev\AppData\Local\Java\jdk-21.0.12.1+1\bin\VCRUNTIME140.dll
0x00007ffacd000000 - 0x00007ffacd290000 	C:\WINDOWS\WinSxS\amd64_microsoft.windows.common-controls_6595b64144ccf1df_6.0.26100.9278_none_3e0d1ba8e3303201\COMCTL32.dll
0x00007ffaee0c0000 - 0x00007ffaee0e7000 	C:\WINDOWS\System32\win32u.dll
0x00007ffaee260000 - 0x00007ffaee309000 	C:\WINDOWS\System32\msvcrt.dll
0x00007ffaf0290000 - 0x00007ffaf02bb000 	C:\WINDOWS\System32\GDI32.dll
0x00007ffaedf90000 - 0x00007ffaee0b9000 	C:\WINDOWS\System32\gdi32full.dll
0x00007ffaee1b0000 - 0x00007ffaee253000 	C:\WINDOWS\System32\msvcp_win.dll
0x00007ffaef660000 - 0x00007ffaef691000 	C:\WINDOWS\System32\IMM32.DLL
0x00007ffadffb0000 - 0x00007ffadffbc000 	C:\Users\dev\AppData\Local\Java\jdk-21.0.12.1+1\bin\vcruntime140_1.dll
0x00007ffa8e2a0000 - 0x00007ffa8e32d000 	C:\Users\dev\AppData\Local\Java\jdk-21.0.12.1+1\bin\msvcp140.dll
0x00007ffa06a80000 - 0x00007ffa07822000 	C:\Users\dev\AppData\Local\Java\jdk-21.0.12.1+1\bin\server\jvm.dll
0x00007ffaf0350000 - 0x00007ffaf040c000 	C:\WINDOWS\System32\ADVAPI32.dll
0x00007ffaef470000 - 0x00007ffaef519000 	C:\WINDOWS\System32\sechost.dll
0x00007ffaef520000 - 0x00007ffaef638000 	C:\WINDOWS\System32\RPCRT4.dll
0x00007ffaeec60000 - 0x00007ffaeece0000 	C:\WINDOWS\System32\WS2_32.dll
0x00007ffacdb90000 - 0x00007ffacdbc6000 	C:\WINDOWS\SYSTEM32\WINMM.dll
0x00007ffae1f50000 - 0x00007ffae1f5b000 	C:\WINDOWS\SYSTEM32\VERSION.dll
0x00007ffaed5c0000 - 0x00007ffaed61e000 	C:\WINDOWS\SYSTEM32\POWRPROF.dll
0x00007ffaed5a0000 - 0x00007ffaed5b5000 	C:\WINDOWS\SYSTEM32\UMPDC.dll
0x00007ffaec3d0000 - 0x00007ffaec3eb000 	C:\WINDOWS\SYSTEM32\kernel.appcore.dll
0x00007ffadff40000 - 0x00007ffadff4a000 	C:\Users\dev\AppData\Local\Java\jdk-21.0.12.1+1\bin\jimage.dll
0x00007ffac2e30000 - 0x00007ffac307c000 	C:\WINDOWS\SYSTEM32\DBGHELP.DLL
0x00007ffaeef30000 - 0x00007ffaef2b5000 	C:\WINDOWS\System32\combase.dll
0x00007ffaf0420000 - 0x00007ffaf04f9000 	C:\WINDOWS\System32\OLEAUT32.dll
0x00007ffad9f20000 - 0x00007ffad9f5b000 	C:\WINDOWS\SYSTEM32\dbgcore.DLL
0x00007ffaedcb0000 - 0x00007ffaedd5c000 	C:\WINDOWS\System32\bcryptPrimitives.dll
0x00007ffad31b0000 - 0x00007ffad31d0000 	C:\Users\dev\AppData\Local\Java\jdk-21.0.12.1+1\bin\java.dll
0x00007ffaee310000 - 0x00007ffaeeaa8000 	C:\WINDOWS\System32\SHELL32.dll
0x00007ffaeb180000 - 0x00007ffaeba2e000 	C:\WINDOWS\SYSTEM32\windows.storage.dll
0x00007ffaef980000 - 0x00007ffaefa7b000 	C:\WINDOWS\System32\SHCORE.dll
0x00007ffaef3a0000 - 0x00007ffaef406000 	C:\WINDOWS\System32\shlwapi.dll
0x00007ffaed660000 - 0x00007ffaed689000 	C:\WINDOWS\SYSTEM32\profapi.dll
0x00007ffa8de60000 - 0x00007ffa8df37000 	C:\Users\dev\AppData\Local\Java\jdk-21.0.12.1+1\bin\jsvml.dll
0x00007ffadfef0000 - 0x00007ffadff00000 	C:\Users\dev\AppData\Local\Java\jdk-21.0.12.1+1\bin\net.dll
0x00007ffae6e80000 - 0x00007ffae6faa000 	C:\WINDOWS\SYSTEM32\WINHTTP.dll
0x00007ffaec970000 - 0x00007ffaec9dc000 	C:\WINDOWS\system32\mswsock.dll
0x00007ffad27c0000 - 0x00007ffad27d6000 	C:\Users\dev\AppData\Local\Java\jdk-21.0.12.1+1\bin\nio.dll
0x00007ffac27c0000 - 0x00007ffac27d8000 	C:\Users\dev\AppData\Local\Java\jdk-21.0.12.1+1\bin\zip.dll
0x00007ffadec50000 - 0x00007ffadec59000 	C:\Users\dev\AppData\Local\Java\jdk-21.0.12.1+1\bin\extnet.dll
0x00007ffae03e0000 - 0x00007ffae03ee000 	C:\Users\dev\AppData\Local\Java\jdk-21.0.12.1+1\bin\sunmscapi.dll
0x00007ffaede00000 - 0x00007ffaedf7e000 	C:\WINDOWS\System32\CRYPT32.dll
0x00007ffaecf00000 - 0x00007ffaecf30000 	C:\WINDOWS\SYSTEM32\ncrypt.dll
0x00007ffaeceb0000 - 0x00007ffaeceef000 	C:\WINDOWS\SYSTEM32\NTASN1.dll
0x00007ffae7f80000 - 0x00007ffae7f88000 	C:\WINDOWS\system32\wshunix.dll
0x00007ffaecd90000 - 0x00007ffaecdab000 	C:\WINDOWS\SYSTEM32\CRYPTSP.dll
0x00007ffaec330000 - 0x00007ffaec369000 	C:\WINDOWS\system32\rsaenh.dll
0x00007ffaeca20000 - 0x00007ffaeca54000 	C:\WINDOWS\SYSTEM32\USERENV.dll
0x00007ffaed630000 - 0x00007ffaed65a000 	C:\WINDOWS\SYSTEM32\bcrypt.dll
0x00007ffaecbd0000 - 0x00007ffaecbdc000 	C:\WINDOWS\SYSTEM32\CRYPTBASE.dll
0x00007ffaebd80000 - 0x00007ffaebdb3000 	C:\WINDOWS\SYSTEM32\IPHLPAPI.DLL
0x00007ffaeecf0000 - 0x00007ffaeecfa000 	C:\WINDOWS\System32\NSI.dll
0x00007ffadec90000 - 0x00007ffadeca0000 	C:\Users\dev\AppData\Local\Java\jdk-21.0.12.1+1\bin\verify.dll
0x00007ff9f7ef0000 - 0x00007ff9f8d26000 	C:\Users\dev\AppData\Local\Temp\robolectric-nativeruntime4550836032717526611\libandroid_runtime.dll
0x00007ffa1fd00000 - 0x00007ffa1fee8000 	C:\Users\dev\AppData\Local\Temp\conscrypt_openjdk_jni-windows-x86_6417911147608600000.dll

JVMTI agents: none

dbghelp: loaded successfully - version: 4.0.5 - missing functions: none
symbol engine: initialized successfully - sym options: 0x614 - pdb path: .;C:\Users\dev\AppData\Local\Java\jdk-21.0.12.1+1\bin;C:\WINDOWS\SYSTEM32;C:\WINDOWS\WinSxS\amd64_microsoft.windows.common-controls_6595b64144ccf1df_6.0.26100.9278_none_3e0d1ba8e3303201;C:\Users\dev\AppData\Local\Java\jdk-21.0.12.1+1\bin\server;C:\Users\dev\AppData\Local\Temp\robolectric-nativeruntime4550836032717526611;C:\Users\dev\AppData\Local\Temp

VM Arguments:
jvm_args: -Djava.awt.headless=true -Djava.library.path=C:\Users\dev\AppData\Local\Java\jdk-21.0.12.1+1\bin;C:\WINDOWS\Sun\Java\bin;C:\WINDOWS\system32;C:\WINDOWS;C;C:\Users\dev\AppData\Local\Java\jdk-21.0.12.1+1\bin;C:\Users\dev\bin;C:\Program Files\Git\mingw64\bin;C:\Program Files\Git\usr\local\bin;C:\Program Files\Git\usr\bin;C:\Program Files\Git\usr\bin;C:\Program Files\Git\mingw64\bin;C:\Program Files\Git\usr\bin;C:\Users\dev\bin;C:\Program Files\Python314\Scripts;C:\Program Files\Python314;C:\WINDOWS\system32;C:\WINDOWS;C:\WINDOWS\System32\Wbem;C:\WINDOWS\System32\WindowsPowerShell\v1.0;C:\WINDOWS\System32\OpenSSH;C:\Program Files\Git\cmd;C:\Program Files\GitHub CLI;C:\Program Files\dotnet;C:\Program Files\nodejs;C:\Program Files\Go\bin;C:\Program Files\gsudo\Current;C:\Users\dev\AppData\Local\Microsoft\WindowsApps;C:\Users\dev\.dotnet\tools;C:\Users\dev\AppData\Roaming\npm;C:\Users\dev\.local\bin;C:\Users\dev\AppData\Local\Programs\orca\resources\bin;C:\Users\dev\go\bin;C:\Users\dev\AppData\Local\Microsoft\WinGet\Packages\jqlang.jq_Microsoft.Winget.Source_8wekyb3d8bbwe;C:\Users\dev\AppData\Local\Microsoft\WinGet\Packages\Genymobile.scrcpy_Microsoft.Winget.Source_8wekyb3d8bbwe\scrcpy-win64-v4.1;C:\Users\dev\AppData\Local\Microsoft\WinGet\Packages\BrechtSanders.WinLibs.POSIX.UCRT_Microsoft.Winget.Source_8wekyb3d8bbwe\mingw64\bin;C:\Program Files\nodejs;C:\Program Files\Python314;C:\Program Files\Git\mingw64\bin;C:\Program Files\GitHub CLI;C:\Program Files\Git\usr\bin\vendor_perl;C:\Program Files\Git\usr\bin\core_perl;.;C:\dev\ptscratch\wt-fix2\app\src\testDebug\jniLibs;C:\dev\ptscratch\wt-fix2\app\src\test\jniLibs -Dorg.gradle.internal.worker.tmpdir=C:\dev\ptscratch\wt-fix2\app\build\tmp\testDebugUnitTest\work --add-exports=java.base/jdk.internal.access=ALL-UNNAMED --add-opens=java.base/java.io=ALL-UNNAMED --add-opens=java.base/java.io=ALL-UNNAMED -Xmx512m -Dfile.encoding=UTF-8 -Duser.country=GB -Duser.language=en -Duser.variant -ea 
java_command: worker.org.gradle.process.internal.worker.GradleWorkerMain 'Gradle Test Executor 168'
java_class_path (initial): C:\\Users\\dev\\.gradle\\caches\\9.8.0\\workerMain\\gradle-worker.jar;C:\\dev\\ptscratch\\wt-fix2\\app\\build\\intermediates\\unit_test_config_directory\\debugUnitTest\\generateDebugUnitTestConfig\\out;C:\\dev\\ptscratch\\wt-fix2\\app\\build\\intermediates\\built_in_kotlinc\\debugUnitTest\\compileDebugUnitTestKotlin\\classes;C:\\dev\\ptscratch\\wt-fix2\\app\\build\\intermediates\\java_res\\debugUnitTest\\processDebugUnitTestJavaRes\\out;C:\\dev\\ptscratch\\wt-fix2\\app\\build\\intermediates\\runtime_app_classes_jar\\debug\\bundleDebugClassesToRuntimeJar\\classes.jar;C:\\Users\\dev\\.gradle\\caches\\modules-2\\files-2.1\\org.jetbrains.kotlin\\kotlin-test-junit\\2.4.20\\7eb3289e802e4c6cdba3ad5488d125b8d74ed396\\kotlin-test-junit-2.4.20.jar;C:\\Users\\dev\\.gradle\\caches\\9.8.0\\transforms\\2ce95636c857f524ba311a786651c305\\transformed\\navigation-runtime-runtime.jar;C:\\Users\\dev\\.gradle\\caches\\9.8.0\\transforms\\a989e2e3b49b705ac01cc6ed9f295004\\transformed\\navigation-common-runtime.jar;C:\\Users\\dev\\.gradle\\caches\\9.8.0\\transforms\\ca91c86ac5e9eef1e3faebe57807ed55\\transformed\\navigation-compose-runtime.jar;C:\\Users\\dev\\.gradle\\caches\\9.8.0\\transforms\\b2c461212addbee992f907b9c5132e3a\\transformed\\activity-ktx-1.13.0-runtime.jar;C:\\Users\\dev\\.gradle\\caches\\9.8.0\\transforms\\e7793598df46ad3181afa4f1039c7f7e\\transformed\\activity-1.13.0-runtime.jar;C:\\Users\\dev\\.gradle\\caches\\modules-2\\files-2.1\\androidx.glance\\glance-appwidget-external-protobuf\\1.2.0\\80f68af0a4e10040566ce1ea30323121348b32f0\\glance-appwidget-external-protobuf-1.2.0.jar;C:\\Users\\dev\\.gradle\\caches\\modules-2\\files-2.1\\androidx.glance\\glance-appwidget-proto\\1.2.0\\9cd7b1dbe79e2e06d9209543f83b737358338c12\\glance-appwidget-proto-1.2.0.jar;C:\\Users\\dev\\.gradle\\caches\\9.8.0\\transforms\\4e389bd0774aa6fc49f33a0dbf189a2d\\transformed\\glance-1.2.0-runtime.jar;C:\\Users\\dev\\.gradle\\caches\\9.8.0\\transforms\\c7c173dbdb9a18ffacada511590b3eee\\transformed\\glance-appwidget-1.2.0-runtime.jar;C:\\Users\\dev\\.gradle\\caches\\9.8.0\\transforms\\5aad4368e3c80eebff75b830b6b4dd98\\transformed\\glance-material3-1.2.0-runtime.jar;C:\\Users\\dev\\.gradle\\caches\\9.8.0\\transforms\\743540b73d99ef4c0e842a9903d19565\\transformed\\material-ripple-runtime.jar;C:\\Users\\dev\\.gradle\\caches\\9.8.0\\transforms\\c6cf94593a2e91df6c093e26b23c61c4\\transformed\\foundation-runtime.jar;C:\\Users\\dev\\.gradle\\caches\\9.8.0\\transforms\\ab587d64428868b63d653300f5e14b4a\\transformed\\foundation-layout-runtime.jar;C:\\Users\\dev\\.gradle\\caches\\9.8.0\\transforms\\fd8f3b164f3ba39950334cfb3a73ee75\\transformed\\animation-core-runtime.jar;C:\\Users\\dev\\.gradle\\caches\\9.8.0\\transforms\\436fb830f3a4ac6ecdf6046eba2dc6e0\\transformed\\animation-runtime.jar;C:\\Users\\dev\\.gradle\\caches\\9.8.0\\transforms\\dffbdd06ffdc5b13f2dd825e988350ab\\transformed\\ui-tooling-data-runtime.jar;C:\\Users\\dev\\.gradle\\caches\\9.8.0\\transforms\\977b3299d3b2e242de305c7303009613\\transformed\\ui-test-runtime.jar;C:\\Users\\dev\\.gradle\\caches\\9.8.0\\transforms\\5dcc5678b9650d8391b6147265438dfc\\transformed\\ui-geometry-runtime.jar;C:\\Users\\dev\\.gradle\\caches\\9.8.0\\transforms\\658b88d01a5c2dcbd91d5790af9d17d4\\transformed\\ui-text-runtime.jar;C:\\Users\\dev\\.gradle\\caches\\9.8.0\\transforms\\c7db43e4b010dc1b91573342b8bf376d\\transformed\\ui-util-runtime.jar;C:\\Users\\dev\\.gradle\\caches\\9.8.0\\transforms\\8cf3bcf29811195d1b913458e263e3bf\\transformed\\ui-unit-runtime.jar;C:\\Users\\dev\\.gradle\\caches\\9.8.0\\transforms\\0940d242639b81d32f79bdbd0db5b041\\transformed\\ui-tooling-preview-runtime.jar;C:\\Users\\dev\\.gradle\\caches\\9.8.0\\transforms\\7498c694c8da13eb2a88c7b2e764ef44\\transformed\\ui-graphics-runtime.jar;C:\\Users\\dev\\.gradle\\caches\\9.8.0\\transforms\\943ae4b3409211feeabca8dfd2559b12\\transformed\\ui-tooling-runtime.jar;C:\\Users\\dev\\.gradle\\caches\\9.8.0\\transforms\\153d01c3f378a78639249e2543bd7d09\\transformed\\material3-runtime.jar;C:\\Users\\dev\\.gradle\\caches\\9.8.0\\transforms\\ecfaea377d3c95f75d53ba42adb88b3c\\transformed\\activity-compose-1.13.0-runtime.jar;C:\\Users\\dev\\.gradle\\caches\\9.8.0\\transforms\\c1687d6998345dabd74a137d6aa80d6b\\transformed\\customview-poolingcontainer-1.0.0-runtime.jar;C:\\Users\\dev\\.gradle\\caches\\9.8.0\\transforms\\225dc26d7d7d7cab51499ed6a165290d\\transformed\\espresso-core-3.5.0-runtime.jar;C:\\Users\\dev\\.gradle\\caches\\9.8.0\\transforms\\72a5d4e31f2f334ce88a2e7c9161622e\\transformed\\core-1.7.0-runtime.jar;C:\\Users\\dev\\.gradle\\caches\\9.8.0\\transforms\\815495dd401f5d1c7a7d07d0bc2341e4\\transformed\\work-runtime-ktx-2.12.0-runtime.jar;C:\\Users\\dev\\.gradle\\caches\\9.8.0\\transforms\\679ed217691f757814fa09280a60289b\\transformed\\work-runtime-2.12.0-runtime.jar;C:\\Users\\dev\\.gradle\\caches\\9.8.0\\transforms\\32ba6da47b895f3c118e1c4aa28dcb7c\\transformed\\lifecycle-livedata-core-ktx-2.11.0-runtime.jar;C:\\Users\\dev\\.gradle\\caches\\9.8.0\\transforms\\4bd29d9608a1cc378970714cc409510e\\transformed\\lifecycle-livedata-core-2.11.0-runtime.jar;C:\\Users\\dev\\.gradle\\caches\\9.8.0\\transforms\\4e0a454652cc082aaa973466da55dfbd\\transformed\\lifecycle-runtime-ktx-runtime.jar;C:\\Users\\dev\\.gradle\\caches\\9.8.0\\transforms\\a11c1dd6bb6d7bd1d06f29c21c42cc6d\\transformed\\lifecycle-viewmodel-ktx-2.11.0-runtime.jar;C:\\Users\\dev\\.gradle\\caches\\modules-2\\files-2.1\\androidx.lifecycle\\lifecycle-common-java8\\2.11.0\\9d9c098b5dc3bbcdce8ec4495991b9b0ee25606e\\lifecycle-common-java8-2.11.0.jar;C:\\Users\\dev\\.gradle\\caches\\9.8.0\\transforms\\b92c739465676abf0c71bdd2a8d48360\\transformed\\lifecycle-service-2.11.0-runtime.jar;C:\\Users\\dev\\.gradle\\caches\\9.8.0\\transforms\\8cee6d57f1f4f71783d4079c56c3f4a6\\transformed\\lifecycle-livedata-2.11.0-runtime.jar;C:\\Users\\dev\\.gradle\\caches\\9.8.0\\transforms\\f7b371b1fba608e4c15d97dd4cbd82c2\\transformed\\lifecycle-viewmodel-runtime.jar;C:\\Users\\dev\\.gradle\\caches\\9.8.0\\transforms\\e7e235e284bd995b0b6daec942508dd6\\transformed\\navigationevent-runtime.jar;C:\\Users\\dev\\.gradle\\caches\\9.8.0\\transforms\\f26fa959cca1d7cca30d08784b1e0a18\\transformed\\navigationevent-compose-runtime.jar;C:\\Users\\dev\\.gradle\\caches\\9.8.0\\transforms\\8def17a1f14881cb4bb6c7c45251fc2e\\transformed\\runtime-annotation-runtime.jar;C:\\Users\\dev\\.gradle\\caches\\9.8.0\\transforms\\009c183e1e81e2188b2a0fa36c940949\\transformed\\runtime-retain-runtime.jar;C:\\Users\\dev\\.gradle\\caches\\9.8.0\\transforms\\3438d7036fe33235e49570c850027edd\\transformed\\runtime-runtime.jar;C:\\Users\\dev\\.gradle\\caches\\9.8.0\\transforms\\375b935248d57993efd6194acd7f8095\\transformed\\runtime-saveable-runtime.jar;C:\\Users\\dev\\.gradle\\caches\\9.8.0\\transforms\\9f47eaad2e7da1e73c2fc2b3cbf732b6\\transformed\\savedstate-compose-runtime.jar;C:\\Users\\dev\\.gradle\\caches\\9.8.0\\transforms\\bb9444b03ec8dc980b366eb14b763b03\\transformed\\savedstate-ktx-1.5.0-runtime.jar;C:\\Users\\dev\\.gradle\\caches\\9.8.0\\transforms\\bb638b38adf995086ab26e32aa2e59d0\\transformed\\savedstate-runtime.jar;C:\\Users\\dev\\.gradle\\caches\\modules-2\\files-2.1\\androidx.lifecycle\\lifecycle-common-jvm\\2.11.0\\2c4f7d92f1fd723121d394c93455f50158403ad9\\lifecycle-common-jvm-2.11.0.jar;C:\\Users\\dev\\.gradle\\caches\\9.8.0\\transforms\\72841f7a9d0dce8df8a08a03fa533a96\\transformed\\lifecycle-viewmodel-savedstate-runtime.jar;C:\\Users\\dev\\.gradle\\caches\\9.8.0\\transforms\\3db3f3f6885e0e71fe9792f45d7a8b4a\\transformed\\core-ktx-1.19.1-runtime.jar;C:\\Users\\dev\\.gradle\\caches\\9.8.0\\transforms\\fccb59a78e2981a6376a27e5756ec17a\\transformed\\core-remoteviews-1.1.0-runtime.jar;C:\\Users\\dev\\.gradle\\caches\\9.8.0\\transforms\\eb120b32f742b50a553a2a0d36f15dbf\\transformed\\autofill-1.0.0-runtime.jar;C:\\Users\\dev\\.gradle\\caches\\9.8.0\\transforms\\46e5eba6e598cd7108c45d4c111183f8\\transformed\\window-core-runtime.jar;C:\\Users\\dev\\.gradle\\caches\\9.8.0\\transforms\\94285c170bef9dd1588897fbb3ad6479\\transformed\\window-1.5.0-runtime.jar;C:\\Users\\dev\\.gradle\\caches\\9.8.0\\transforms\\ed34b95164de88855974905ac748f4fa\\transformed\\graphics-path-1.0.1-runtime.jar;C:\\Users\\dev\\.gradle\\caches\\9.8.0\\transforms\\e045058d1c1fea9a265eab604f04cf3c\\transformed\\emoji2-1.4.0-runtime.jar;C:\\Users\\dev\\.gradle\\caches\\9.8.0\\transforms\\c1072e9a6bf3e3ca008c6f2fd54d25ff\\transformed\\core-1.19.1-runtime.jar;C:\\Users\\dev\\.gradle\\caches\\9.8.0\\transforms\\62d7726f2368622706bbdbf0c52f666d\\transformed\\lifecycle-runtime-runtime.jar;C:\\Users\\dev\\.gradle\\caches\\9.8.0\\transforms\\4412914342c2c556a72c87d5f0fca454\\transformed\\lifecycle-viewmodel-compose-runtime.jar;C:\\Users\\dev\\.gradle\\caches\\9.8.0\\transforms\\4ef0dff6da9e688a2b397573a5bec24d\\transformed\\lifecycle-process-2.11.0-runtime.jar;C:\\Users\\dev\\.gradle\\caches\\9.8.0\\transforms\\1f1ed12756b3c78fbfa18bc3b46e4a60\\transformed\\lifecycle-runtime-compose-runtime.jar;C:\\Users\\dev\\.gradle\\caches\\9.8.0\\transforms\\991dc72a9f25f2071cc8dac11d6f25f4\\transformed\\material-icons-extended-release-runtime.jar;C:\\Users\\dev\\.gradle\\caches\\9.8.0\\transforms\\dc6ad9c57310dbd45d61eb2a41242267\\transformed\\material-icons-core-release-runtime.jar;C:\\Users\\dev\\.gradle\\caches\\9.8.0\\transforms\\69ff29f05afe023227e32d5b9b1c47f5\\transformed\\ui-runtime.jar;C:\\Users\\dev\\.gradle\\caches\\9.8.0\\transforms\\a57ec00690ae5af9d0da774a50f1c342\\transformed\\ui-test-manifest-1.12.1-runtime.jar;C:\\Users\\dev\\.gradle\\caches\\9.8.0\\transforms\\5a712ae95a5eae9a2d6f469d7f9e4862\\transformed\\ui-test-junit4-runtime.jar;C:\\Users\\dev\\.gradle\\caches\\9.8.0\\transforms\\b2b37bb7a9e46d593f6837089232b521\\transformed\\junit-1.3.0-runtime.jar;C:\\Users\\dev\\.gradle\\caches\\9.8.0\\transforms\\c303c1061fe8a07b0bffdc58571406ed\\transformed\\runner-1.5.0-runtime.jar;C:\\Users\\dev\\.gradle\\caches\\modules-2\\files-2.1\\junit\\junit\\4.13.2\\8ac9e16d933b6fb43bc7f576336b8f4d7eb5ba12\\junit-4.13.2.jar;C:\\Users\\dev\\.gradle\\caches\\modules-2\\files-2.1\\org.robolectric\\robolectric\\4.17\\31a19773cc1daf1be0f77769497371ddf18a518f\\robolectric-4.17.jar;C:\\dev\\ptscratch\\wt-fix2\\core\\data\\build\\intermediates\\runtime_library_classes_jar\\debug\\bundleLibRuntimeToJarDebug\\classes.jar;C:\\Users\\dev\\.gradle\\caches\\modules-2\\files-2.1\\androidx.room\\room-common-jvm\\2.8.5\\3aeefef6615720bec8c860dd0786b48552ef3300\\room-common-jvm-2.8.5.jar;C:\\Users\\dev\\.gradle\\caches\\9.8.0\\transforms\\b58b170280a14f0231fcd2c3b6cac002\\transformed\\room-runtime-runtime.jar;C:\\Users\\dev\\.gradle\\caches\\9.8.0\\transforms\\bf539171fbe9bad55c4883a6457496be\\transformed\\room-ktx-2.8.5-runtime.jar;C:\\Users\\dev\\.gradle\\caches\\modules-2\\files-2.1\\org.jetbrains.kotlinx\\kotlinx-coroutines-android\\1.11.0\\51ffb50a6478872fbbac6cbd48f09553bf4e9e7d\\kotlinx-coroutines-android-1.11.0.jar;C:\\Users\\dev\\.gradle\\caches\\modules-2\\files-2.1\\org.jetbrains.kotlinx\\kotlinx-coroutines-test-jvm\\1.11.0\\1dfe8ce2b805d913922f283b386895bd0979dfcb\\kotlinx-coroutines-test-jvm-1.11.0.jar;C:\\Users\\dev\\.gradle\\caches\\9.8.0\\transforms\\9a0f17b43506e09371b4d30f15229c4b\\transformed\\profileinstaller-1.4.0-runtime.jar;C:\\Users\\dev\\.gradle\\caches\\modules-2\\files-2.1\\androidx.concurrent\\concurrent-futures\\1.2.0\\6a1dfd69226e148898410721f4b14315343d1429\\concurrent-futures-1.2.0.jar;C:\\Users\\dev\\.gradle\\caches\\modules-2\\files-2.1\\androidx.concurrent\\concurrent-futures-ktx\\1.2.0\\13b49fdb58c74bdfb12eb131b5e22d6d09683e30\\concurrent-futures-ktx-1.2.0.jar;C:\\Users\\dev\\.gradle\\caches\\modules-2\\files-2.1\\androidx.datastore\\datastore-preferences-external-protobuf\\1.2.1\\200a891fd29602b4bcff8e197d243a372fb026d5\\datastore-preferences-external-protobuf-1.2.1.jar;C:\\Users\\dev\\.gradle\\caches\\modules-2\\files-2.1\\androidx.datastore\\datastore-core-okio-jvm\\1.2.1\\16e01a0603ce8cf206b21a304ff1ded7a9bff1da\\datastore-core-okio-jvm-1.2.1.jar;C:\\Users\\dev\\.gradle\\caches\\modules-2\\files-2.1\\androidx.datastore\\datastore-preferences-proto\\1.2.1\\5d062b556fb45141138c3d86284bbdcbe07cc770\\datastore-preferences-proto-1.2.1.jar;C:\\Users\\dev\\.gradle\\caches\\9.8.0\\transforms\\6f212238c7fd6f3b3ca50287f18da579\\transformed\\datastore-core-runtime.jar;C:\\Users\\dev\\.gradle\\caches\\9.8.0\\transforms\\26ce946cb725afa1696ce8aed7c82ced\\transformed\\datastore-preferences-core-runtime.jar;C:\\Users\\dev\\.gradle\\caches\\9.8.0\\transforms\\2cfd4545c904c925120b915e6afc4aa6\\transformed\\datastore-runtime.jar;C:\\Users\\dev\\.gradle\\caches\\9.8.0\\transforms\\77f66a864aad0256acb60c8ff832042d\\transformed\\datastore-preferences-runtime.jar;C:\\Users\\dev\\.gradle\\caches\\modules-2\\files-2.1\\org.jetbrains.kotlinx\\kotlinx-coroutines-core-jvm\\1.11.0\\3d57dc678bd8d72a60e7adf0eca5c54e3f4f4b79\\kotlinx-coroutines-core-jvm-1.11.0.jar;C:\\Users\\dev\\.gradle\\caches\\modules-2\\files-2.1\\org.jetbrains.kotlin\\kotlin-test\\2.4.20\\ccb0e2baa3fa3a572a753019ce0be5889c587803\\kotlin-test-2.4.20.jar;C:\\Users\\dev\\.gradle\\caches\\modules-2\\files-2.1\\org.robolectric\\shadows-framework\\4.17\\689988e7f55462d21c6e0a863604563eae2630c6\\shadows-framework-4.17.jar;C:\\Users\\dev\\.gradle\\caches\\9.8.0\\transforms\\b6cacc3fd2d71db6d720516653263ec3\\transformed\\storage-1.6.0-runtime.jar;C:\\Users\\dev\\.gradle\\caches\\9.8.0\\transforms\\1b5209a9a78d3679a12d39ac0ad2bd64\\transformed\\monitor-1.8.0-runtime.jar;C:\\dev\\ptscratch\\wt-fix2\\core\\domain\\build\\libs\\domain.jar;C:\\Users\\dev\\.gradle\\caches\\9.8.0\\transforms\\8cf0157a8ff1c4d60a01ed105bd8c1d9\\transformed\\core-viewtree-1.0.0-runtime.jar;C:\\Users\\dev\\.gradle\\caches\\9.8.0\\transforms\\7d6c2fb56c525f2c1b770b8034b5d426\\transformed\\startup-runtime-1.1.1-runtime.jar;C:\\Users\\dev\\.gradle\\caches\\9.8.0\\transforms\\4453db774224c1758dbe249a5fd6019d\\transformed\\tracing-1.2.0-runtime.jar;C:\\Users\\dev\\.gradle\\caches\\9.8.0\\transforms\\605abf6d6418b22d8c806b49da22bdf9\\transformed\\tracing-ktx-1.2.0-runtime.jar;C:\\Users\\dev\\.gradle\\caches\\modules-2\\files-2.1\\org.jetbrains.kotlinx\\kotlinx-serialization-core-jvm\\1.11.0\\c1905c9bf7452b045d5af9248835abe64ddad6bf\\kotlinx-serialization-core-jvm-1.11.0.jar;C:\\Users\\dev\\.gradle\\caches\\modules-2\\files-2.1\\org.jetbrains.kotlinx\\kotlinx-serialization-json-jvm\\1.11.0\\e7e045e99e56f07599bb9ccb708c2190e2af0606\\kotlinx-serialization-json-jvm-1.11.0.jar;C:\\Users\\dev\\.gradle\\caches\\9.8.0\\transforms\\fcadd14fb1f77b7a4b2b211ae4f446d9\\transformed\\annotation-1.0.1-runtime.jar;C:\\Users\\dev\\.gradle\\caches\\9.8.0\\transforms\\7c9a24de928e622eb78b6e4318cb77af\\transformed\\annotation-experimental-1.5.0-runtime.jar;C:\\Users\\dev\\.gradle\\caches\\9.8.0\\transforms\\211d3600a05caa503c59ea20a95e295d\\transformed\\interpolator-1.0.0-runtime.jar;C:\\Users\\dev\\.gradle\\caches\\9.8.0\\transforms\\905a081e6953ebfba73ada50175a9562\\transformed\\versionedparcelable-1.1.1-runtime.jar;C:\\Users\\dev\\.gradle\\caches\\9.8.0\\transforms\\c2dcacfba95d1c4a1327811def46566a\\transformed\\core-runtime-2.2.0-runtime.jar;C:\\Users\\dev\\.gradle\\caches\\modules-2\\files-2.1\\androidx.arch.core\\core-common\\2.2.0\\5e1b8b81dfd5f52c56a8d53b18ca759c19a301f3\\core-common-2.2.0.jar;C:\\Users\\dev\\.gradle\\caches\\modules-2\\files-2.1\\androidx.collection\\collection-ktx\\1.5.0\\27c78a926a16a1bf792b2285cf2834e8caae4a07\\collection-ktx-1.5.0.jar;C:\\Users\\dev\\.gradle\\caches\\modules-2\\files-2.1\\androidx.collection\\collection-jvm\\1.5.0\\7ba2c69414d46ebc2dd76598bdd0a75c54281a57\\collection-jvm-1.5.0.jar;C:\\Users\\dev\\.gradle\\caches\\9.8.0\\transforms\\3b2235a1648ab4c65a0aca411eb8f066\\transformed\\sqlite-framework-runtime.jar;C:\\Users\\dev\\.gradle\\caches\\9.8.0\\transforms\\0f6270b15fcaa7e47ac06b84737ff490\\transformed\\sqlite-runtime.jar;C:\\Users\\dev\\.gradle\\caches\\modules-2\\files-2.1\\androidx.annotation\\annotation-jvm\\1.10.0\\388cfaa79001d0f024d28f6a13d5a3dfc2f0e18f\\annotation-jvm-1.10.0.jar;C:\\Users\\dev\\.gradle\\caches\\modules-2\\files-2.1\\com.squareup.okio\\okio-jvm\\3.9.1\\79696e3f4ff05d41ba2b3dc68adb5808a2e5dc53\\okio-jvm-3.9.1.jar;C:\\Users\\dev\\.gradle\\caches\\modules-2\\files-2.1\\org.jetbrains.kotlin\\kotlin-stdlib\\2.4.20\\94c1451890d164aed65d43b3db0b7ecef7c183e7\\kotlin-stdlib-2.4.20.jar;C:\\Users\\dev\\.gradle\\caches\\modules-2\\files-2.1\\org.hamcrest\\hamcrest-integration\\1.3\\5de0c73fef18917cd85d0ab70bb23818685e4dfd\\hamcrest-integration-1.3.jar;C:\\Users\\dev\\.gradle\\caches\\modules-2\\files-2.1\\org.hamcrest\\hamcrest-library\\1.3\\4785a3c21320980282f9f33d0d1264a69040538f\\hamcrest-library-1.3.jar;C:\\Users\\dev\\.gradle\\caches\\modules-2\\files-2.1\\org.hamcrest\\hamcrest-core\\1.3\\42a25dc3219429f0e5d060061f71acb49bf010a0\\hamcrest-core-1.3.jar;C:\\Users\\dev\\.gradle\\caches\\modules-2\\files-2.1\\org.conscrypt\\conscrypt-openjdk-uber\\2.6.2\\65c5977595ee9cc12e6017b9d43b1d2e3d1bab63\\conscrypt-openjdk-uber-2.6.2.jar;C:\\Users\\dev\\.gradle\\caches\\modules-2\\files-2.1\\org.yaml\\snakeyaml\\2.6\\2bc14918a2f8d5414749ab12d0c590cd3198b8c1\\snakeyaml-2.6.jar;C:\\Users\\dev\\.gradle\\caches\\9.8.0\\transforms\\d47ef352725b00a21b53d4f4b60452cd\\transformed\\espresso-idling-resource-3.7.0-runtime.jar;C:\\Users\\dev\\.gradle\\caches\\modules-2\\files-2.1\\com.google.testparameterinjector\\test-parameter-injector\\1.22\\a9e9eff422bcda62502e0b9bd31b4a3bc839700d\\test-parameter-injector-1.22.jar;C:\\Users\\dev\\.gradle\\caches\\modules-2\\files-2.1\\org.robolectric\\junit\\4.17\\8f22554166230ec5d98562308ce7728888fd57c\\junit-4.17.jar;C:\\Users\\dev\\.gradle\\caches\\modules-2\\files-2.1\\org.robolectric\\resources\\4.17\\f0cac0ac2bf1484e7ce7877f8fdd110d77500ac0\\resources-4.17.jar;C:\\Users\\dev\\.gradle\\caches\\modules-2\\files-2.1\\org.robolectric\\sandbox\\4.17\\b8ff57adf93a294b82ca7bac6b99eb5320cadcb7\\sandbox-4.17.jar;C:\\Users\\dev\\.gradle\\caches\\modules-2\\files-2.1\\org.robolectric\\utils-reflector\\4.17\\f91dc2674aad0847e655e4d4856f7f5e1960fa6e\\utils-reflector-4.17.jar;C:\\Users\\dev\\.gradle\\caches\\modules-2\\files-2.1\\org.robolectric\\plugins-maven-dependency-resolver\\4.17\\bf7b223b462453b7d6a66b96a848ecff323053d0\\plugins-maven-dependency-resolver-4.17.jar;C:\\Users\\dev\\.gradle\\caches\\modules-2\\files-2.1\\org.robolectric\\nativeruntime\\4.17\\52d38706eddfe5babb92d1665276ad6076f6efe0\\nativeruntime-4.17.jar;C:\\Users\\dev\\.gradle\\caches\\modules-2\\files-2.1\\org.robolectric\\shadowapi\\4.17\\dd829fc12fcf9e471aa31364aafa4181726df42a\\shadowapi-4.17.jar;C:\\Users\\dev\\.gradle\\caches\\modules-2\\files-2.1\\org.robolectric\\utils\\4.17\\7ed6eb8c6464ebddc15427eb7b2f3bb3883840aa\\utils-4.17.jar;C:\\Users\\dev\\.gradle\\caches\\modules-2\\files-2.1\\org.robolectric\\pluginapi\\4.17\\5e58d90330f4d18f8c4c534541470d63b176f33a\\pluginapi-4.17.jar;C:\\Users\\dev\\.gradle\\caches\\modules-2\\files-2.1\\org.robolectric\\annotations\\4.17\\a1bb2dba3abeb1f1602d525d15c9eb7355b7fbb5\\annotations-4.17.jar;C:\\Users\\dev\\.gradle\\caches\\modules-2\\files-2.1\\javax.inject\\javax.inject\\1\\6975da39a7040257bd51d21a231b76c915872d38\\javax.inject-1.jar;C:\\Users\\dev\\.gradle\\caches\\modules-2\\files-2.1\\javax.annotation\\javax.annotation-api\\1.3.2\\934c04d3cfef185a8008e7bf34331b79730a9d43\\javax.annotation-api-1.3.2.jar;C:\\Users\\dev\\.gradle\\caches\\modules-2\\files-2.1\\org.bouncycastle\\bcprov-jdk18on\\1.85\\2320b854dffe134687f7266bb22021b779e576d3\\bcprov-jdk18on-1.85.jar;C:\\Users\\dev\\.gradle\\caches\\modules-2\\files-2.1\\org.jetbrains\\annotations\\23.0.0\\8cc20c07506ec18e0834947b84a864bfc094484e\\annotations-23.0.0.jar;C:\\Users\\dev\\.gradle\\caches\\modules-2\\files-2.1\\com.google.guava\\guava\\33.6.0-jre\\374ff93f90751e8fc6c7cb5046bab9b14ff69c92\\guava-33.6.0-android.jar;C:\\Users\\dev\\.gradle\\caches\\modules-2\\files-2.1\\org.jspecify\\jspecify\\1.0.0\\7425a601c1c7ec76645a78d22b8c6a627edee507\\jspecify-1.0.0.jar;C:\\Users\\dev\\.gradle\\caches\\modules-2\\files-2.1\\com.google.auto.value\\auto-value-annotations\\1.11.1\\3493561c5809b92f9e5f54f48ecfe9682ba6cbbe\\auto-value-annotations-1.11.1.jar;C:\\Users\\dev\\.gradle\\caches\\modules-2\\files-2.1\\org.ow2.asm\\asm-commons\\9.10.1\\4229e4c55fd8e01c23f9fe9884075cc628aacc50\\asm-commons-9.10.1.jar;C:\\Users\\dev\\.gradle\\caches\\modules-2\\files-2.1\\org.ow2.asm\\asm-tree\\9.10.1\\e244332a17564c1d1572449399a842de35881be2\\asm-tree-9.10.1.jar;C:\\Users\\dev\\.gradle\\caches\\modules-2\\files-2.1\\org.ow2.asm\\asm\\9.10.1\\ada2141c0cc52ee8f5c48cd5fa4ce0e794f22236\\asm-9.10.1.jar;C:\\Users\\dev\\.gradle\\caches\\modules-2\\files-2.1\\com.almworks.sqlite4java\\sqlite4java\\1.0.392\\d6234e08ff4e1607ff5321da2579571f05ff778d\\sqlite4java-1.0.392.jar;C:\\Users\\dev\\.gradle\\caches\\modules-2\\files-2.1\\com.ibm.icu\\icu4j\\78.3\\6a851a53bb1f25689fc418dcc8935b0d93580adf\\icu4j-78.3.jar;C:\\Users\\dev\\.gradle\\caches\\modules-2\\files-2.1\\com.google.guava\\listenablefuture\\9999.0-empty-to-avoid-conflict-with-guava\\b421526c5f297295adef1c886e5246c39d4ac629\\listenablefuture-9999.0-empty-to-avoid-conflict-with-guava.jar;C:\\Users\\dev\\.gradle\\caches\\modules-2\\files-2.1\\com.google.guava\\failureaccess\\1.0.3\\aeaffd00d57023a2c947393ed251f0354f0985fc\\failureaccess-1.0.3.jar;C:\\Users\\dev\\.gradle\\caches\\modules-2\\files-2.1\\com.google.errorprone\\error_prone_annotations\\2.47.0\\e64e70c8e2b5a30ce7f1b6c9e3eb7016881e0411\\error_prone_annotations-2.47.0.jar;C:\\Users\\dev\\.gradle\\caches\\modules-2\\files-2.1\\com.google.j2objc\\j2objc-annotations\\3.1\\a892ca9507839bbdb900d64310ac98256cab992f\\j2objc-annotations-3.1.jar;C:\\Users\\dev\\.gradle\\caches\\modules-2\\files-2.1\\org.robolectric\\nativeruntime-dist-compat\\1.0.19\\1f6befcda5c961e02c19419b61ea94260e896615\\nativeruntime-dist-compat-1.0.19.jar;C:\\Users\\dev\\.gradle\\caches\\modules-2\\files-2.1\\com.squareup\\javawriter\\2.1.1\\67ff45d9ae02e583d0f9b3432a5ebbe05c30c966\\javawriter-2.1.1.jar;C:\\Users\\dev\\.gradle\\caches\\modules-2\\files-2.1\\com.google.code.findbugs\\jsr305\\2.0.2\\516c03b21d50a644d538de0f0369c620989cd8f0\\jsr305-2.0.2.jar;C:\\dev\\ptscratch\\wt-fix2\\app\\build\\intermediates\\java_res\\debug\\processDebugJavaRes\\out;C:\\Users\\dev\\.gradle\\caches\\9.8.0\\transforms\\dd61b1db9cda0f39a7d06bdbe1711e08\\transformed\\navigation-runtime\\jars\\classes.jar;C:\\Users\\dev\\.gradle\\caches\\9.8.0\\transforms\\bece6e08724bc0d70578560be6ec8595\\transformed\\navigation-common\\jars\\classes.jar;C:\\Users\\dev\\.gradle\\caches\\9.8.0\\transforms\\118f2248b674c04a11e29e369bf5de40\\transformed\\navigation-compose\\jars\\classes.jar;C:\\Users\\dev\\.gradle\\caches\\9.8.0\\transforms\\23a21bdc792222bb4315515538ef2689\\transformed\\activity-ktx-1.13.0\\jars\\classes.jar;C:\\Users\\dev\\.gradle\\caches\\9.8.0\\transforms\\c3e5430412cc3cd1dc557d2ea2abfeba\\transformed\\activity-1.13.0\\jars\\classes.jar;C:\\Users\\dev\\.gradle\\caches\\9.8.0\\transforms\\77d1ce0a1a728bc6b854bdfb9239a6f9\\transformed\\glance-1.2.0\\jars\\classes.jar;C:\\Users\\dev\\.gradle\\caches\\9.8.0\\transforms\\33bb284cc9745b4c4fa94eee0a5a5f4d\\transformed\\glance-appwidget-1.2.0\\jars\\classes.jar;C:\\Users\\dev\\.gradle\\caches\\9.8.0\\transforms\\e49971d624e1d0efd21f3c7b5fdf21d7\\transformed\\glance-material3-1.2.0\\jars\\classes.jar;C:\\Users\\dev\\.gradle\\caches\\9.8.0\\transforms\\2812441490f75e74c1a1c200d95cea31\\transformed\\material-ripple\\jars\\classes.jar;C:\\Users\\dev\\.gradle\\caches\\9.8.0\\transforms\\1b54498397f973d28c9089cf44f5c8cc\\transformed\\foundation\\jars\\classes.jar;C:\\Users\\dev\\.gradle\\caches\\9.8.0\\transforms\\b214d974b126be746657191cdfe8085f\\transformed\\foundation-layout\\jars\\classes.jar;C:\\Users\\dev\\.gradle\\caches\\9.8.0\\transforms\\fe93acc8d14cff7157713b4b15152733\\transformed\\animation-core\\jars\\classes.jar;C:\\Users\\dev\\.gradle\\caches\\9.8.0\\transforms\\286e6c6a5d815c2f60e8cb07a2feb300\\transformed\\animation\\jars\\classes.jar;C:\\Users\\dev\\.gradle\\caches\\9.8.0\\transforms\\97e43a8d367b236b401258431c12fa8f\\transformed\\ui-tooling-data\\jars\\classes.jar;C:\\Users\\dev\\.gradle\\caches\\9.8.0\\transforms\\5b86133a794de0ffe8111f5263185b7c\\transformed\\ui-test\\jars\\classes.jar;C:\\Users\\dev\\.gradle\\caches\\9.8.0\\transforms\\4977fd3583e36ff2da775e680643338d\\transformed\\ui-geometry\\jars\\classes.jar;C:\\Users\\dev\\.gradle\\caches\\9.8.0\\transforms\\6716a9eeffdf36468b4a2af0c4b58afd\\transformed\\ui-text\\jars\\classes.jar;C:\\Users\\dev\\.gradle\\caches\\9.8.0\\transforms\\635c7870b1ab718041e27824f7ab82e4\\transformed\\ui-util\\jars\\classes.jar;C:\\Users\\dev\\.gradle\\caches\\9.8.0\\transforms\\e60a401bfae87905113e8915b5e670de\\transformed\\ui-unit\\jars\\classes.jar;C:\\Users\\dev\\.gradle\\caches\\9.8.0\\transforms\\2516a690a2b8bae5eca9be25796a1e71\\transformed\\ui-tooling-preview\\jars\\classes.jar;C:\\Users\\dev\\.gradle\\caches\\9.8.0\\transforms\\2fa17f6342134d8a43065c44d01fdc4a\\transformed\\ui-graphics\\jars\\classes.jar;C:\\Users\\dev\\.gradle\\caches\\9.8.0\\transforms\\3e5127ca03bd116ae28b5adb39cf3704\\transformed\\ui-tooling\\jars\\classes.jar;C:\\Users\\dev\\.gradle\\caches\\9.8.0\\transforms\\1da66c1259de37db6c32441a90494074\\transformed\\material3\\jars\\classes.jar;C:\\Users\\dev\\.gradle\\caches\\9.8.0\\transforms\\d58b81c027d0d6ca4ac2cad002146501\\transformed\\activity-compose-1.13.0\\jars\\classes.jar;C:\\Users\\dev\\.gradle\\caches\\9.8.0\\transforms\\ca6c609892d8f1b18f3ba700811b3cb4\\transformed\\customview-poolingcontainer-1.0.0\\jars\\classes.jar;C:\\Users\\dev\\.gradle\\caches\\9.8.0\\transforms\\bcf73fabcf7ad3eb6a147b44df7207a0\\transformed\\espresso-core-3.5.0\\jars\\classes.jar;C:\\Users\\dev\\.gradle\\caches\\9.8.0\\transforms\\e5c0a60bf38954199bfd5ca823c138fd\\transformed\\core-1.7.0\\jars\\classes.jar;C:\\Users\\dev\\.gradle\\caches\\9.8.0\\transforms\\e3e8308968925052396987880eeb43a4\\transformed\\work-runtime-ktx-2.12.0\\jars\\classes.jar;C:\\Users\\dev\\.gradle\\caches\\9.8.0\\transforms\\2f26399fc76fed124e5355fd021d7f2a\\transformed\\work-runtime-2.12.0\\jars\\classes.jar;C:\\Users\\dev\\.gradle\\caches\\9.8.0\\transforms\\9d0a9d989016c14e74df02bf3420b5fb\\transformed\\lifecycle-livedata-core-ktx-2.11.0\\jars\\classes.jar;C:\\Users\\dev\\.gradle\\caches\\9.8.0\\transforms\\aa4d338813fef4b41df86e3c231a2f24\\transformed\\lifecycle-livedata-core-2.11.0\\jars\\classes.jar;C:\\Users\\dev\\.gradle\\caches\\9.8.0\\transforms\\b27ed1a4d703c6ee126f3f8a9a832c5c\\transformed\\lifecycle-runtime-ktx\\jars\\classes.jar;C:\\Users\\dev\\.gradle\\caches\\9.8.0\\transforms\\5f90414cb290dbaa97660a6912a3fbf0\\transformed\\lifecycle-viewmodel-ktx-2.11.0\\jars\\classes.jar;C:\\Users\\dev\\.gradle\\caches\\9.8.0\\transforms\\75c458f3ad710d7ca43a0ed391749e1f\\transformed\\lifecycle-service-2.11.0\\jars\\classes.jar;C:\\Users\\dev\\.gradle\\caches\\9.8.0\\transforms\\8df56af85301c4107932dcc06aed48a1\\transformed\\lifecycle-livedata-2.11.0\\jars\\classes.jar;C:\\Users\\dev\\.gradle\\caches\\9.8.0\\transforms\\8c21d6e948978e0072d444aa8df467f9\\transformed\\lifecycle-viewmodel\\jars\\classes.jar;C:\\Users\\dev\\.gradle\\caches\\9.8.0\\transforms\\506b428ad3a3a289258608a91e037ecf\\transformed\\navigationevent\\jars\\classes.jar;C:\\Users\\dev\\.gradle\\caches\\9.8.0\\transforms\\eb51a32090ab2cf27944b9901f358a09\\transformed\\navigationevent-compose\\jars\\classes.jar;C:\\Users\\dev\\.gradle\\caches\\9.8.0\\transforms\\c62833d58be16b65cdd30d2864145120\\transformed\\runtime-annotation\\jars\\classes.jar;C:\\Users\\dev\\.gradle\\caches\\9.8.0\\transforms\\3d0331caa4e061d2094b86b461001817\\transformed\\runtime-retain\\jars\\classes.jar;C:\\Users\\dev\\.gradle\\caches\\9.8.0\\transforms\\ea1226deb0ac24d66da888061b72cc19\\transformed\\runtime\\jars\\classes.jar;C:\\Users\\dev\\.gradle\\caches\\9.8.0\\transforms\\8626dbb0796b9db03bfaf1ebbef862bd\\transformed\\runtime-saveable\\jars\\classes.jar;C:\\Users\\dev\\.gradle\\caches\\9.8.0\\transforms\\f09ee04fd7f952f51de8b135a5d18c44\\transformed\\savedstate-compose\\jars\\classes.jar;C:\\Users\\dev\\.gradle\\caches\\9.8.0\\transforms\\e4482a1e2e4992654e109122abfbae01\\transformed\\savedstate-ktx-1.5.0\\jars\\classes.jar;C:\\Users\\dev\\.gradle\\caches\\9.8.0\\transforms\\e64511867982cd42520077b9b6859d3c\\transformed\\savedstate\\jars\\classes.jar;C:\\Users\\dev\\.gradle\\caches\\9.8.0\\transforms\\571dedb4fe0db212ec41fa2026146452\\transformed\\lifecycle-viewmodel-savedstate\\jars\\classes.jar;C:\\Users\\dev\\.gradle\\caches\\9.8.0\\transforms\\7b6d18ee008fe1e5a0a802487f22b4ab\\transformed\\core-ktx-1.19.1\\jars\\classes.jar;C:\\Users\\dev\\.gradle\\caches\\9.8.0\\transforms\\e7d5ffc2c9fd659d1dd5d8023b713c92\\transformed\\core-remoteviews-1.1.0\\jars\\classes.jar;C:\\Users\\dev\\.gradle\\caches\\9.8.0\\transforms\\47fb1f60eab6f9fbf3e776eb0882a808\\transformed\\autofill-1.0.0\\jars\\classes.jar;C:\\Users\\dev\\.gradle\\caches\\9.8.0\\transforms\\e11c9cdd9fc2d127073cd33a52d9abef\\transformed\\window-core\\jars\\classes.jar;C:\\Users\\dev\\.gradle\\caches\\9.8.0\\transforms\\ba75f90225b7f892d9c308f6c088a11d\\transformed\\window-1.5.0\\jars\\classes.jar;C:\\Users\\dev\\.gradle\\caches\\9.8.0\\transforms\\9c77b0fa2129907af6803fcdad3ea7a0\\transformed\\graphics-path-1.0.1\\jars\\classes.jar;C:\\Users\\dev\\.gradle\\caches\\9.8.0\\transforms\\246a89f4bffee8e2d449f44dc8b10559\\transformed\\emoji2-1.4.0\\jars\\classes.jar;C:\\Users\\dev\\.gradle\\caches\\9.8.0\\transforms\\246a89f4bffee8e2d449f44dc8b10559\\transformed\\emoji2-1.4.0\\jars\\libs\\repackaged.jar;C:\\Users\\dev\\.gradle\\caches\\9.8.0\\transforms\\36d6e576e905a941d2c88b5d5b5d255a\\transformed\\core-1.19.1\\jars\\classes.jar;C:\\Users\\dev\\.gradle\\caches\\9.8.0\\transforms\\11711c4a53a2440e7f529315f51699d8\\transformed\\lifecycle-runtime\\jars\\classes.jar;C:\\Users\\dev\\.gradle\\caches\\9.8.0\\transforms\\7b89c9bd02a418fb5a9ef306ac7e9288\\transformed\\lifecycle-viewmodel-compose\\jars\\classes.jar;C:\\Users\\dev\\.gradle\\caches\\9.8.0\\transforms\\fd2e45559909fad6ac86605644c1d730\\transformed\\lifecycle-process-2.11.0\\jars\\classes.jar;C:\\Users\\dev\\.gradle\\caches\\9.8.0\\transforms\\7dc445deeff949fa010ea85ea6941cfd\\transformed\\lifecycle-runtime-compose\\jars\\classes.jar;C:\\Users\\dev\\.gradle\\caches\\9.8.0\\transforms\\ce71c2a4dbf90030df8384c4a021c4b9\\transformed\\material-icons-extended-release\\jars\\classes.jar;C:\\Users\\dev\\.gradle\\caches\\9.8.0\\transforms\\9ef0bf8a06f639dc7136168db6ac4fae\\transformed\\material-icons-core-release\\jars\\classes.jar;C:\\Users\\dev\\.gradle\\caches\\9.8.0\\transforms\\aba362599912cc16c5b316fb2fdf9ebf\\transformed\\ui\\jars\\classes.jar;C:\\Users\\dev\\.gradle\\caches\\9.8.0\\transforms\\4d4aeae78b98cf325fdd02191502aea0\\transformed\\ui-test-manifest-1.12.1\\jars\\classes.jar;C:\\Users\\dev\\.gradle\\caches\\9.8.0\\transforms\\2aa854c74c36221afb55e143be48352c\\transformed\\ui-test-junit4\\jars\\classes.jar;C:\\Users\\dev\\.gradle\\caches\\9.8.0\\transforms\\4cbbc1b468cc56f1705f3a1762983aa9\\transformed\\junit-1.3.0\\jars\\classes.jar;C:\\Users\\dev\\.gradle\\caches\\9.8.0\\transforms\\6008af5985036f3c78be9748fa4c3664\\transformed\\runner-1.5.0\\jars\\classes.jar;C:\\dev\\ptscratch\\wt-fix2\\core\\data\\build\\intermediates\\java_res\\debug\\processDebugJavaRes\\out;C:\\Users\\dev\\.gradle\\caches\\9.8.0\\transforms\\7afb8da4a14c85a13c9f01258107299c\\transformed\\room-runtime\\jars\\classes.jar;C:\\Users\\dev\\.gradle\\caches\\9.8.0\\transforms\\ad1bfc3d52c494c42f04e564de937fb6\\transformed\\room-ktx-2.8.5\\jars\\classes.jar;C:\\Users\\dev\\.gradle\\caches\\9.8.0\\transforms\\fdf48b1930741be85da415efce8735a9\\transformed\\profileinstaller-1.4.0\\jars\\classes.jar;C:\\Users\\dev\\.gradle\\caches\\9.8.0\\transforms\\1288a43a4f4204136b3f73ae89007cda\\transformed\\datastore-core\\jars\\classes.jar;C:\\Users\\dev\\.gradle\\caches\\9.8.0\\transforms\\2d766e96c27b8c6140959ec3d97c1c1c\\transformed\\datastore-preferences-core\\jars\\classes.jar;C:\\Users\\dev\\.gradle\\caches\\9.8.0\\transforms\\32129aa2ac08d9545b56121a31e86878\\transformed\\datastore\\jars\\classes.jar;C:\\Users\\dev\\.gradle\\caches\\9.8.0\\transforms\\1a3d60972021bcaed5bc094fcf71f068\\transformed\\datastore-preferences\\jars\\classes.jar;C:\\Users\\dev\\.gradle\\caches\\9.8.0\\transforms\\bbb2417ea01c70fe5cc770f4d242521a\\transformed\\storage-1.6.0\\jars\\classes.jar;C:\\Users\\dev\\.gradle\\caches\\9.8.0\\transforms\\520516167f4e92d6d85597f8af59803d\\transformed\\monitor-1.8.0\\jars\\classes.jar;C:\\Users\\dev\\.gradle\\caches\\9.8.0\\transforms\\e241a8ab130087e0ab2ef0b007e72b0c\\transformed\\core-viewtree-1.0.0\\jars\\classes.jar;C:\\Users\\dev\\.gradle\\caches\\9.8.0\\transforms\\f0a99457b3e05757f0c5bb45e63d5866\\transformed\\startup-runtime-1.1.1\\jars\\classes.jar;C:\\Users\\dev\\.gradle\\caches\\9.8.0\\transforms\\223e0ae8e3dd9af47ad2e71e60c3720a\\transformed\\tracing-1.2.0\\jars\\classes.jar;C:\\Users\\dev\\.gradle\\caches\\9.8.0\\transforms\\b66e57c64ccb68a39a10712488a386c5\\transformed\\tracing-ktx-1.2.0\\jars\\classes.jar;C:\\Users\\dev\\.gradle\\caches\\9.8.0\\transforms\\9de18a4e512f41853426afbb3679cb66\\transformed\\annotation-1.0.1\\jars\\classes.jar;C:\\Users\\dev\\.gradle\\caches\\9.8.0\\transforms\\a5f27ef0aaad58da21b1b8bfe62c4a1d\\transformed\\annotation-experimental-1.5.0\\jars\\classes.jar;C:\\Users\\dev\\.gradle\\caches\\9.8.0\\transforms\\e60a133639f2a82956d9f3cbc07cf312\\transformed\\interpolator-1.0.0\\jars\\classes.jar;C:\\Users\\dev\\.gradle\\caches\\9.8.0\\transforms\\0524470d7c64efd7c3db6810872348bd\\transformed\\versionedparcelable-1.1.1\\jars\\classes.jar;C:\\Users\\dev\\.gradle\\caches\\9.8.0\\transforms\\464f05932f1bd06fb923216a957dcef8\\transformed\\core-runtime-2.2.0\\jars\\classes.jar;C:\\Users\\dev\\.gradle\\caches\\9.8.0\\transforms\\593a5aa2f83c4da08f15961ea4dddefa\\transformed\\sqlite-framework\\jars\\classes.jar;C:\\Users\\dev\\.gradle\\caches\\9.8.0\\transforms\\5e8496e092555130e926a57586f06f65\\transformed\\sqlite\\jars\\classes.jar;C:\\Users\\dev\\.gradle\\caches\\9.8.0\\transforms\\2016c9275b535e6fe464ed9451748ef8\\transformed\\espresso-idling-resource-3.7.0\\jars\\classes.jar;C:\\dev\\ptscratch\\wt-fix2\\app\\build\\intermediates\\compile_and_runtime_r_class_jar\\debug\\processDebugResources\\R.jar;C:\\Users\\dev\\.gradle\\caches\\9.8.0\\transforms\\da5f85485ac5a6f81b4885d68f84de63\\transformed\\android.jar
Launcher Type: SUN_STANDARD

[Global flags]
     intx CICompilerCount                          = 12                                        {product} {ergonomic}
     uint ConcGCThreads                            = 4                                         {product} {ergonomic}
     uint G1ConcRefinementThreads                  = 14                                        {product} {ergonomic}
   size_t G1HeapRegionSize                         = 1048576                                   {product} {ergonomic}
    uintx GCDrainStackTargetSize                   = 64                                        {product} {ergonomic}
   size_t InitialHeapSize                          = 402653184                                 {product} {ergonomic}
   size_t MarkStackSize                            = 4194304                                   {product} {ergonomic}
   size_t MaxHeapSize                              = 536870912                                 {product} {command line}
   size_t MaxNewSize                               = 321912832                                 {product} {ergonomic}
   size_t MinHeapDeltaBytes                        = 1048576                                   {product} {ergonomic}
   size_t MinHeapSize                              = 8388608                                   {product} {ergonomic}
    uintx NonNMethodCodeHeapSize                   = 7602480                                {pd product} {ergonomic}
    uintx NonProfiledCodeHeapSize                  = 122027880                              {pd product} {ergonomic}
    uintx ProfiledCodeHeapSize                     = 122027880                              {pd product} {ergonomic}
    uintx ReservedCodeCacheSize                    = 251658240                              {pd product} {ergonomic}
     bool SegmentedCodeCache                       = true                                      {product} {ergonomic}
   size_t SoftMaxHeapSize                          = 536870912                              {manageable} {ergonomic}
     bool UseCompressedOops                        = true                           {product lp64_product} {ergonomic}
     bool UseG1GC                                  = true                                      {product} {ergonomic}
     bool UseLargePagesIndividualAllocation        = false                                  {pd product} {ergonomic}

Logging:
Log output configuration:
 #0: stdout all=warning uptime,level,tags foldmultilines=false
 #1: stderr all=off uptime,level,tags foldmultilines=false

Release file:
IMPLEMENTOR="Eclipse Adoptium" 
IMPLEMENTOR_VERSION="Temurin-21.0.12.1+1" 
JAVA_RUNTIME_VERSION="21.0.12.1+1-LTS" 
JAVA_VERSION="21.0.12.1" 
JAVA_VERSION_DATE="2026-08-18" 
LIBC="default" 
MODULES="java.base java.compiler java.datatransfer java.xml java.prefs java.desktop java.instrument java.logging java.management java.security.sasl java.naming java.rmi java.management.rmi java.net.http java.scripting java.security.jgss java.transaction.xa java.sql java.sql.rowset java.xml.crypto java.se java.smartcardio jdk.accessibility jdk.internal.jvmstat jdk.attach jdk.charsets jdk.internal.opt jdk.zipfs jdk.compiler jdk.crypto.ec jdk.crypto.cryptoki jdk.crypto.mscapi jdk.dynalink jdk.internal.ed jdk.editpad jdk.hotspot.agent jdk.httpserver jdk.incubator.vector jdk.internal.le jdk.internal.vm.ci jdk.internal.vm.compiler jdk.internal.vm.compiler.management jdk.jartool jdk.javadoc jdk.jcmd jdk.management jdk.management.agent jdk.jconsole jdk.jdeps jdk.jdwp.agent jdk.jdi jdk.jfr jdk.jlink jdk.jpackage jdk.jshell jdk.jsobject jdk.jstatd jdk.localedata jdk.management.jfr jdk.naming.dns jdk.naming.rmi jdk.net jdk.nio.mapmode jdk.random jdk.sctp jdk.security.auth jdk.security.jgss jdk.unsupported jdk.unsupported.desktop jdk.xml.dom" 
OS_ARCH="x86_64" 
OS_NAME="Windows" 
SOURCE=".:git:1c417fbfc2f7" 
BUILD_SOURCE="git:e6ba7dec3d07654074559310376a3ae89da5f4ac"
BUILD_SOURCE_REPO="https://github.com/adoptium/temurin-build.git"
SOURCE_REPO="https://github.com/adoptium/jdk21u.git"
FULL_VERSION="21.0.12.1+1-LTS"
SEMANTIC_VERSION="21.0.12.1+1"
BUILD_INFO="OS: Windows Server 2022 Version: 10.0"
JVM_VARIANT="Hotspot"
JVM_VERSION="21.0.12.1+1-LTS"
IMAGE_TYPE="JDK"

Environment Variables:
JAVA_HOME=C:\Users\dev\AppData\Local/Java/jdk-21.0.12.1+1
PATH=C;C:\Users\dev\AppData\Local\Java\jdk-21.0.12.1+1\bin;C:\Users\dev\bin;C:\Program Files\Git\mingw64\bin;C:\Program Files\Git\usr\local\bin;C:\Program Files\Git\usr\bin;C:\Program Files\Git\usr\bin;C:\Program Files\Git\mingw64\bin;C:\Program Files\Git\usr\bin;C:\Users\dev\bin;C:\Program Files\Python314\Scripts;C:\Program Files\Python314;C:\WINDOWS\system32;C:\WINDOWS;C:\WINDOWS\System32\Wbem;C:\WINDOWS\System32\WindowsPowerShell\v1.0;C:\WINDOWS\System32\OpenSSH;C:\Program Files\Git\cmd;C:\Program Files\GitHub CLI;C:\Program Files\dotnet;C:\Program Files\nodejs;C:\Program Files\Go\bin;C:\Program Files\gsudo\Current;C:\Users\dev\AppData\Local\Microsoft\WindowsApps;C:\Users\dev\.dotnet\tools;C:\Users\dev\AppData\Roaming\npm;C:\Users\dev\.local\bin;C:\Users\dev\AppData\Local\Programs\orca\resources\bin;C:\Users\dev\go\bin;C:\Users\dev\AppData\Local\Microsoft\WinGet\Packages\jqlang.jq_Microsoft.Winget.Source_8wekyb3d8bbwe;C:\Users\dev\AppData\Local\Microsoft\WinGet\Packages\Genymobile.scrcpy_Microsoft.Winget.Source_8wekyb3d8bbwe\scrcpy-win64-v4.1;C:\Users\dev\AppData\Local\Microsoft\WinGet\Packages\BrechtSanders.WinLibs.POSIX.UCRT_Microsoft.Winget.Source_8wekyb3d8bbwe\mingw64\bin;C:\Program Files\nodejs;C:\Program Files\Python314;C:\Program Files\Git\mingw64\bin;C:\Program Files\GitHub CLI;C:\Program Files\Git\usr\bin\vendor_perl;C:\Program Files\Git\usr\bin\core_perl
USERNAME=dev
SHELL=C:\Program Files\Git\usr\bin\bash.exe
TERM=xterm-256color
OS=Windows_NT
PROCESSOR_IDENTIFIER=AMD64 Family 23 Model 113 Stepping 0, AuthenticAMD
TMP=C:\Users\dev\AppData\Local\Temp
TEMP=C:\Users\dev\AppData\Local\Temp




Periodic native trim disabled

---------------  S Y S T E M  ---------------

OS:
 Windows 11 , 64 bit Build 26100 (10.0.26100.9444)
OS uptime: 6 days 2:36 hours
Hyper-V role detected

CPU: total 18 (initial active 18) (18 cores per cpu, 1 threads per core) family 23 model 113 stepping 0 microcode 0x8701034, cx8, cmov, fxsr, mmx, 3dnowpref, sse, sse2, sse3, ssse3, sse4a, sse4.1, sse4.2, popcnt, lzcnt, tsc, avx, avx2, aes, clmul, bmi1, bmi2, adx, sha, fma, vzeroupper, clflush, clflushopt, hv, rdtscp, rdpid, f16c
Processor Information for the first 18 processors :
  Max Mhz: 3800, Current Mhz: 3800, Mhz Limit: 3800

Memory: 4k page, system-wide physical 24508M (1206M free)
TotalPageFile size 48060M (AvailPageFile size 0M)
current process WorkingSet (physical memory assigned to process): 361M, peak: 361M
current process commit charge ("private bytes"): 408M, peak: 556M

vm_info: OpenJDK 64-Bit Server VM (21.0.12.1+1-LTS) for windows-amd64 JRE (21.0.12.1+1-LTS), built on 2026-08-18T00:00:00Z by "admin" with MS VC++ 17.12 (VS2022)

END.
