version 2
JvmtiExport can_access_local_variables 0
JvmtiExport can_hotswap_or_post_breakpoint 0
JvmtiExport can_post_on_exceptions 0
# 171 ciObject found
instanceKlass org/objectweb/asm/ClassReader
ciInstanceKlass java/lang/Cloneable 1 0 7 100 1 100 1 1 1
instanceKlass com/google/common/base/Throwables
instanceKlass java/io/FileOutputStream$1
instanceKlass com/google/common/io/ByteArrayDataOutput
instanceKlass com/google/common/io/ByteArrayDataInput
instanceKlass com/google/common/io/ByteStreams
instanceKlass  @bci com/google/common/io/Closer <clinit> ()V 0 <appendix> argL0 ; # com/google/common/io/Closer$$Lambda+0x0000021f84284c00
instanceKlass  @cpi com/google/common/io/Closer 177 form vmentry <vmtarget> ; # java/lang/invoke/LambdaForm$DMH+0x0000021f84284800
# instanceKlass java/lang/invoke/LambdaForm$DMH+0x0000021f84284400
instanceKlass com/google/common/io/Closer$Suppressor
instanceKlass com/google/common/io/Closer
instanceKlass com/google/common/io/CharSink
instanceKlass  @bci com/google/common/io/Files <clinit> ()V 0 <appendix> argL0 ; # com/google/common/io/Files$$Lambda+0x0000021f84287b10
instanceKlass com/google/common/graph/SuccessorsFunction
instanceKlass com/google/common/io/ByteSink
instanceKlass com/google/common/base/Predicate
instanceKlass com/google/common/io/Files
instanceKlass com/google/common/io/CharSource
instanceKlass com/google/common/hash/PrimitiveSink
instanceKlass  @bci java/util/stream/StreamSpliterators$WrappingSpliterator initPartialTraversalState ()V 37 <appendix> member <vmtarget> ; # java/util/stream/StreamSpliterators$WrappingSpliterator$$Lambda+0x0000021f84275d08
instanceKlass java/util/function/BooleanSupplier
instanceKlass  @bci java/util/stream/StreamSpliterators$WrappingSpliterator initPartialTraversalState ()V 24 <appendix> member <vmtarget> ; # java/util/stream/StreamSpliterators$WrappingSpliterator$$Lambda+0x0000021f84275858
instanceKlass  @bci java/nio/file/Files walk (Ljava/nio/file/Path;I[Ljava/nio/file/FileVisitOption;)Ljava/util/stream/Stream; 43 <appendix> argL0 ; # java/nio/file/Files$$Lambda+0x0000021f84275618
instanceKlass  @bci java/nio/file/Files walk (Ljava/nio/file/Path;I[Ljava/nio/file/FileVisitOption;)Ljava/util/stream/Stream; 30 <appendix> member <vmtarget> ; # java/nio/file/Files$$Lambda+0x0000021f842753f0
instanceKlass java/nio/file/FileTreeWalker$Event
instanceKlass jdk/nio/zipfs/ZipDirectoryStream$1
instanceKlass java/nio/file/FileTreeWalker$DirectoryNode
instanceKlass jdk/nio/zipfs/ZipDirectoryStream
instanceKlass java/time/chrono/AbstractChronology
instanceKlass java/time/chrono/Chronology
instanceKlass java/time/LocalDate$1
instanceKlass  @bci java/time/temporal/TemporalAdjusters nextOrSame (Ljava/time/DayOfWeek;)Ljava/time/temporal/TemporalAdjuster; 6 <appendix> member <vmtarget> ; # java/time/temporal/TemporalAdjusters$$Lambda+0x0000021f84274460
instanceKlass  @cpi java/time/temporal/TemporalAdjusters 209 form vmentry <vmtarget> ; # java/lang/invoke/LambdaForm$DMH+0x0000021f84284000
instanceKlass java/time/temporal/TemporalAdjusters
instanceKlass java/time/zone/Ser
instanceKlass java/time/zone/ZoneRulesProvider$1
instanceKlass java/time/zone/ZoneRulesProvider
instanceKlass jdk/nio/zipfs/ZipUtils
instanceKlass java/nio/file/FileTreeWalker
instanceKlass java/nio/file/FileTreeIterator
instanceKlass jdk/nio/zipfs/ZipFileSystem$END
instanceKlass jdk/nio/zipfs/ZipConstants
instanceKlass sun/nio/fs/WindowsChannelFactory$2
instanceKlass java/nio/file/attribute/PosixFileAttributeView
instanceKlass jdk/nio/zipfs/ZipFileAttributeView
instanceKlass jdk/nio/zipfs/ZipPath
instanceKlass jdk/nio/zipfs/ZipCoder
instanceKlass sun/nio/fs/WindowsSecurity
instanceKlass sun/nio/fs/AbstractAclFileAttributeView
instanceKlass java/nio/file/attribute/AclFileAttributeView
instanceKlass java/nio/file/attribute/FileOwnerAttributeView
instanceKlass  @bci jdk/nio/zipfs/ZipFileSystem <init> (Ljdk/nio/zipfs/ZipFileSystemProvider;Ljava/nio/file/Path;Ljava/util/Map;)V 431 <appendix> member <vmtarget> ; # jdk/nio/zipfs/ZipFileSystem$$Lambda+0x0000021f840a79c8
instanceKlass sun/nio/fs/WindowsFileSystemProvider$1
instanceKlass java/util/concurrent/locks/ReentrantReadWriteLock$WriteLock
instanceKlass java/util/concurrent/locks/ReentrantReadWriteLock$ReadLock
instanceKlass java/util/concurrent/locks/ReentrantReadWriteLock
instanceKlass  @bci java/util/function/Function identity ()Ljava/util/function/Function; 0 <appendix> argL0 ; # java/util/function/Function$$Lambda+0x0000021f8417f1d8
instanceKlass java/nio/file/attribute/PosixFilePermissions
instanceKlass  @bci jdk/nio/zipfs/ZipFileSystem <clinit> ()V 0 <appendix> argL0 ; # jdk/nio/zipfs/ZipFileSystem$$Lambda+0x0000021f840a77a8
instanceKlass java/nio/file/attribute/PosixFileAttributes
instanceKlass jdk/nio/zipfs/ZipFileAttributes
instanceKlass jdk/nio/zipfs/ZipFileSystem$IndexNode
instanceKlass java/util/concurrent/locks/ReadWriteLock
instanceKlass sun/nio/fs/WindowsLinkSupport
instanceKlass java/util/AbstractMap$SimpleEntry
instanceKlass jdk/internal/jimage/ImageBufferCache$2
instanceKlass jdk/internal/jimage/ImageBufferCache
instanceKlass  @bci sun/net/www/protocol/jrt/JavaRuntimeURLConnection <clinit> ()V 0 <appendix> argL0 ; # sun/net/www/protocol/jrt/JavaRuntimeURLConnection$$Lambda+0x0000021f8417cb48
instanceKlass java/nio/channels/AsynchronousFileChannel
instanceKlass java/nio/channels/AsynchronousChannel
instanceKlass java/nio/file/FileStore
instanceKlass java/nio/file/spi/FileSystemProvider$1
instanceKlass com/google/common/collect/CollectPreconditions
instanceKlass com/google/common/collect/ImmutableMap
instanceKlass com/google/common/base/MoreObjects
instanceKlass com/google/common/io/ByteSource
instanceKlass com/google/common/io/LineProcessor
instanceKlass com/google/common/io/Resources
instanceKlass android/util/ArraySet
instanceKlass android/sysprop/DeviceProperties
instanceKlass java/lang/invoke/MethodHandleImpl$CountingWrapper$1
instanceKlass  @bci android/os/Build getLong (Ljava/lang/String;)J 1 <adapter> ; # java/lang/invoke/LambdaForm$MH+0x0000021f8426ec00
# instanceKlass java/lang/invoke/LambdaForm$MH+0x0000021f8426e800
# instanceKlass java/lang/invoke/LambdaForm$MH+0x0000021f8426e400
# instanceKlass java/lang/invoke/LambdaForm$MH+0x0000021f8426e000
# instanceKlass java/lang/invoke/LambdaForm$MH+0x0000021f8426dc00
# instanceKlass java/lang/invoke/LambdaForm$MH+0x0000021f8426d800
# instanceKlass java/lang/invoke/LambdaForm$MH+0x0000021f8426d400
# instanceKlass java/lang/invoke/LambdaForm$MH+0x0000021f8426d000
# instanceKlass java/lang/invoke/LambdaForm$MH+0x0000021f8426cc00
# instanceKlass java/lang/invoke/LambdaForm$MH+0x0000021f8426c800
# instanceKlass java/lang/invoke/LambdaForm$DMH+0x0000021f8426c400
instanceKlass  @cpi android/os/Build 827 form vmentry <vmtarget> ; # java/lang/invoke/LambdaForm$DMH+0x0000021f8426c000
# instanceKlass java/lang/invoke/LambdaForm$DMH+0x0000021f8426bc00
instanceKlass  @bci android/os/SystemProperties getBoolean (Ljava/lang/String;Z)Z 2 <adapter> ; # java/lang/invoke/LambdaForm$MH+0x0000021f8426b800
# instanceKlass java/lang/invoke/LambdaForm$MH+0x0000021f8426b400
# instanceKlass java/lang/invoke/LambdaForm$MH+0x0000021f8426b000
# instanceKlass java/lang/invoke/LambdaForm$MH+0x0000021f8426ac00
# instanceKlass java/lang/invoke/LambdaForm$MH+0x0000021f8426a800
# instanceKlass java/lang/invoke/LambdaForm$MH+0x0000021f8426a400
# instanceKlass java/lang/invoke/LambdaForm$MH+0x0000021f8426a000
# instanceKlass java/lang/invoke/LambdaForm$MH+0x0000021f84269c00
instanceKlass  @bci dalvik/system/VMRuntime is64Bit ()Z 1 <adapter> ; # java/lang/invoke/LambdaForm$MH+0x0000021f84269800
# instanceKlass java/lang/invoke/LambdaForm$MH+0x0000021f84269400
# instanceKlass java/lang/invoke/LambdaForm$MH+0x0000021f84269000
# instanceKlass java/lang/invoke/LambdaForm$MH+0x0000021f84268c00
# instanceKlass java/lang/invoke/LambdaForm$MH+0x0000021f84268800
# instanceKlass java/lang/invoke/LambdaForm$MH+0x0000021f84268400
# instanceKlass java/lang/invoke/LambdaForm$MH+0x0000021f84268000
# instanceKlass java/lang/invoke/LambdaForm$MH+0x0000021f84265c00
# instanceKlass java/lang/invoke/LambdaForm$MH+0x0000021f84265800
# instanceKlass java/lang/invoke/LambdaForm$DMH+0x0000021f84265400
# instanceKlass java/lang/invoke/LambdaForm$MH+0x0000021f84265000
# instanceKlass java/lang/invoke/LambdaForm$MH+0x0000021f84264c00
# instanceKlass java/lang/invoke/LambdaForm$MH+0x0000021f84264800
# instanceKlass java/lang/invoke/LambdaForm$MH+0x0000021f84264400
instanceKlass org/robolectric/annotation/ReflectorObject
instanceKlass org/robolectric/annotation/RealObject
instanceKlass org/robolectric/internal/bytecode/ShadowWrangler$ShadowMetadata
instanceKlass dalvik/system/VMRuntime$HiddenApiUsageLogger
instanceKlass dalvik/system/DexFile$OptimizationInfo
instanceKlass javax/annotation/Nullable
instanceKlass org/robolectric/shadows/ShadowVMRuntime
instanceKlass dalvik/system/VMRuntime
instanceKlass  @bci android/os/Process is64Bit ()Z 0 <adapter> ; # java/lang/invoke/LambdaForm$MH+0x0000021f84264000
# instanceKlass java/lang/invoke/LambdaForm$MH+0x0000021f84263c00
# instanceKlass java/lang/invoke/LambdaForm$MH+0x0000021f84263800
# instanceKlass java/lang/invoke/LambdaForm$MH+0x0000021f84263400
# instanceKlass java/lang/invoke/LambdaForm$MH+0x0000021f84263000
instanceKlass  @cpi android/os/Process 789 form vmentry <vmtarget> ; # java/lang/invoke/LambdaForm$DMH+0x0000021f84262c00
instanceKlass  @bci android/net/LocalSocketAddress <init> (Ljava/lang/String;Landroid/net/LocalSocketAddress$Namespace;)V 11 <adapter> ; # java/lang/invoke/LambdaForm$MH+0x0000021f84262800
# instanceKlass java/lang/invoke/LambdaForm$MH+0x0000021f84262400
# instanceKlass java/lang/invoke/LambdaForm$MH+0x0000021f84262000
# instanceKlass java/lang/invoke/LambdaForm$MH+0x0000021f84261c00
# instanceKlass java/lang/invoke/LambdaForm$DMH+0x0000021f84261800
# instanceKlass java/lang/invoke/LambdaForm$MH+0x0000021f84261400
# instanceKlass java/lang/invoke/LambdaForm$MH+0x0000021f84261000
# instanceKlass java/lang/invoke/LambdaForm$MH+0x0000021f84260c00
# instanceKlass java/lang/invoke/LambdaForm$MH+0x0000021f84260800
instanceKlass  @bci android/net/LocalSocketAddress$Namespace <init> (Ljava/lang/String;II)V 14 <adapter> ; # java/lang/invoke/LambdaForm$MH+0x0000021f84260400
# instanceKlass java/lang/invoke/LambdaForm$MH+0x0000021f84260000
# instanceKlass java/lang/invoke/LambdaForm$MH+0x0000021f8425fc00
# instanceKlass java/lang/invoke/LambdaForm$DMH+0x0000021f8425f800
# instanceKlass java/lang/invoke/LambdaForm$MH+0x0000021f8425f400
# instanceKlass java/lang/invoke/LambdaForm$MH+0x0000021f8425f000
# instanceKlass java/lang/invoke/LambdaForm$MH+0x0000021f8425ec00
# instanceKlass java/lang/invoke/LambdaForm$DMH+0x0000021f8425e800
# instanceKlass java/lang/invoke/LambdaForm$MH+0x0000021f8425e400
# instanceKlass java/lang/invoke/LambdaForm$MH+0x0000021f8425e000
# instanceKlass java/lang/invoke/LambdaForm$MH+0x0000021f8425dc00
# instanceKlass java/lang/invoke/LambdaForm$MH+0x0000021f8425d800
# instanceKlass java/lang/invoke/LambdaForm$DMH+0x0000021f8425d400
# instanceKlass java/lang/invoke/LambdaForm$MH+0x0000021f8425d000
# instanceKlass java/lang/invoke/LambdaForm$MH+0x0000021f8425cc00
# instanceKlass java/lang/invoke/LambdaForm$MH+0x0000021f8425c800
# instanceKlass java/lang/invoke/LambdaForm$MH+0x0000021f8425c400
# instanceKlass java/lang/invoke/LambdaForm$MH+0x0000021f8425c000
instanceKlass android/os/ZygoteProcess$ZygoteState
instanceKlass android/content/pm/PackageItemInfo
instanceKlass android/net/LocalSocketAddress
instanceKlass android/os/ZygoteProcess
instanceKlass android/os/UserHandle
instanceKlass android/os/Process$ProcessStartResult
instanceKlass org/robolectric/shadows/ShadowProcess
instanceKlass android/os/Process
instanceKlass  @bci android/os/Build $$robo$$android_os_Build$joinListOrElse (Ljava/util/List;Ljava/lang/String;)Ljava/lang/String; 6 <appendix> argL0 ; # android/os/Build$$Lambda+0x0000021f842560a8
instanceKlass  @bci android/sysprop/TelephonyProperties $$robo$$android_sysprop_TelephonyProperties$baseband_version ()Ljava/util/List; 7 <appendix> argL0 ; # android/sysprop/TelephonyProperties$$Lambda+0x0000021f84255e68
# instanceKlass java/lang/invoke/LambdaForm$MH+0x0000021f84253400
instanceKlass android/sysprop/TelephonyProperties
# instanceKlass java/lang/invoke/LambdaForm$MH+0x0000021f84253000
# instanceKlass java/lang/invoke/LambdaForm$MH+0x0000021f84252c00
# instanceKlass java/lang/invoke/LambdaForm$MH+0x0000021f84252800
# instanceKlass java/lang/invoke/LambdaForm$MH+0x0000021f84252400
# instanceKlass java/lang/invoke/LambdaForm$MH+0x0000021f84252000
# instanceKlass java/lang/invoke/LambdaForm$MH+0x0000021f84251c00
instanceKlass android/sysprop/SocProperties
instanceKlass com/google/common/base/CommonPattern
instanceKlass com/google/common/base/Platform$JdkPatternCompiler
instanceKlass com/google/common/base/PatternCompiler
instanceKlass com/google/common/base/Platform
instanceKlass com/google/common/base/Strings
instanceKlass android/text/TextUtils$1
instanceKlass android/icu/text/Edits$Iterator
instanceKlass android/util/Printer
instanceKlass android/text/TextDirectionHeuristic
instanceKlass android/text/TextUtils$EllipsizeCallback
instanceKlass android/graphics/Paint
instanceKlass org/robolectric/shadows/ShadowTextUtils
instanceKlass android/text/Spannable
instanceKlass android/text/Spanned
instanceKlass android/text/TextUtils
instanceKlass java/lang/invoke/DirectMethodHandle$1
instanceKlass  @cpi android/os/Build 831 form vmentry <vmtarget> ; # java/lang/invoke/LambdaForm$DMH+0x0000021f84251800
# instanceKlass java/lang/invoke/LambdaForm$MH+0x0000021f84251400
# instanceKlass java/lang/invoke/LambdaForm$MH+0x0000021f84251000
# instanceKlass java/lang/invoke/LambdaForm$MH+0x0000021f84250c00
# instanceKlass java/lang/invoke/LambdaForm$MH+0x0000021f84250800
# instanceKlass java/lang/invoke/LambdaForm$MH+0x0000021f84250400
instanceKlass android/os/SystemProperties$Handle
instanceKlass org/robolectric/shadows/ShadowSystemProperties
instanceKlass android/os/SystemProperties
# instanceKlass java/lang/invoke/LambdaForm$MH+0x0000021f84250000
# instanceKlass java/lang/invoke/LambdaForm$MH+0x0000021f8424b400
instanceKlass org/robolectric/annotation/Resetter
instanceKlass org/robolectric/annotation/Filter
instanceKlass org/robolectric/internal/bytecode/ShadowInfo
instanceKlass org/robolectric/annotation/Implements$DefaultShadowPicker
instanceKlass org/robolectric/shadow/api/ShadowPicker
instanceKlass org/robolectric/annotation/Implements
instanceKlass org/robolectric/shadows/ShadowBuild
instanceKlass android/os/Build
instanceKlass android/os/Build$VERSION
instanceKlass  @bci org/robolectric/nativeruntime/DefaultNativeRuntimeLoader ensureLoaded ()V 66 <appendix> member <vmtarget> ; # org/robolectric/nativeruntime/DefaultNativeRuntimeLoader$$Lambda+0x0000021f8424d4a8
instanceKlass org/robolectric/util/PerfStatsCollector$ThrowingRunnable
instanceKlass android/database/sqlite/SQLiteClosable
instanceKlass com/google/common/collect/ObjectArrays
instanceKlass com/google/common/collect/UnmodifiableIterator
instanceKlass org/robolectric/nativeruntime/DefaultNativeRuntimeLoader
instanceKlass org/robolectric/pluginapi/NativeRuntimeLoader
instanceKlass  @bci android/util/ArraySet <init> ([Ljava/lang/Object;)V 10 <adapter> ; # java/lang/invoke/LambdaForm$MH+0x0000021f8424b000
# instanceKlass java/lang/invoke/LambdaForm$MH+0x0000021f8424ac00
# instanceKlass java/lang/invoke/LambdaForm$MH+0x0000021f8424a800
# instanceKlass java/lang/invoke/LambdaForm$DMH+0x0000021f8424a400
# instanceKlass java/lang/invoke/LambdaForm$MH+0x0000021f8424a000
# instanceKlass java/lang/invoke/LambdaForm$MH+0x0000021f84249c00
# instanceKlass java/lang/invoke/LambdaForm$MH+0x0000021f84249800
# instanceKlass java/lang/invoke/LambdaForm$MH+0x0000021f84249400
# instanceKlass java/lang/invoke/LambdaForm$MH+0x0000021f84249000
# instanceKlass java/lang/invoke/LambdaForm$MH+0x0000021f84248c00
instanceKlass androidx/test/platform/app/InstrumentationRegistry
instanceKlass android/os/Bundle$1
instanceKlass  @bci org/robolectric/internal/bytecode/InvokeDynamicSupport bootstrapStatic (Ljava/lang/invoke/MethodHandles$Lookup;Ljava/lang/String;Ljava/lang/invoke/MethodType;Ljava/lang/invoke/MethodHandle;I)Ljava/lang/invoke/CallSite; 11 <appendix> member <vmtarget> ; # org/robolectric/internal/bytecode/InvokeDynamicSupport$$Lambda+0x0000021f8422d6b0
instanceKlass  @cpi android/util/ArrayMap 511 form vmentry <vmtarget> ; # java/lang/invoke/LambdaForm$DMH+0x0000021f84248800
instanceKlass  @bci android/util/ArrayMap $$robo$$android_util_ArrayMap$put (Ljava/lang/Object;Ljava/lang/Object;)Ljava/lang/Object; 178 <adapter> ; # java/lang/invoke/LambdaForm$MH+0x0000021f84248400
# instanceKlass java/lang/invoke/LambdaForm$DMH+0x0000021f84248000
instanceKlass  @bci android/util/ArrayMap $$robo$$android_util_ArrayMap$put (Ljava/lang/Object;Ljava/lang/Object;)Ljava/lang/Object; 178 <appendix> form vmentry <vmtarget> ; # java/lang/invoke/LambdaForm$DMH+0x0000021f84247c00
instanceKlass org/robolectric/interceptors/AndroidInterceptors
instanceKlass  @bci org/robolectric/internal/bytecode/InvokeDynamicSupport bootstrapIntrinsic (Ljava/lang/invoke/MethodHandles$Lookup;Ljava/lang/String;Ljava/lang/invoke/MethodType;Ljava/lang/String;)Ljava/lang/invoke/CallSite; 8 <appendix> member <vmtarget> ; # org/robolectric/internal/bytecode/InvokeDynamicSupport$$Lambda+0x0000021f8422d058
# instanceKlass java/lang/invoke/LambdaForm$MH+0x0000021f84247800
instanceKlass  @bci java/lang/invoke/BootstrapMethodInvoker invoke (Ljava/lang/Class;Ljava/lang/invoke/MethodHandle;Ljava/lang/String;Ljava/lang/Object;Ljava/lang/Object;Ljava/lang/Class;)Ljava/lang/Object; 211 <adapter> ; # java/lang/invoke/LambdaForm$MH+0x0000021f84247400
instanceKlass  @bci android/util/ArrayMap indexOf (Ljava/lang/Object;I)I 3 <adapter> ; # java/lang/invoke/LambdaForm$MH+0x0000021f84247000
# instanceKlass java/lang/invoke/LambdaForm$MH+0x0000021f84246c00
# instanceKlass java/lang/invoke/LambdaForm$MH+0x0000021f84246800
# instanceKlass java/lang/invoke/LambdaForm$MH+0x0000021f84246400
# instanceKlass java/lang/invoke/LambdaForm$MH+0x0000021f84246000
# instanceKlass java/lang/invoke/LambdaForm$DMH+0x0000021f84245c00
# instanceKlass java/lang/invoke/LambdaForm$MH+0x0000021f84245800
# instanceKlass java/lang/invoke/LambdaForm$MH+0x0000021f84245400
# instanceKlass java/lang/invoke/LambdaForm$MH+0x0000021f84245000
# instanceKlass java/lang/invoke/LambdaForm$MH+0x0000021f84244c00
# instanceKlass java/lang/invoke/LambdaForm$MH+0x0000021f84244800
# instanceKlass java/lang/invoke/LambdaForm$MH+0x0000021f84244400
# instanceKlass java/lang/invoke/LambdaForm$MH+0x0000021f84244000
# instanceKlass java/lang/invoke/LambdaForm$DMH+0x0000021f84243c00
# instanceKlass java/lang/invoke/LambdaForm$MH+0x0000021f84243800
# instanceKlass java/lang/invoke/LambdaForm$MH+0x0000021f84243400
# instanceKlass java/lang/invoke/LambdaForm$MH+0x0000021f84243000
# instanceKlass java/lang/invoke/LambdaForm$MH+0x0000021f84242c00
# instanceKlass java/lang/invoke/LambdaForm$MH+0x0000021f84242800
# instanceKlass java/lang/invoke/LambdaForm$MH+0x0000021f84242400
instanceKlass  @bci android/util/ArraySet <init> ()V 11 <adapter> ; # java/lang/invoke/LambdaForm$MH+0x0000021f84242000
# instanceKlass java/lang/invoke/LambdaForm$MH+0x0000021f84241c00
# instanceKlass java/lang/invoke/LambdaForm$MH+0x0000021f84241800
# instanceKlass java/lang/invoke/LambdaForm$MH+0x0000021f84241400
# instanceKlass java/lang/invoke/LambdaForm$MH+0x0000021f84241000
# instanceKlass java/lang/invoke/LambdaForm$MH+0x0000021f84240c00
# instanceKlass java/lang/invoke/LambdaForm$MH+0x0000021f84240800
# instanceKlass java/lang/invoke/LambdaForm$MH+0x0000021f84240400
instanceKlass  @bci android/util/ArrayMap <init> (I)V 12 <adapter> ; # java/lang/invoke/LambdaForm$MH+0x0000021f84240000
# instanceKlass java/lang/invoke/LambdaForm$MH+0x0000021f8423fc00
# instanceKlass java/lang/invoke/LambdaForm$MH+0x0000021f8423f800
# instanceKlass java/lang/invoke/LambdaForm$MH+0x0000021f8423f400
# instanceKlass java/lang/invoke/LambdaForm$MH+0x0000021f8423f000
# instanceKlass java/lang/invoke/LambdaForm$MH+0x0000021f8423ec00
# instanceKlass java/lang/invoke/LambdaForm$MH+0x0000021f8423e800
# instanceKlass java/lang/invoke/LambdaForm$MH+0x0000021f8423e400
# instanceKlass java/lang/invoke/LambdaForm$MH+0x0000021f8423e000
# instanceKlass java/lang/invoke/LambdaForm$MH+0x0000021f8423dc00
# instanceKlass java/lang/invoke/LambdaForm$MH+0x0000021f8423d800
# instanceKlass java/lang/invoke/LambdaForm$MH+0x0000021f8423d400
# instanceKlass java/lang/invoke/LambdaForm$MH+0x0000021f8423d000
# instanceKlass java/lang/invoke/LambdaForm$MH+0x0000021f8423cc00
instanceKlass android/util/EmptyArray
instanceKlass  @bci android/util/ArraySet <init> (IZ)V 11 <adapter> ; # java/lang/invoke/LambdaForm$MH+0x0000021f8423c800
# instanceKlass java/lang/invoke/LambdaForm$MH+0x0000021f8423c400
# instanceKlass java/lang/invoke/LambdaForm$MH+0x0000021f8423c000
# instanceKlass java/lang/invoke/LambdaForm$DMH+0x0000021f8423bc00
# instanceKlass java/lang/invoke/LambdaForm$MH+0x0000021f8423b800
# instanceKlass java/lang/invoke/LambdaForm$MH+0x0000021f8423b400
# instanceKlass java/lang/invoke/LambdaForm$MH+0x0000021f8423b000
# instanceKlass java/lang/invoke/LambdaForm$DMH+0x0000021f8423ac00
# instanceKlass java/lang/invoke/LambdaForm$MH+0x0000021f8423a800
instanceKlass  @cpi android/net/LocalSocketAddress$Namespace 95 form vmentry <vmtarget> ; # java/lang/invoke/LambdaForm$DMH+0x0000021f8423a400
# instanceKlass java/lang/invoke/LambdaForm$MH+0x0000021f8423a000
# instanceKlass java/lang/invoke/LambdaForm$MH+0x0000021f84239c00
# instanceKlass java/lang/invoke/LambdaForm$MH+0x0000021f84239800
# instanceKlass java/lang/invoke/LambdaForm$MH+0x0000021f84239400
# instanceKlass java/lang/invoke/LambdaForm$DMH+0x0000021f84239000
# instanceKlass java/lang/invoke/LambdaForm$DMH+0x0000021f84238c00
# instanceKlass java/lang/invoke/LambdaForm$MH+0x0000021f84238800
# instanceKlass java/lang/invoke/LambdaForm$MH+0x0000021f84238400
# instanceKlass java/lang/invoke/LambdaForm$MH+0x0000021f84238000
instanceKlass  @cpi android/util/ArraySet 471 form vmentry <vmtarget> ; # java/lang/invoke/LambdaForm$DMH+0x0000021f84237c00
instanceKlass android/util/MapCollections
instanceKlass  @bci android/util/ArrayMap freeArrays ([I[Ljava/lang/Object;I)V 3 <adapter> ; # java/lang/invoke/LambdaForm$MH+0x0000021f84237800
# instanceKlass java/lang/invoke/LambdaForm$MH+0x0000021f84237400
# instanceKlass java/lang/invoke/LambdaForm$MH+0x0000021f84237000
# instanceKlass java/lang/invoke/LambdaForm$DMH+0x0000021f84236c00
# instanceKlass java/lang/invoke/LambdaForm$MH+0x0000021f84236800
# instanceKlass java/lang/invoke/LambdaForm$MH+0x0000021f84236400
# instanceKlass java/lang/invoke/LambdaForm$MH+0x0000021f84236000
# instanceKlass java/lang/invoke/LambdaForm$DMH+0x0000021f84235c00
# instanceKlass java/lang/invoke/LambdaForm$MH+0x0000021f84235800
# instanceKlass java/lang/invoke/LambdaForm$DMH+0x0000021f84235400
# instanceKlass java/lang/invoke/LambdaForm$MH+0x0000021f84235000
instanceKlass sun/invoke/util/ValueConversions$Handles
# instanceKlass java/lang/invoke/LambdaForm$MH+0x0000021f84234c00
# instanceKlass java/lang/invoke/LambdaForm$MH+0x0000021f84234800
# instanceKlass java/lang/invoke/LambdaForm$DMH+0x0000021f84234400
# instanceKlass java/lang/invoke/LambdaForm$MH+0x0000021f84234000
instanceKlass  @bci org/robolectric/internal/bytecode/ShadowWrangler findShadowMethodHandle (Ljava/lang/Class;Ljava/lang/String;Ljava/lang/invoke/MethodType;ZZ)Ljava/lang/invoke/MethodHandle; 13 <adapter> ; # java/lang/invoke/LambdaForm$MH+0x0000021f84233c00
# instanceKlass java/lang/invoke/LambdaForm$DMH+0x0000021f84233800
instanceKlass  @bci org/robolectric/internal/bytecode/ShadowWrangler findShadowMethodHandle (Ljava/lang/Class;Ljava/lang/String;Ljava/lang/invoke/MethodType;ZZ)Ljava/lang/invoke/MethodHandle; 13 <appendix> form vmentry <vmtarget> ; # java/lang/invoke/LambdaForm$DMH+0x0000021f84233400
instanceKlass  @bci org/robolectric/internal/bytecode/ShadowWrangler findShadowMethodHandle (Ljava/lang/Class;Ljava/lang/String;Ljava/lang/invoke/MethodType;ZZ)Ljava/lang/invoke/MethodHandle; 13 <appendix> member <vmtarget> ; # org/robolectric/internal/bytecode/ShadowWrangler$$Lambda+0x0000021f8421eba0
instanceKlass  @cpi org/robolectric/internal/bytecode/ShadowWrangler 754 form vmentry <vmtarget> ; # java/lang/invoke/LambdaForm$DMH+0x0000021f84233000
# instanceKlass java/lang/invoke/LambdaForm$MH+0x0000021f84232c00
# instanceKlass java/lang/invoke/LambdaForm$MH+0x0000021f84232800
# instanceKlass java/lang/invoke/LambdaForm$MH+0x0000021f84232400
# instanceKlass java/lang/invoke/LambdaForm$MH+0x0000021f84232000
instanceKlass  @bci org/robolectric/internal/bytecode/InvokeDynamicSupport bootstrap (Ljava/lang/invoke/MethodHandles$Lookup;Ljava/lang/String;Ljava/lang/invoke/MethodType;Ljava/lang/invoke/MethodHandle;I)Ljava/lang/invoke/CallSite; 11 <adapter> ; # java/lang/invoke/LambdaForm$MH+0x0000021f84231c00
instanceKlass  @bci org/robolectric/internal/bytecode/InvokeDynamicSupport bootstrap (Ljava/lang/invoke/MethodHandles$Lookup;Ljava/lang/String;Ljava/lang/invoke/MethodType;Ljava/lang/invoke/MethodHandle;I)Ljava/lang/invoke/CallSite; 11 <appendix> form vmentry <vmtarget> ; # java/lang/invoke/LambdaForm$DMH+0x0000021f84231800
instanceKlass  @bci org/robolectric/internal/bytecode/InvokeDynamicSupport bootstrap (Ljava/lang/invoke/MethodHandles$Lookup;Ljava/lang/String;Ljava/lang/invoke/MethodType;Ljava/lang/invoke/MethodHandle;I)Ljava/lang/invoke/CallSite; 11 <appendix> member <vmtarget> ; # org/robolectric/internal/bytecode/InvokeDynamicSupport$$Lambda+0x0000021f8422c6a8
# instanceKlass java/lang/invoke/LambdaForm$MH+0x0000021f84231400
# instanceKlass java/lang/invoke/LambdaForm$MH+0x0000021f84231000
# instanceKlass java/lang/invoke/LambdaForm$BMH+0x0000021f84230c00
# instanceKlass java/lang/invoke/LambdaForm$DMH+0x0000021f84230800
# instanceKlass java/lang/invoke/LambdaForm$MH+0x0000021f84230400
# instanceKlass java/lang/invoke/LambdaForm$DMH+0x0000021f84230000
instanceKlass java/lang/invoke/ClassSpecializer$Factory$1Var
instanceKlass  @cpi android/util/ArrayMap 489 form vmentry <vmtarget> ; # java/lang/invoke/LambdaForm$DMH+0x0000021f8422bc00
instanceKlass sun/invoke/util/ValueConversions$1
instanceKlass  @bci android/util/ArraySet <init> (IZ)V 11 <bsm> form vmentry <vmtarget> ; # java/lang/invoke/LambdaForm$DMH+0x0000021f8422b800
# instanceKlass java/lang/invoke/LambdaForm$MH+0x0000021f8422b400
# instanceKlass java/lang/invoke/LambdaForm$MH+0x0000021f8422b000
instanceKlass java/lang/invoke/MethodHandleImpl$Makers$2
instanceKlass java/lang/invoke/MethodHandleImpl$Makers$1
instanceKlass java/lang/invoke/MethodHandleImpl$Makers
# instanceKlass java/lang/invoke/LambdaForm$MH+0x0000021f8422ac00
# instanceKlass java/lang/invoke/LambdaForm$DMH+0x0000021f8422a800
# instanceKlass java/lang/invoke/LambdaForm$DMH+0x0000021f8422a400
# instanceKlass java/lang/invoke/LambdaForm$MH+0x0000021f8422a000
# instanceKlass java/lang/invoke/LambdaForm$MH+0x0000021f84229c00
# instanceKlass java/lang/invoke/LambdaForm$MH+0x0000021f84229800
# instanceKlass java/lang/invoke/LambdaForm$MH+0x0000021f84229400
# instanceKlass java/lang/invoke/LambdaForm$MH+0x0000021f84229000
# instanceKlass java/lang/invoke/LambdaForm$MH+0x0000021f84228c00
instanceKlass  @bci org/robolectric/internal/bytecode/InvokeDynamicSupport bootstrapInit (Ljava/lang/invoke/MethodHandles$Lookup;Ljava/lang/String;Ljava/lang/invoke/MethodType;)Ljava/lang/invoke/CallSite; 7 <appendix> member <vmtarget> ; # org/robolectric/internal/bytecode/InvokeDynamicSupport$$Lambda+0x0000021f8422c480
instanceKlass  @bci java/lang/invoke/BootstrapMethodInvoker invoke (Ljava/lang/Class;Ljava/lang/invoke/MethodHandle;Ljava/lang/String;Ljava/lang/Object;Ljava/lang/Object;Ljava/lang/Class;)Ljava/lang/Object; 111 <adapter> ; # java/lang/invoke/LambdaForm$MH+0x0000021f84228800
instanceKlass android/util/SizeF
instanceKlass android/util/Size
instanceKlass android/util/proto/ProtoStream
# instanceKlass java/lang/invoke/LambdaForm$MH+0x0000021f84228400
# instanceKlass java/lang/invoke/LambdaForm$MH+0x0000021f84228000
instanceKlass android/util/SparseArray
instanceKlass android/os/Parcel
instanceKlass android/util/ArrayMap
instanceKlass  @bci org/robolectric/internal/bytecode/ClassValueMap get (Ljava/lang/Class;)Ljava/lang/Object; 6 <appendix> member <vmtarget> ; # org/robolectric/internal/bytecode/ClassValueMap$$Lambda+0x0000021f8421e320
instanceKlass android/os/IBinder
instanceKlass android/os/Parcelable$Creator
instanceKlass com/android/internal/util/XmlUtils$WriteMapCallback
instanceKlass android/os/BaseBundle
instanceKlass android/os/Parcel$ClassLoaderProvider
instanceKlass android/os/Parcelable
instanceKlass org/robolectric/config/ConfigurationRegistry
instanceKlass com/google/common/base/Preconditions
instanceKlass org/robolectric/DefaultTestLifecycle
instanceKlass org/robolectric/DefaultTestLifecycle
instanceKlass org/robolectric/TestLifecycle
instanceKlass  @bci org/robolectric/RobolectricTestRunner beforeTest (Lorg/robolectric/internal/bytecode/Sandbox;Lorg/junit/runners/model/FrameworkMethod;Ljava/lang/reflect/Method;)V 62 <adapter> ; # java/lang/invoke/LambdaForm$MH+0x0000021f84223c00
# instanceKlass java/lang/invoke/LambdaForm$DMH+0x0000021f84223800
instanceKlass  @bci org/robolectric/RobolectricTestRunner beforeTest (Lorg/robolectric/internal/bytecode/Sandbox;Lorg/junit/runners/model/FrameworkMethod;Ljava/lang/reflect/Method;)V 62 <appendix> form vmentry <vmtarget> ; # java/lang/invoke/LambdaForm$MH+0x0000021f84223400
# instanceKlass java/lang/invoke/LambdaForm$MH+0x0000021f84223000
instanceKlass  @bci org/robolectric/RobolectricTestRunner beforeTest (Lorg/robolectric/internal/bytecode/Sandbox;Lorg/junit/runners/model/FrameworkMethod;Ljava/lang/reflect/Method;)V 62 <appendix> form names 8 function resolvedHandle form vmentry <vmtarget> ; # java/lang/invoke/LambdaForm$DMH+0x0000021f84222c00
instanceKlass  @bci org/robolectric/RobolectricTestRunner beforeTest (Lorg/robolectric/internal/bytecode/Sandbox;Lorg/junit/runners/model/FrameworkMethod;Ljava/lang/reflect/Method;)V 62 <appendix> argL3 form vmentry <vmtarget> ; # java/lang/invoke/LambdaForm$MH+0x0000021f84222800
# instanceKlass java/lang/invoke/LambdaForm$MH+0x0000021f84222400
# instanceKlass java/lang/invoke/LambdaForm$MH+0x0000021f84222000
# instanceKlass java/lang/invoke/LambdaForm$MH+0x0000021f84221c00
# instanceKlass java/lang/invoke/LambdaForm$MH+0x0000021f84221800
instanceKlass  @bci org/robolectric/RobolectricTestRunner beforeTest (Lorg/robolectric/internal/bytecode/Sandbox;Lorg/junit/runners/model/FrameworkMethod;Ljava/lang/reflect/Method;)V 62 <appendix> form names 12 function resolvedHandle form vmentry <vmtarget> ; # java/lang/invoke/LambdaForm$DMH+0x0000021f84221400
instanceKlass  @bci org/robolectric/RobolectricTestRunner beforeTest (Lorg/robolectric/internal/bytecode/Sandbox;Lorg/junit/runners/model/FrameworkMethod;Ljava/lang/reflect/Method;)V 62 <appendix> argL1 form vmentry <vmtarget> ; # java/lang/invoke/LambdaForm$MH+0x0000021f84221000
# instanceKlass java/lang/invoke/LambdaForm$MH+0x0000021f84220c00
# instanceKlass java/lang/invoke/LambdaForm$MH+0x0000021f84220800
# instanceKlass java/lang/invoke/LambdaForm$MH+0x0000021f84220400
instanceKlass org/robolectric/pluginapi/perf/Metadata
instanceKlass  @bci org/robolectric/internal/SandboxTestRunner getBootstrappedMethod (Lorg/robolectric/internal/bytecode/Sandbox;Lorg/junit/runners/model/FrameworkMethod;)Ljava/lang/reflect/Method; 33 <appendix> argL0 ; # org/robolectric/internal/SandboxTestRunner$$Lambda+0x0000021f8421daa8
instanceKlass  @bci org/robolectric/internal/SandboxTestRunner getBootstrappedMethod (Lorg/robolectric/internal/bytecode/Sandbox;Lorg/junit/runners/model/FrameworkMethod;)Ljava/lang/reflect/Method; 23 <appendix> member <vmtarget> ; # org/robolectric/internal/SandboxTestRunner$$Lambda+0x0000021f8421d860
instanceKlass  @bci org/robolectric/internal/SandboxTestRunner executeInSandbox (Lorg/robolectric/internal/bytecode/Sandbox;Lorg/junit/runners/model/FrameworkMethod;Lorg/robolectric/util/PerfStatsCollector;Lorg/robolectric/util/PerfStatsCollector$Event;)V 34 <appendix> member <vmtarget> ; # org/robolectric/internal/SandboxTestRunner$$Lambda+0x0000021f8421d638
instanceKlass org/gradle/api/tasks/testing/source/ClasspathResourceSource
instanceKlass org/gradle/api/tasks/testing/source/DirectorySource
instanceKlass org/gradle/api/tasks/testing/source/FileSource
instanceKlass org/gradle/api/tasks/testing/source/FilesystemSource
instanceKlass org/gradle/api/tasks/testing/source/OtherSource
instanceKlass org/junit/runners/RuleContainer$1
instanceKlass org/junit/runners/RuleContainer
instanceKlass org/junit/rules/TestRule
instanceKlass org/junit/runners/ParentRunner$ClassRuleCollector
instanceKlass  @bci org/robolectric/internal/bytecode/Sandbox runOnMainThreadWithClassLoader (Ljava/lang/Runnable;)V 3 <appendix> member <vmtarget> ; # org/robolectric/internal/bytecode/Sandbox$$Lambda+0x0000021f8421c8e0
instanceKlass  @bci org/robolectric/internal/SandboxTestRunner$3 evaluate ()V 23 <appendix> member <vmtarget> ; # org/robolectric/internal/SandboxTestRunner$3$$Lambda+0x0000021f8421c6b8
instanceKlass org/robolectric/shadow/api/Shadow
# instanceKlass java/lang/invoke/LambdaForm$MH+0x0000021f84220000
# instanceKlass java/lang/invoke/LambdaForm$MH+0x0000021f8421bc00
# instanceKlass java/lang/invoke/LambdaForm$MH+0x0000021f8421b800
# instanceKlass java/lang/invoke/LambdaForm$MH+0x0000021f8421b400
# instanceKlass java/lang/invoke/LambdaForm$MH+0x0000021f8421b000
instanceKlass org/robolectric/internal/bytecode/InvokeDynamicSupport
# instanceKlass java/lang/invoke/LambdaForm$MH+0x0000021f8421ac00
# instanceKlass java/lang/invoke/LambdaForm$MH+0x0000021f8421a800
instanceKlass  @bci jdk/internal/reflect/MethodHandleObjectFieldAccessorImpl set (Ljava/lang/Object;Ljava/lang/Object;)V 29 <adapter> ; # java/lang/invoke/LambdaForm$MH+0x0000021f8421a400
# instanceKlass java/lang/invoke/LambdaForm$MH+0x0000021f8421a000
# instanceKlass java/lang/invoke/LambdaForm$MH+0x0000021f84219c00
instanceKlass org/robolectric/internal/bytecode/RobolectricInternals
# instanceKlass java/lang/invoke/LambdaForm$MH+0x0000021f84219800
# instanceKlass java/lang/invoke/LambdaForm$MH+0x0000021f84219400
instanceKlass java/util/IdentityHashMap$IdentityHashMapIterator
# instanceKlass java/lang/invoke/LambdaForm$MH+0x0000021f84219000
# instanceKlass java/lang/invoke/LambdaForm$MH+0x0000021f84218c00
# instanceKlass java/lang/invoke/LambdaForm$MH+0x0000021f84218800
instanceKlass org/robolectric/internal/bytecode/ClassValueMap
instanceKlass org/robolectric/internal/bytecode/ShadowWrangler
instanceKlass  @bci org/robolectric/util/ReflectionHelpers defaultsFor (Ljava/lang/Class;)Ljava/lang/annotation/Annotation; 13 <appendix> argL0 ; # org/robolectric/util/ReflectionHelpers$$Lambda+0x0000021f84217148
instanceKlass org/robolectric/annotation/Implementation
instanceKlass org/robolectric/android/AndroidSdkShadowMatcher
# instanceKlass java/lang/invoke/LambdaForm$MH+0x0000021f84218400
# instanceKlass java/lang/invoke/LambdaForm$MH+0x0000021f84218000
# instanceKlass java/lang/invoke/LambdaForm$MH+0x0000021f84215c00
# instanceKlass java/lang/invoke/LambdaForm$MH+0x0000021f84215800
instanceKlass sun/invoke/util/ValueConversions$WrapperCache
instanceKlass java/lang/invoke/SwitchPoint
instanceKlass org/robolectric/internal/bytecode/ShadowInvalidator
instanceKlass org/robolectric/internal/bytecode/ShadowMap$Builder
instanceKlass  @bci org/robolectric/internal/SandboxTestRunner getCachedHelperTestRunner (Ljava/lang/Class;)Lorg/robolectric/internal/SandboxTestRunner$HelperTestRunner; 6 <appendix> member <vmtarget> ; # org/robolectric/internal/SandboxTestRunner$$Lambda+0x0000021f84216240
instanceKlass com/apollof/protocoltracker/ui/settings/RestoreTextTest
instanceKlass  @bci org/robolectric/internal/SandboxTestRunner sandboxGroupingClassBlock (Lorg/junit/runner/notification/RunNotifier;)Lorg/junit/runners/model/Statement; 81 <appendix> argL0 ; # org/robolectric/internal/SandboxTestRunner$$Lambda+0x0000021f84216000
instanceKlass com/google/common/collect/Sets
instanceKlass java/nio/file/Files$1
instanceKlass sun/nio/fs/WindowsFileSystem$2
instanceKlass java/nio/file/PathMatcher
instanceKlass  @bci jdk/internal/reflect/MethodHandleIntegerFieldAccessorImpl setInt (Ljava/lang/Object;I)V 29 <adapter> ; # java/lang/invoke/LambdaForm$MH+0x0000021f84215400
instanceKlass sun/nio/fs/Globs
instanceKlass  @cpi android/util/ArrayMap 505 form vmentry <vmtarget> ; # java/lang/invoke/LambdaForm$DMH+0x0000021f84215000
instanceKlass  @bci org/robolectric/util/TempDirectory <init> (Ljava/lang/String;)V 58 <appendix> argL0 ; # org/robolectric/util/TempDirectory$$Lambda+0x0000021f842120f0
instanceKlass sun/nio/fs/WindowsPath$1
instanceKlass java/nio/file/TempFileHelper
instanceKlass  @bci org/robolectric/util/TempDirectory findObsoleteWindowsTempDirectoriesInBackground ()V 4 <appendix> argL0 ; # org/robolectric/util/TempDirectory$$Lambda+0x0000021f84211ed0
instanceKlass  @cpi org/robolectric/util/TempDirectory 338 form vmentry <vmtarget> ; # java/lang/invoke/LambdaForm$DMH+0x0000021f84214c00
instanceKlass org/robolectric/util/OsUtil
instanceKlass java/nio/file/FileVisitor
instanceKlass com/google/common/base/Supplier
instanceKlass org/robolectric/util/TempDirectory
instanceKlass org/robolectric/android/internal/AndroidTestEnvironment$RuntimeEnvironmentReflector$$Reflector0
instanceKlass jdk/internal/org/objectweb/asm/ClassReader
# instanceKlass java/lang/invoke/LambdaForm$MH+0x0000021f84214800
# instanceKlass java/lang/invoke/LambdaForm$MH+0x0000021f84214400
# instanceKlass java/lang/invoke/LambdaForm$MH+0x0000021f84214000
instanceKlass java/lang/foreign/ValueLayout
instanceKlass java/lang/foreign/MemoryLayout
instanceKlass org/robolectric/util/reflector/UnsafeAccess
instanceKlass org/objectweb/asm/Handler
instanceKlass org/objectweb/asm/Edge
instanceKlass org/robolectric/util/reflector/Constructor
instanceKlass org/robolectric/util/reflector/Static
instanceKlass org/robolectric/util/reflector/Accessor
instanceKlass org/objectweb/asm/Label
instanceKlass org/objectweb/asm/Frame
instanceKlass org/objectweb/asm/ByteVector
instanceKlass org/objectweb/asm/Symbol
instanceKlass org/objectweb/asm/SymbolTable
instanceKlass java/util/stream/IntStream
instanceKlass org/objectweb/asm/commons/Method
instanceKlass org/objectweb/asm/FieldVisitor
instanceKlass org/objectweb/asm/MethodVisitor
instanceKlass org/objectweb/asm/AnnotationVisitor
instanceKlass org/objectweb/asm/ModuleVisitor
instanceKlass org/objectweb/asm/RecordComponentVisitor
instanceKlass  @bci org/robolectric/util/reflector/Reflector createReflectorClass (Ljava/lang/Class;Ljava/lang/Class;)Ljava/lang/Class; 10 <appendix> form vmentry <vmtarget> ; # java/lang/invoke/LambdaForm$MH+0x0000021f8420d800
# instanceKlass java/lang/invoke/LambdaForm$MH+0x0000021f8420d400
instanceKlass  @bci org/robolectric/util/reflector/Reflector createReflectorClass (Ljava/lang/Class;Ljava/lang/Class;)Ljava/lang/Class; 10 <appendix> argL3 form vmentry <vmtarget> ; # java/lang/invoke/LambdaForm$MH+0x0000021f8420d000
# instanceKlass java/lang/invoke/LambdaForm$MH+0x0000021f8420cc00
# instanceKlass java/lang/invoke/LambdaForm$MH+0x0000021f8420c800
# instanceKlass java/lang/invoke/LambdaForm$MH+0x0000021f8420c400
# instanceKlass java/lang/invoke/LambdaForm$MH+0x0000021f8420c000
instanceKlass  @bci org/robolectric/util/reflector/Reflector createReflectorClass (Ljava/lang/Class;Ljava/lang/Class;)Ljava/lang/Class; 10 <appendix> argL1 form vmentry <vmtarget> ; # java/lang/invoke/LambdaForm$MH+0x0000021f84209c00
# instanceKlass java/lang/invoke/LambdaForm$MH+0x0000021f84209800
# instanceKlass java/lang/invoke/LambdaForm$MH+0x0000021f84209400
# instanceKlass java/lang/invoke/LambdaForm$MH+0x0000021f84209000
instanceKlass  @bci org/robolectric/util/reflector/Reflector reflector (Ljava/lang/Class;Ljava/lang/Object;)Ljava/lang/Object; 55 <appendix> member <vmtarget> ; # org/robolectric/util/reflector/Reflector$$Lambda+0x0000021f84205d80
instanceKlass org/robolectric/RuntimeEnvironment
instanceKlass org/robolectric/util/reflector/ForType
instanceKlass org/robolectric/util/reflector/Reflector
instanceKlass org/robolectric/android/internal/AndroidTestEnvironment$RuntimeEnvironmentReflector
# instanceKlass java/lang/invoke/LambdaForm$MH+0x0000021f84208c00
# instanceKlass java/lang/invoke/LambdaForm$MH+0x0000021f84208800
# instanceKlass java/lang/invoke/LambdaForm$MH+0x0000021f84208400
# instanceKlass java/lang/invoke/LambdaForm$MH+0x0000021f84208000
instanceKlass org/bouncycastle/internal/asn1/isara/IsaraObjectIdentifiers
instanceKlass org/bouncycastle/pqc/asn1/PQCObjectIdentifiers
instanceKlass org/bouncycastle/jcajce/provider/drbg/EntropyDaemon
instanceKlass org/bouncycastle/crypto/prng/EntropySourceProvider
instanceKlass org/bouncycastle/jcajce/provider/drbg/DRBG
instanceKlass org/bouncycastle/jcajce/provider/asymmetric/compositekem/CompositeIndex
instanceKlass javax/crypto/KEMSpi
instanceKlass org/bouncycastle/jcajce/util/SpiUtil
instanceKlass org/bouncycastle/jcajce/provider/asymmetric/RSA
instanceKlass org/bouncycastle/internal/asn1/eac/EACObjectIdentifiers
instanceKlass org/bouncycastle/internal/asn1/bsi/BSIObjectIdentifiers
instanceKlass org/bouncycastle/math/ec/custom/gm/SM2P256V1Field
instanceKlass org/bouncycastle/math/ec/custom/sec/SecP128R1Field
instanceKlass org/bouncycastle/math/ec/custom/sec/SecP192R1Field
instanceKlass org/bouncycastle/math/ec/custom/sec/SecP256R1Field
instanceKlass org/bouncycastle/math/raw/Nat128
instanceKlass org/bouncycastle/math/ec/custom/sec/SecT113Field
instanceKlass org/bouncycastle/math/ec/custom/sec/SecT239Field
instanceKlass org/bouncycastle/math/raw/Nat448
instanceKlass org/bouncycastle/math/ec/custom/sec/SecT409Field
instanceKlass org/bouncycastle/math/ec/custom/sec/SecP256K1Field
instanceKlass org/bouncycastle/math/ec/custom/sec/SecT233Field
instanceKlass org/bouncycastle/math/raw/Nat512
instanceKlass org/bouncycastle/math/ec/custom/sec/SecP521R1Field
instanceKlass org/bouncycastle/math/raw/Nat320
instanceKlass org/bouncycastle/math/ec/custom/sec/SecT283Field
instanceKlass org/bouncycastle/math/ec/custom/sec/SecT131Field
instanceKlass org/bouncycastle/math/ec/custom/sec/SecP192K1Field
instanceKlass org/bouncycastle/math/ec/custom/sec/SecP160R1Field
instanceKlass org/bouncycastle/math/ec/custom/sec/SecT163Field
instanceKlass org/bouncycastle/math/raw/Nat256
instanceKlass org/bouncycastle/math/ec/custom/sec/SecT193Field
instanceKlass org/bouncycastle/math/ec/custom/sec/SecP224R1Field
instanceKlass org/bouncycastle/math/raw/Nat192
instanceKlass org/bouncycastle/math/raw/Nat384
instanceKlass org/bouncycastle/math/ec/custom/sec/SecP384R1Field
instanceKlass org/bouncycastle/math/raw/Nat160
instanceKlass org/bouncycastle/math/ec/custom/sec/SecP160R2Field
instanceKlass org/bouncycastle/math/ec/ScaleXPointMap
instanceKlass org/bouncycastle/math/ec/ECPointMap
instanceKlass org/bouncycastle/math/ec/endo/GLVTypeBEndomorphism
instanceKlass org/bouncycastle/math/ec/endo/GLVEndomorphism
instanceKlass org/bouncycastle/math/ec/ECCurve$Config
instanceKlass org/bouncycastle/math/raw/Nat224
instanceKlass org/bouncycastle/math/ec/custom/sec/SecP224K1Field
instanceKlass org/bouncycastle/math/ec/endo/ScalarSplitParameters
instanceKlass org/bouncycastle/math/ec/endo/GLVTypeBParameters
instanceKlass org/bouncycastle/math/raw/Bits
instanceKlass org/bouncycastle/math/raw/Interleave
instanceKlass org/bouncycastle/math/raw/Nat576
instanceKlass org/bouncycastle/math/raw/Nat
instanceKlass org/bouncycastle/math/ec/custom/sec/SecT571Field
instanceKlass org/bouncycastle/util/BigIntegers$Cache
instanceKlass org/bouncycastle/util/Integers
instanceKlass org/bouncycastle/jce/spec/ECParameterSpec
instanceKlass org/bouncycastle/asn1/ASN1BitStringParser
instanceKlass org/bouncycastle/asn1/ASN1String
instanceKlass org/bouncycastle/asn1/ASN1OutputStream
instanceKlass org/bouncycastle/asn1/ASN1SequenceParser
instanceKlass org/bouncycastle/asn1/ASN1EncodableVector
instanceKlass org/bouncycastle/math/ec/WNafPreCompInfo
instanceKlass org/bouncycastle/math/ec/WNafUtil$1
instanceKlass org/bouncycastle/math/ec/WNafUtil
instanceKlass org/bouncycastle/math/ec/ECAlgorithms
instanceKlass org/bouncycastle/math/ec/ValidityPrecompInfo
instanceKlass org/bouncycastle/math/ec/PreCompInfo
instanceKlass org/bouncycastle/math/ec/ECPoint$1
instanceKlass org/bouncycastle/util/Longs
instanceKlass org/bouncycastle/util/BigIntegers
instanceKlass org/bouncycastle/math/ec/LongArray
instanceKlass org/bouncycastle/math/ec/PreCompCallback
instanceKlass org/bouncycastle/math/field/GF2Polynomial
instanceKlass org/bouncycastle/math/field/GenericPolynomialExtensionField
instanceKlass org/bouncycastle/math/field/PrimeField
instanceKlass org/bouncycastle/math/field/PolynomialExtensionField
instanceKlass org/bouncycastle/math/field/ExtensionField
instanceKlass org/bouncycastle/math/field/Polynomial
instanceKlass org/bouncycastle/math/field/FiniteFields
instanceKlass org/bouncycastle/util/Properties$2
instanceKlass org/bouncycastle/util/Properties$1
instanceKlass org/bouncycastle/util/Properties
instanceKlass org/bouncycastle/math/ec/ECFieldElement
instanceKlass org/bouncycastle/math/ec/ECConstants
instanceKlass org/bouncycastle/math/ec/ECPoint
instanceKlass org/bouncycastle/math/field/FiniteField
instanceKlass org/bouncycastle/math/ec/ECMultiplier
instanceKlass org/bouncycastle/math/ec/ECLookupTable
instanceKlass org/bouncycastle/internal/asn1/cryptlib/CryptlibObjectIdentifiers
instanceKlass org/bouncycastle/crypto/ec/CustomNamedCurves
instanceKlass org/bouncycastle/jce/ECNamedCurveTable
instanceKlass java/util/Vector$1
instanceKlass org/bouncycastle/asn1/gm/GMNamedCurves
instanceKlass org/bouncycastle/asn1/cryptopro/ECGOST3410NamedCurves
instanceKlass org/bouncycastle/asn1/anssi/ANSSIObjectIdentifiers
instanceKlass org/bouncycastle/asn1/anssi/ANSSINamedCurves
instanceKlass org/bouncycastle/asn1/teletrust/TeleTrusTNamedCurves
instanceKlass org/bouncycastle/asn1/nist/NISTNamedCurves
instanceKlass org/bouncycastle/math/ec/endo/ECEndomorphism
instanceKlass org/bouncycastle/asn1/sec/SECNamedCurves
instanceKlass org/bouncycastle/math/ec/ECCurve
instanceKlass org/bouncycastle/asn1/x9/X9ECParametersHolder
instanceKlass org/bouncycastle/asn1/x9/X962NamedCurves
instanceKlass org/bouncycastle/asn1/x9/ECNamedCurveTable
instanceKlass org/bouncycastle/jcajce/provider/asymmetric/EC
instanceKlass org/bouncycastle/jcajce/provider/asymmetric/DH
instanceKlass org/bouncycastle/jcajce/provider/asymmetric/dsa/DSAUtil
instanceKlass org/bouncycastle/crypto/params/AsymmetricKeyParameter
instanceKlass org/bouncycastle/asn1/x509/X509ObjectIdentifiers
instanceKlass org/bouncycastle/jce/spec/ECNamedCurveGenParameterSpec
instanceKlass java/security/spec/RSAKeyGenParameterSpec
instanceKlass org/bouncycastle/crypto/Digest
instanceKlass org/bouncycastle/jcajce/provider/asymmetric/compositesignatures/CompositeIndex
instanceKlass org/bouncycastle/jcajce/provider/asymmetric/EXTERNAL
instanceKlass org/bouncycastle/jcajce/provider/asymmetric/EXTERNAL$ExternalKeyInfoConverter
instanceKlass org/bouncycastle/asn1/ASN1OctetStringParser
instanceKlass org/bouncycastle/asn1/InMemoryRepresentable
instanceKlass org/bouncycastle/jcajce/provider/asymmetric/COMPOSITE
instanceKlass org/bouncycastle/jcajce/util/ProviderJcaJceHelper
instanceKlass org/bouncycastle/asn1/ASN1Choice
instanceKlass org/bouncycastle/asn1/sec/SECObjectIdentifiers
instanceKlass org/bouncycastle/internal/asn1/edec/EdECObjectIdentifiers
instanceKlass org/bouncycastle/jcajce/util/JcaJceHelper
instanceKlass org/bouncycastle/jcajce/provider/symmetric/Zuc
instanceKlass org/bouncycastle/jcajce/provider/symmetric/GOST3412_2015
instanceKlass org/bouncycastle/jcajce/provider/symmetric/DSTU7624
instanceKlass org/bouncycastle/jcajce/provider/symmetric/OpenSSLPBKDF
instanceKlass org/bouncycastle/jcajce/provider/symmetric/XChaCha
instanceKlass org/bouncycastle/jcajce/provider/symmetric/XSalsa20
instanceKlass org/bouncycastle/jcajce/provider/symmetric/XTEA
instanceKlass org/bouncycastle/jcajce/provider/symmetric/VMPCKSA3
instanceKlass org/bouncycastle/jcajce/provider/symmetric/VMPC
instanceKlass org/bouncycastle/jcajce/provider/symmetric/Threefish
instanceKlass org/bouncycastle/jcajce/provider/symmetric/Twofish
instanceKlass org/bouncycastle/jcajce/provider/symmetric/TEA
instanceKlass org/bouncycastle/jcajce/provider/symmetric/SM4
instanceKlass org/bouncycastle/jcajce/provider/symmetric/Skipjack
instanceKlass org/bouncycastle/jcajce/provider/symmetric/Shacal2
instanceKlass org/bouncycastle/internal/asn1/gnu/GNUObjectIdentifiers
instanceKlass org/bouncycastle/jcajce/provider/symmetric/Serpent
instanceKlass org/bouncycastle/internal/asn1/kisa/KISAObjectIdentifiers
instanceKlass org/bouncycastle/jcajce/provider/symmetric/SEED
instanceKlass org/bouncycastle/jcajce/provider/symmetric/Salsa20
instanceKlass org/bouncycastle/jcajce/provider/symmetric/Rijndael
instanceKlass org/bouncycastle/jcajce/provider/symmetric/RC6
instanceKlass org/bouncycastle/jcajce/provider/symmetric/RC5
instanceKlass org/bouncycastle/jcajce/provider/symmetric/RC2
instanceKlass org/bouncycastle/jcajce/provider/symmetric/Noekeon
instanceKlass org/bouncycastle/jcajce/provider/symmetric/LEA
instanceKlass org/bouncycastle/jcajce/provider/symmetric/IDEA
instanceKlass org/bouncycastle/jcajce/provider/symmetric/HC256
instanceKlass org/bouncycastle/jcajce/provider/symmetric/HC128
instanceKlass org/bouncycastle/jcajce/provider/symmetric/Grain128
instanceKlass org/bouncycastle/jcajce/provider/symmetric/Grainv1
instanceKlass org/bouncycastle/jcajce/provider/symmetric/GOST28147
instanceKlass org/bouncycastle/jcajce/provider/symmetric/DESede
instanceKlass org/bouncycastle/jcajce/provider/symmetric/DES
instanceKlass org/bouncycastle/jcajce/provider/symmetric/ChaCha
instanceKlass org/bouncycastle/jcajce/provider/symmetric/CAST6
instanceKlass org/bouncycastle/jcajce/provider/symmetric/CAST5
instanceKlass org/bouncycastle/internal/asn1/ntt/NTTObjectIdentifiers
instanceKlass org/bouncycastle/jcajce/provider/symmetric/Camellia
instanceKlass org/bouncycastle/jcajce/provider/symmetric/Blowfish
instanceKlass org/bouncycastle/internal/asn1/nsri/NSRIObjectIdentifiers
instanceKlass org/bouncycastle/jcajce/provider/symmetric/ARIA
instanceKlass org/bouncycastle/jcajce/provider/symmetric/ARC4
instanceKlass org/bouncycastle/asn1/bc/BCObjectIdentifiers
instanceKlass org/bouncycastle/jcajce/provider/symmetric/AES
instanceKlass org/bouncycastle/crypto/params/DHValidationParameters
instanceKlass org/bouncycastle/crypto/params/DHParameters
instanceKlass org/bouncycastle/asn1/x9/X9ObjectIdentifiers
instanceKlass org/bouncycastle/crypto/CryptoServicesRegistrar$Property
instanceKlass org/bouncycastle/util/encoders/HexEncoder
instanceKlass org/bouncycastle/util/encoders/Encoder
instanceKlass org/bouncycastle/util/encoders/Hex
instanceKlass org/bouncycastle/crypto/params/DSAValidationParameters
instanceKlass org/bouncycastle/crypto/params/DSAParameters
instanceKlass org/bouncycastle/crypto/CipherParameters
# instanceKlass java/lang/invoke/LambdaForm$DMH+0x0000021f841ac000
instanceKlass org/bouncycastle/crypto/CryptoServicesRegistrar$1
instanceKlass org/bouncycastle/crypto/CryptoServicesRegistrar$ThreadLocalSecureRandomProvider
instanceKlass org/bouncycastle/crypto/CryptoServicesConstraints
instanceKlass org/bouncycastle/crypto/SecureRandomProvider
instanceKlass org/bouncycastle/crypto/CryptoServicesRegistrar
instanceKlass org/bouncycastle/jcajce/provider/symmetric/Poly1305
instanceKlass org/bouncycastle/jcajce/provider/symmetric/SipHash128
instanceKlass org/bouncycastle/jcajce/provider/symmetric/SipHash
instanceKlass org/bouncycastle/jcajce/provider/symmetric/HKDF
instanceKlass org/bouncycastle/jcajce/provider/symmetric/ARGON2
instanceKlass org/bouncycastle/jcajce/provider/symmetric/SCRYPT
instanceKlass org/bouncycastle/jcajce/provider/symmetric/TLSKDF
instanceKlass org/bouncycastle/jcajce/provider/symmetric/PBEPKCS12
instanceKlass org/bouncycastle/jcajce/provider/symmetric/PBEPBKDF2
instanceKlass org/bouncycastle/jcajce/provider/symmetric/PBEPBKDF1
instanceKlass org/bouncycastle/jcajce/provider/digest/Blake3
instanceKlass org/bouncycastle/jcajce/provider/digest/Haraka
instanceKlass org/bouncycastle/asn1/ua/UAObjectIdentifiers
instanceKlass org/bouncycastle/jcajce/provider/digest/DSTU7564
instanceKlass org/bouncycastle/jcajce/provider/digest/Blake2s
instanceKlass org/bouncycastle/internal/asn1/misc/MiscObjectIdentifiers
instanceKlass org/bouncycastle/jcajce/provider/digest/Blake2b
instanceKlass org/bouncycastle/internal/asn1/iso/ISOIECObjectIdentifiers
instanceKlass org/bouncycastle/jcajce/provider/digest/Whirlpool
instanceKlass org/bouncycastle/jcajce/provider/digest/Tiger
instanceKlass org/bouncycastle/asn1/gm/GMObjectIdentifiers
instanceKlass org/bouncycastle/jcajce/provider/digest/SM3
instanceKlass org/bouncycastle/jcajce/provider/digest/Skein
instanceKlass java/security/AlgorithmParametersSpi
instanceKlass javax/crypto/MacSpi
instanceKlass org/bouncycastle/jcajce/provider/digest/SHA3
instanceKlass org/bouncycastle/jcajce/provider/digest/SHA512
instanceKlass org/bouncycastle/jcajce/provider/digest/SHA384
instanceKlass org/bouncycastle/jcajce/provider/digest/SHA256
instanceKlass org/bouncycastle/asn1/nist/NISTObjectIdentifiers
instanceKlass org/bouncycastle/jcajce/provider/digest/SHA224
instanceKlass org/bouncycastle/jcajce/provider/digest/RIPEMD320
instanceKlass org/bouncycastle/jcajce/provider/digest/RIPEMD256
instanceKlass org/bouncycastle/jcajce/provider/digest/RIPEMD160
instanceKlass org/bouncycastle/asn1/teletrust/TeleTrusTObjectIdentifiers
instanceKlass org/bouncycastle/jcajce/provider/digest/RIPEMD128
instanceKlass org/bouncycastle/internal/asn1/oiw/OIWObjectIdentifiers
instanceKlass org/bouncycastle/jcajce/provider/digest/SHA1
instanceKlass org/bouncycastle/asn1/iana/IANAObjectIdentifiers
instanceKlass org/bouncycastle/jcajce/provider/digest/MD5
instanceKlass org/bouncycastle/jcajce/provider/digest/MD4
instanceKlass org/bouncycastle/asn1/ASN1ObjectIdentifier$OidHandle
instanceKlass org/bouncycastle/asn1/pkcs/PKCSObjectIdentifiers
instanceKlass org/bouncycastle/jcajce/provider/digest/MD2
instanceKlass org/bouncycastle/jcajce/provider/digest/Keccak
instanceKlass org/bouncycastle/internal/asn1/rosstandart/RosstandartObjectIdentifiers
instanceKlass org/bouncycastle/util/Arrays
instanceKlass org/bouncycastle/asn1/ASN1Tag
instanceKlass org/bouncycastle/asn1/ASN1Type
instanceKlass org/bouncycastle/asn1/ASN1Object
instanceKlass org/bouncycastle/util/Encodable
instanceKlass org/bouncycastle/asn1/ASN1Encodable
instanceKlass org/bouncycastle/asn1/cryptopro/CryptoProObjectIdentifiers
instanceKlass org/bouncycastle/jcajce/provider/digest/GOST3411
instanceKlass org/bouncycastle/jcajce/provider/util/AlgorithmProvider
instanceKlass org/bouncycastle/jce/provider/BouncyCastleProvider$1
instanceKlass jdk/internal/math/MathUtils
instanceKlass jdk/internal/math/DoubleToDecimal
instanceKlass org/bouncycastle/jce/provider/BouncyCastleProvider$JcaCryptoService
instanceKlass java/security/cert/PKIXCertPathChecker
instanceKlass java/security/cert/CertPathChecker
instanceKlass org/bouncycastle/jcajce/provider/symmetric/util/ClassUtil
instanceKlass org/bouncycastle/util/Strings$1
instanceKlass org/bouncycastle/util/StringList
instanceKlass org/bouncycastle/util/Iterable
instanceKlass org/bouncycastle/util/Strings
instanceKlass javax/crypto/spec/DHParameterSpec
instanceKlass org/bouncycastle/jce/provider/BouncyCastleProviderConfiguration
instanceKlass org/bouncycastle/jcajce/provider/util/AsymmetricKeyInfoConverter
instanceKlass org/bouncycastle/crypto/CryptoServiceProperties
instanceKlass org/bouncycastle/jcajce/provider/config/ProviderConfiguration
instanceKlass org/robolectric/pluginapi/TestEnvironmentLifecyclePlugin
instanceKlass android/app/Instrumentation
instanceKlass android/content/ComponentCallbacks2
instanceKlass android/content/ComponentCallbacks
instanceKlass android/content/Context
instanceKlass org/robolectric/util/Scheduler
instanceKlass org/bouncycastle/jcajce/provider/config/ConfigurableProvider
instanceKlass sun/security/util/ManifestEntryVerifier$SunProviderHolder
instanceKlass java/util/LinkedList$Node
instanceKlass java/util/Base64$Encoder
instanceKlass java/util/Base64$Decoder
instanceKlass java/util/Base64
instanceKlass javax/crypto/SecretKey
instanceKlass sun/security/util/Length
instanceKlass sun/security/util/KeyUtil
instanceKlass java/security/interfaces/XECKey
instanceKlass java/security/interfaces/ECKey
instanceKlass sun/security/util/JarConstraintsParameters
instanceKlass sun/security/util/ConstraintsParameters
instanceKlass java/security/CodeSigner
instanceKlass java/security/Timestamp
instanceKlass sun/security/timestamp/TimestampToken
instanceKlass java/security/cert/CertPath
instanceKlass java/math/MutableBigInteger
instanceKlass sun/security/rsa/RSAPadding
instanceKlass sun/security/rsa/RSACore
instanceKlass java/security/interfaces/RSAPrivateCrtKey
instanceKlass sun/security/pkcs/PKCS8Key
instanceKlass sun/security/util/InternalPrivateKey
instanceKlass java/security/interfaces/RSAPrivateKey
instanceKlass java/security/PrivateKey
instanceKlass javax/security/auth/Destroyable
instanceKlass jdk/internal/icu/util/CodePointTrie$Data
instanceKlass jdk/internal/icu/util/CodePointMap
instanceKlass jdk/internal/icu/util/VersionInfo
instanceKlass  @bci jdk/internal/module/SystemModuleFinders$SystemModuleReader open (Ljava/lang/String;)Ljava/util/Optional; 6 <appendix> member <vmtarget> ; # jdk/internal/module/SystemModuleFinders$SystemModuleReader$$Lambda+0x0000021f8416c828
instanceKlass jdk/internal/icu/impl/ICUBinary$1
instanceKlass jdk/internal/icu/impl/ICUBinary
instanceKlass jdk/internal/icu/impl/NormalizerImpl$IsAcceptable
instanceKlass jdk/internal/icu/impl/ICUBinary$Authenticate
instanceKlass jdk/internal/icu/impl/NormalizerImpl
instanceKlass jdk/internal/icu/impl/Norm2AllModes$Norm2AllModesSingleton
instanceKlass jdk/internal/icu/impl/Norm2AllModes$NFKCSingleton
instanceKlass jdk/internal/icu/impl/Norm2AllModes
instanceKlass jdk/internal/icu/text/Normalizer2
instanceKlass jdk/internal/icu/text/NormalizerBase$ModeImpl
instanceKlass jdk/internal/icu/text/NormalizerBase$NFKDModeImpl
instanceKlass jdk/internal/icu/text/NormalizerBase$1
instanceKlass jdk/internal/icu/text/NormalizerBase$Mode
instanceKlass jdk/internal/icu/text/NormalizerBase
instanceKlass java/text/Normalizer
instanceKlass sun/security/x509/AVAKeyword
instanceKlass java/security/Signature$1
instanceKlass jdk/internal/access/JavaSecuritySignatureAccess
instanceKlass java/security/SignatureSpi
instanceKlass sun/security/util/SignatureUtil
instanceKlass sun/security/pkcs/SigningCertificateInfo$ESSCertId
instanceKlass sun/security/pkcs/SigningCertificateInfo
instanceKlass sun/security/x509/CertificatePolicyId
instanceKlass sun/security/x509/PolicyInformation
instanceKlass sun/security/x509/DistributionPoint
instanceKlass sun/security/util/HostnameChecker
instanceKlass sun/security/x509/DNSName
instanceKlass sun/security/x509/URIName
instanceKlass sun/security/x509/GeneralName
instanceKlass sun/security/x509/AccessDescription
instanceKlass sun/security/pkcs/PKCS9Attribute
instanceKlass sun/security/pkcs/PKCS9Attributes
instanceKlass java/time/Instant
instanceKlass java/time/zone/ZoneOffsetTransition
instanceKlass java/time/LocalTime
instanceKlass java/time/temporal/ValueRange
instanceKlass java/time/Duration
instanceKlass java/time/temporal/TemporalAmount
instanceKlass java/time/temporal/TemporalUnit
instanceKlass java/time/temporal/TemporalField
instanceKlass java/time/LocalDate
instanceKlass java/time/chrono/ChronoLocalDate
instanceKlass java/time/ZonedDateTime
instanceKlass java/time/chrono/ChronoZonedDateTime
instanceKlass java/time/LocalDateTime
instanceKlass java/time/chrono/ChronoLocalDateTime
instanceKlass java/time/temporal/Temporal
instanceKlass java/time/zone/ZoneOffsetTransitionRule
instanceKlass java/time/zone/ZoneRules
instanceKlass java/time/temporal/TemporalAdjuster
instanceKlass java/time/temporal/TemporalAccessor
instanceKlass java/time/ZoneId
instanceKlass sun/security/util/DisabledAlgorithmConstraints$Constraints$Holder
instanceKlass sun/security/util/DisabledAlgorithmConstraints$Constraint
instanceKlass java/util/StringTokenizer
instanceKlass sun/security/util/DisabledAlgorithmConstraints$Constraints
instanceKlass sun/security/util/AbstractAlgorithmConstraints$1
instanceKlass sun/security/util/AlgorithmDecomposer
instanceKlass sun/security/util/DisabledAlgorithmConstraints$JarHolder
instanceKlass sun/security/pkcs/SignerInfo
instanceKlass jdk/internal/event/EventHelper
instanceKlass sun/security/jca/JCAUtil
instanceKlass sun/security/util/MemoryCache$CacheEntry
instanceKlass sun/security/x509/GeneralNames
instanceKlass sun/security/x509/KeyIdentifier
instanceKlass sun/security/x509/OIDMap$OIDInfo
instanceKlass sun/security/x509/PKIXExtensions
instanceKlass sun/security/x509/OIDMap
instanceKlass sun/security/x509/Extension
instanceKlass java/security/cert/Extension
instanceKlass sun/security/x509/CertificateExtensions
instanceKlass sun/security/rsa/RSAUtil
instanceKlass java/security/interfaces/RSAPublicKey
instanceKlass java/security/interfaces/RSAKey
instanceKlass java/security/spec/PSSParameterSpec
instanceKlass java/security/spec/RSAPrivateKeySpec
instanceKlass java/security/spec/RSAPublicKeySpec
instanceKlass java/security/KeyFactorySpi
instanceKlass sun/security/jca/ProviderList$ServiceList$1
instanceKlass java/security/KeyFactory
instanceKlass  @bci java/security/spec/EncodedKeySpec <clinit> ()V 0 <appendix> argL0 ; # java/security/spec/EncodedKeySpec$$Lambda+0x0000021f8415b1e0
instanceKlass  @cpi java/security/spec/EncodedKeySpec 79 form vmentry <vmtarget> ; # java/lang/invoke/LambdaForm$DMH+0x0000021f84198800
instanceKlass jdk/internal/access/JavaSecuritySpecAccess
instanceKlass java/security/spec/EncodedKeySpec
instanceKlass java/security/spec/KeySpec
instanceKlass sun/security/util/BitArray
instanceKlass sun/security/x509/X509Key
instanceKlass java/security/PublicKey
instanceKlass java/security/Key
instanceKlass sun/security/x509/CertificateX509Key
instanceKlass sun/security/x509/CertificateValidity
instanceKlass sun/security/x509/AVA
instanceKlass sun/security/x509/RDN
instanceKlass javax/security/auth/x500/X500Principal
instanceKlass  @bci sun/security/x509/X500Name <clinit> ()V 153 <appendix> argL0 ; # sun/security/x509/X500Name$$Lambda+0x0000021f84158ed0
instanceKlass sun/security/x509/X500Name
instanceKlass sun/security/x509/GeneralNameInterface
instanceKlass sun/security/x509/CertificateAlgorithmId
instanceKlass sun/security/x509/SerialNumber
instanceKlass sun/security/x509/CertificateSerialNumber
instanceKlass sun/security/x509/CertificateVersion
instanceKlass sun/security/x509/X509CertInfo
instanceKlass sun/security/util/Cache$EqualByteArray
instanceKlass java/security/cert/X509Extension
instanceKlass  @bci sun/security/util/DerInputStream seeOptionalContextSpecific (I)Z 2 <appendix> member <vmtarget> ; # sun/security/util/DerInputStream$$Lambda+0x0000021f84156c00
instanceKlass  @cpi sun/security/util/DerInputStream 295 form vmentry <vmtarget> ; # java/lang/invoke/LambdaForm$DMH+0x0000021f84198400
instanceKlass sun/security/util/Cache
instanceKlass java/security/cert/CertificateFactorySpi
instanceKlass java/security/cert/CertificateFactory
instanceKlass sun/security/x509/AlgorithmId
instanceKlass sun/security/util/DerValue
instanceKlass sun/security/pkcs/ContentInfo
instanceKlass sun/security/util/DerInputStream
instanceKlass sun/security/pkcs/PKCS7
instanceKlass  @bci sun/security/util/ManifestDigester <init> ([B)V 350 <appendix> argL0 ; # sun/security/util/ManifestDigester$$Lambda+0x0000021f84154b08
instanceKlass sun/security/util/ManifestDigester$Section
instanceKlass sun/security/util/ManifestDigester$Entry
instanceKlass sun/security/util/ManifestDigester$Position
instanceKlass sun/security/util/ManifestDigester
instanceKlass sun/security/util/ManifestEntryVerifier
instanceKlass jdk/internal/misc/ThreadTracker
instanceKlass java/util/jar/JarFile$ThreadTrackHolder
instanceKlass java/util/jar/JarVerifier
instanceKlass javax/net/ssl/HostnameVerifier
instanceKlass  @bci org/robolectric/internal/AndroidSandbox lambda$mainThreadFactory$1 (Ljava/lang/Runnable;)Ljava/lang/Thread; 7 <appendix> form vmentry <vmtarget> ; # java/lang/invoke/LambdaForm$MH+0x0000021f84198000
instanceKlass  @bci org/robolectric/internal/AndroidSandbox lambda$mainThreadFactory$1 (Ljava/lang/Runnable;)Ljava/lang/Thread; 7 <appendix> argL3 form vmentry <vmtarget> ; # java/lang/invoke/LambdaForm$MH+0x0000021f84193c00
# instanceKlass java/lang/invoke/LambdaForm$MH+0x0000021f84193800
# instanceKlass java/lang/invoke/LambdaForm$MH+0x0000021f84193400
instanceKlass  @bci org/robolectric/util/reflector/Reflector createReflectorClass (Ljava/lang/Class;Ljava/lang/Class;)Ljava/lang/Class; 10 <appendix> argL1 argL1 form vmentry <vmtarget> ; # java/lang/invoke/LambdaForm$MH+0x0000021f84193000
# instanceKlass java/lang/invoke/LambdaForm$MH+0x0000021f84192400
instanceKlass java/util/concurrent/FutureTask$WaitNode
instanceKlass java/util/concurrent/FutureTask
instanceKlass java/util/concurrent/RunnableFuture
instanceKlass java/util/concurrent/Future
instanceKlass  @bci org/robolectric/internal/AndroidSandbox <init> (Lorg/robolectric/pluginapi/Sdk;Lorg/robolectric/pluginapi/Sdk;Lorg/robolectric/annotation/ResourcesMode$Mode;Lorg/robolectric/internal/AndroidSandbox$TestEnvironmentSpec;Lorg/robolectric/internal/AndroidSandbox$SdkSandboxClassLoader;Lorg/robolectric/internal/bytecode/ShadowProviders;Lorg/robolectric/annotation/SQLiteMode$Mode;)V 114 <appendix> member <vmtarget> ; # org/robolectric/internal/AndroidSandbox$$Lambda+0x0000021f84195520
instanceKlass  @bci org/robolectric/util/inject/Injector <init> (Lorg/robolectric/util/inject/Injector;Ljava/util/Map;Ljava/util/Map;Ljava/util/Map;Lorg/robolectric/util/inject/PluginFinder;)V 74 <appendix> member <vmtarget> ; # org/robolectric/util/inject/Injector$$Lambda+0x0000021f841952f8
instanceKlass org/robolectric/Shadows
instanceKlass org/robolectric/android/internal/AndroidTestEnvironment
instanceKlass org/robolectric/annotation/internal/Instrument
instanceKlass org/objectweb/asm/Context
instanceKlass org/objectweb/asm/Attribute
instanceKlass org/robolectric/annotation/internal/DoNotInstrument
instanceKlass org/objectweb/asm/ClassReader
instanceKlass org/robolectric/internal/bytecode/InstrumentedInterface
instanceKlass org/robolectric/internal/bytecode/ShadowedObject
instanceKlass org/robolectric/internal/bytecode/ClassDetails
instanceKlass java/net/URLClassLoader$2
instanceKlass  @bci org/robolectric/internal/bytecode/SandboxClassLoader loadClass (Ljava/lang/String;Z)Ljava/lang/Class; 62 <appendix> member <vmtarget> ; # org/robolectric/internal/bytecode/SandboxClassLoader$$Lambda+0x0000021f8418f8b0
instanceKlass  @bci java/util/concurrent/Executors$AutoShutdownDelegatedExecutorService <init> (Ljava/util/concurrent/ExecutorService;)V 6 <appendix> member <vmtarget> ; # java/util/concurrent/Executors$AutoShutdownDelegatedExecutorService$$Lambda+0x0000021f841523e8
instanceKlass java/util/concurrent/Executors$DelegatedExecutorService
instanceKlass  @bci org/robolectric/internal/AndroidSandbox mainThreadFactory ()Ljava/util/concurrent/ThreadFactory; 1 <appendix> member <vmtarget> ; # org/robolectric/internal/AndroidSandbox$$Lambda+0x0000021f8418f688
# instanceKlass java/lang/invoke/LambdaForm$MH+0x0000021f84192000
# instanceKlass java/lang/invoke/LambdaForm$MH+0x0000021f84191c00
# instanceKlass java/lang/invoke/LambdaForm$MH+0x0000021f84191800
# instanceKlass java/lang/invoke/LambdaForm$MH+0x0000021f84191400
# instanceKlass java/lang/invoke/LambdaForm$MH+0x0000021f84191000
# instanceKlass java/lang/invoke/LambdaForm$MH+0x0000021f84190c00
# instanceKlass java/lang/invoke/LambdaForm$MH+0x0000021f84190800
# instanceKlass java/lang/invoke/LambdaForm$DMH+0x0000021f84190400
instanceKlass sun/nio/fs/WindowsUriSupport
instanceKlass org/robolectric/util/Util
instanceKlass java/io/RandomAccessFile$1
instanceKlass org/robolectric/internal/dependency/MavenJarArtifact
instanceKlass sun/nio/ch/FileKey
instanceKlass sun/nio/ch/FileLockTable
instanceKlass java/nio/channels/FileLock
instanceKlass  @bci org/robolectric/internal/dependency/MavenDependencyResolver getLocalArtifactUrls ([Lorg/robolectric/internal/dependency/DependencyJar;)[Ljava/net/URL; 14 <appendix> member <vmtarget> ; # org/robolectric/internal/dependency/MavenDependencyResolver$$Lambda+0x0000021f8418ebe8
instanceKlass org/robolectric/internal/dependency/DependencyJar
# instanceKlass java/lang/invoke/LambdaForm$MH+0x0000021f84190000
# instanceKlass java/lang/invoke/LambdaForm$MH+0x0000021f8418dc00
# instanceKlass java/lang/invoke/LambdaForm$MH+0x0000021f8418d800
instanceKlass org/robolectric/internal/bytecode/ClassNodeProvider
instanceKlass org/robolectric/android/internal/AndroidTestEnvironment
instanceKlass org/robolectric/internal/TestEnvironment
instanceKlass org/robolectric/internal/AndroidSandbox$TestEnvironmentSpec
instanceKlass org/robolectric/internal/ClassTracker
instanceKlass javax/inject/Qualifier
instanceKlass org/robolectric/internal/SandboxManager$SandboxKey
instanceKlass  @bci org/robolectric/internal/bytecode/ClassDetails hasAnnotation (Ljava/lang/String;)Z 46 <appendix> form vmentry <vmtarget> ; # java/lang/invoke/LambdaForm$MH+0x0000021f8418d400
# instanceKlass java/lang/invoke/LambdaForm$MH+0x0000021f8418d000
instanceKlass  @bci org/robolectric/internal/bytecode/ClassDetails hasAnnotation (Ljava/lang/String;)Z 46 <appendix> argL3 form vmentry <vmtarget> ; # java/lang/invoke/LambdaForm$MH+0x0000021f8418cc00
# instanceKlass java/lang/invoke/LambdaForm$MH+0x0000021f8418c800
# instanceKlass java/lang/invoke/LambdaForm$MH+0x0000021f8418c400
# instanceKlass java/lang/invoke/LambdaForm$MH+0x0000021f8418c000
instanceKlass java/util/Collections$UnmodifiableMap$UnmodifiableEntrySet$UnmodifiableEntry
instanceKlass java/util/Collections$UnmodifiableMap$UnmodifiableEntrySet$1
instanceKlass org/robolectric/internal/bytecode/TypeMapper
instanceKlass  @bci org/robolectric/internal/bytecode/InstrumentationConfiguration$Builder build ()Lorg/robolectric/internal/bytecode/InstrumentationConfiguration; 99 <appendix> member <vmtarget> ; # org/robolectric/internal/bytecode/InstrumentationConfiguration$Builder$$Lambda+0x0000021f84189ea8
instanceKlass com/google/common/base/NullnessCasts
instanceKlass com/google/common/base/AbstractIterator
instanceKlass com/google/common/base/Splitter$5
instanceKlass  @bci com/google/common/base/Splitter on (Lcom/google/common/base/CharMatcher;)Lcom/google/common/base/Splitter; 10 <appendix> member <vmtarget> ; # com/google/common/base/Splitter$$Lambda+0x0000021f84183d28
instanceKlass com/google/common/base/Splitter$Strategy
instanceKlass com/google/common/base/CharMatcher
instanceKlass com/google/common/base/Predicate
instanceKlass com/google/common/base/Splitter
instanceKlass org/robolectric/shadow/api/Shadow
instanceKlass org/robolectric/internal/bytecode/RobolectricInternals
instanceKlass org/junit/runner/manipulation/Orderer
instanceKlass org/junit/runner/manipulation/Ordering
instanceKlass org/junit/runner/manipulation/Filter
instanceKlass org/robolectric/internal/bytecode/SandboxConfig
instanceKlass com/google/common/collect/ImmutableCollection$Builder
instanceKlass org/robolectric/internal/SandboxTestRunner$SandboxCallable
instanceKlass org/robolectric/internal/SandboxTestRunner$SandboxChildMapper
instanceKlass org/robolectric/internal/bytecode/InstrumentationConfiguration$Builder
instanceKlass  @bci org/robolectric/util/ReflectionHelpers callInstanceMethod (Ljava/lang/Object;Ljava/lang/String;[Lorg/robolectric/util/ReflectionHelpers$ClassParameter;)Ljava/lang/Object; 51 <appendix> member <vmtarget> ; # org/robolectric/util/ReflectionHelpers$$Lambda+0x0000021f84181898
instanceKlass org/robolectric/util/ReflectionHelpers$InsideTraversal
instanceKlass org/junit/internal/runners/model/EachTestNotifier
instanceKlass  @bci org/gradle/api/internal/tasks/testing/junit/JUnitTestEventAdapter startNode (Lorg/gradle/api/internal/tasks/testing/junit/JUnitTestEventAdapter$TestNode;Lorg/gradle/api/internal/tasks/testing/TestStartEvent;)V 58 <appendix> argL0 ; # org/gradle/api/internal/tasks/testing/junit/JUnitTestEventAdapter$$Lambda+0x0000021f840b6d18
# instanceKlass java/lang/invoke/LambdaForm$MH+0x0000021f84185800
# instanceKlass java/lang/invoke/LambdaForm$MH+0x0000021f84185400
# instanceKlass java/lang/invoke/LambdaForm$MH+0x0000021f84185000
# instanceKlass java/lang/invoke/LambdaForm$MH+0x0000021f84184c00
# instanceKlass java/lang/invoke/LambdaForm$DMH+0x0000021f84184800
# instanceKlass java/lang/invoke/LambdaForm$DMH+0x0000021f84184400
instanceKlass  @bci org/gradle/api/internal/tasks/testing/junit/JUnitTestEventAdapter getExecutingStackForCurrentThread ()Ljava/util/Deque; 7 <appendix> argL0 ; # org/gradle/api/internal/tasks/testing/junit/JUnitTestEventAdapter$$Lambda+0x0000021f840b6ad8
instanceKlass org/gradle/api/internal/tasks/testing/source/DefaultMethodSource
instanceKlass org/gradle/api/tasks/testing/source/MethodSource
instanceKlass  @bci org/gradle/api/internal/tasks/testing/junit/DescriptionMap put (Lorg/junit/runner/Description;Ljava/lang/Object;)V 8 <appendix> member <vmtarget> ; # org/gradle/api/internal/tasks/testing/junit/DescriptionMap$$Lambda+0x0000021f840b6030
instanceKlass org/gradle/api/internal/tasks/testing/source/DefaultClassSource
instanceKlass org/gradle/api/tasks/testing/source/ClassSource
instanceKlass org/junit/runner/notification/RunNotifier$SafeNotifier
instanceKlass org/junit/runner/Result$SerializedForm
instanceKlass org/junit/runner/Result
instanceKlass org/junit/runner/notification/RunListener$ThreadSafe
instanceKlass org/junit/runner/notification/RunNotifier
instanceKlass org/junit/internal/JUnitSystem
instanceKlass org/junit/runner/JUnitCore
instanceKlass org/junit/runner/OrderWith
instanceKlass com/google/common/collect/Lists
instanceKlass java/util/Formatter$Flags
instanceKlass java/util/Formattable
instanceKlass java/util/Formatter$FixedString
instanceKlass java/util/Formatter$FormatSpecifier
instanceKlass java/util/Formatter$FormatString
instanceKlass java/util/Formatter$Conversion
instanceKlass  @bci java/util/regex/Pattern union (Ljava/util/regex/Pattern$CharPredicate;Ljava/util/regex/Pattern$CharPredicate;Z)Ljava/util/regex/Pattern$CharPredicate; 6 <appendix> member <vmtarget> ; # java/util/regex/Pattern$$Lambda+0x800000031
instanceKlass  @bci java/util/regex/Pattern Range (II)Ljava/util/regex/Pattern$CharPredicate; 23 <appendix> member <vmtarget> ; # java/util/regex/Pattern$$Lambda+0x800000029
instanceKlass  @bci com/google/common/io/Closer <clinit> ()V 0 <bsm> form vmentry <vmtarget> ; # java/lang/invoke/LambdaForm$DMH+0x0000021f8413b800
instanceKlass java/lang/invoke/MethodHandle$1
instanceKlass java/util/Formatter
instanceKlass org/robolectric/manifest/ActivityData
instanceKlass org/robolectric/manifest/IntentFilterData
instanceKlass org/robolectric/manifest/PackageItemData
instanceKlass org/robolectric/manifest/MetaData
instanceKlass org/w3c/dom/Comment
instanceKlass com/sun/org/apache/xerces/internal/dom/CharacterDataImpl$1
instanceKlass org/w3c/dom/Text
instanceKlass org/w3c/dom/CharacterData
instanceKlass org/w3c/dom/Attr
instanceKlass com/sun/org/apache/xerces/internal/dom/NamedNodeMapImpl
instanceKlass org/w3c/dom/NamedNodeMap
instanceKlass com/sun/org/apache/xerces/internal/dom/DeepNodeListImpl
instanceKlass com/sun/org/apache/xerces/internal/impl/Constants$ArrayEnumeration
instanceKlass com/sun/org/apache/xerces/internal/impl/Constants
instanceKlass com/sun/org/apache/xerces/internal/dom/DeferredDocumentImpl$RefCount
instanceKlass com/sun/org/apache/xerces/internal/dom/NodeListCache
instanceKlass org/w3c/dom/TypeInfo
instanceKlass org/w3c/dom/ElementTraversal
instanceKlass org/w3c/dom/Element
instanceKlass org/w3c/dom/DocumentType
instanceKlass com/sun/org/apache/xerces/internal/dom/NodeImpl
instanceKlass org/w3c/dom/events/EventTarget
instanceKlass org/w3c/dom/NodeList
instanceKlass org/w3c/dom/Document
instanceKlass org/w3c/dom/ranges/DocumentRange
instanceKlass org/w3c/dom/events/DocumentEvent
instanceKlass org/w3c/dom/traversal/DocumentTraversal
instanceKlass com/sun/org/apache/xerces/internal/dom/DeferredNode
instanceKlass org/w3c/dom/Node
instanceKlass com/sun/org/apache/xerces/internal/util/XMLSymbols
instanceKlass com/sun/org/apache/xerces/internal/util/XMLChar
instanceKlass com/sun/xml/internal/stream/Entity
instanceKlass com/sun/xml/internal/stream/util/BufferAllocator
instanceKlass com/sun/xml/internal/stream/util/ThreadLocalBufferAllocator
instanceKlass com/sun/org/apache/xerces/internal/impl/XMLEntityManager$EncodingInfo
instanceKlass com/sun/org/apache/xerces/internal/utils/XMLLimitAnalyzer
instanceKlass com/sun/org/apache/xerces/internal/xni/parser/XMLInputSource
instanceKlass org/xml/sax/InputSource
instanceKlass sun/nio/ch/Streams
instanceKlass java/nio/channels/Channels
instanceKlass sun/nio/ch/FileChannelImpl$Closer
instanceKlass sun/nio/ch/NativeThreadSet
instanceKlass java/nio/channels/SeekableByteChannel
instanceKlass sun/nio/fs/WindowsChannelFactory$Flags
instanceKlass sun/nio/fs/WindowsChannelFactory$1
instanceKlass sun/nio/fs/WindowsChannelFactory
instanceKlass sun/nio/fs/WindowsSecurityDescriptor
instanceKlass java/nio/file/attribute/FileAttribute
instanceKlass com/sun/org/apache/xerces/internal/util/FeatureState
instanceKlass com/sun/org/apache/xerces/internal/util/PropertyState
instanceKlass com/sun/org/apache/xerces/internal/impl/msg/XMLMessageFormatter
instanceKlass com/sun/org/apache/xerces/internal/util/MessageFormatter
instanceKlass com/sun/org/apache/xerces/internal/impl/XMLVersionDetector
instanceKlass com/sun/org/apache/xerces/internal/impl/validation/ValidationManager
instanceKlass com/sun/org/apache/xerces/internal/impl/dv/dtd/NMTOKENDatatypeValidator
instanceKlass com/sun/org/apache/xerces/internal/impl/dv/dtd/NOTATIONDatatypeValidator
instanceKlass com/sun/org/apache/xerces/internal/impl/dv/dtd/ENTITYDatatypeValidator
instanceKlass com/sun/org/apache/xerces/internal/impl/dv/dtd/ListDatatypeValidator
instanceKlass com/sun/org/apache/xerces/internal/impl/dv/dtd/IDREFDatatypeValidator
instanceKlass com/sun/org/apache/xerces/internal/impl/dv/dtd/IDDatatypeValidator
instanceKlass com/sun/org/apache/xerces/internal/impl/dv/dtd/StringDatatypeValidator
instanceKlass com/sun/org/apache/xerces/internal/impl/dv/DatatypeValidator
instanceKlass com/sun/org/apache/xerces/internal/impl/dv/DTDDVFactory
instanceKlass com/sun/org/apache/xerces/internal/impl/dtd/DTDGrammarBucket
instanceKlass com/sun/org/apache/xerces/internal/impl/dtd/XMLAttributeDecl
instanceKlass com/sun/org/apache/xerces/internal/impl/dtd/XMLSimpleType
instanceKlass com/sun/org/apache/xerces/internal/impl/dtd/XMLElementDecl
instanceKlass com/sun/org/apache/xerces/internal/impl/validation/ValidationState
instanceKlass com/sun/org/apache/xerces/internal/impl/dv/ValidationContext
instanceKlass com/sun/org/apache/xerces/internal/impl/dtd/XMLDTDValidator
instanceKlass com/sun/org/apache/xerces/internal/impl/RevalidationHandler
instanceKlass com/sun/org/apache/xerces/internal/impl/dtd/XMLDTDValidatorFilter
instanceKlass com/sun/org/apache/xerces/internal/xni/parser/XMLDocumentFilter
instanceKlass com/sun/org/apache/xerces/internal/impl/dtd/XMLEntityDecl
instanceKlass com/sun/org/apache/xerces/internal/impl/dtd/XMLDTDProcessor
instanceKlass com/sun/org/apache/xerces/internal/xni/parser/XMLDTDContentModelFilter
instanceKlass com/sun/org/apache/xerces/internal/xni/parser/XMLDTDFilter
instanceKlass com/sun/org/apache/xerces/internal/xni/parser/XMLDTDScanner
instanceKlass com/sun/org/apache/xerces/internal/xni/parser/XMLDTDContentModelSource
instanceKlass com/sun/org/apache/xerces/internal/xni/parser/XMLDTDSource
instanceKlass com/sun/org/apache/xerces/internal/xni/grammars/XMLDTDDescription
instanceKlass com/sun/org/apache/xerces/internal/xni/grammars/XMLGrammarDescription
instanceKlass com/sun/org/apache/xerces/internal/impl/XMLDocumentScannerImpl$TrailingMiscDriver
instanceKlass com/sun/org/apache/xerces/internal/impl/XMLDocumentScannerImpl$PrologDriver
instanceKlass com/sun/org/apache/xerces/internal/impl/XMLDocumentScannerImpl$XMLDeclDriver
instanceKlass com/sun/org/apache/xerces/internal/util/NamespaceSupport
instanceKlass com/sun/org/apache/xerces/internal/xni/NamespaceContext
instanceKlass com/sun/org/apache/xerces/internal/util/XMLAttributesImpl$Attribute
instanceKlass com/sun/org/apache/xerces/internal/util/XMLAttributesImpl
instanceKlass com/sun/org/apache/xerces/internal/xni/XMLAttributes
instanceKlass com/sun/org/apache/xerces/internal/impl/XMLDocumentFragmentScannerImpl$FragmentContentDriver
instanceKlass com/sun/org/apache/xerces/internal/impl/XMLDocumentFragmentScannerImpl$Driver
instanceKlass com/sun/org/apache/xerces/internal/impl/XMLDocumentFragmentScannerImpl$ElementStack2
instanceKlass com/sun/org/apache/xerces/internal/xni/QName
instanceKlass com/sun/org/apache/xerces/internal/impl/XMLDocumentFragmentScannerImpl$ElementStack
instanceKlass com/sun/org/apache/xerces/internal/xni/XMLString
instanceKlass com/sun/org/apache/xerces/internal/impl/XMLScanner
instanceKlass com/sun/xml/internal/stream/XMLBufferListener
instanceKlass com/sun/org/apache/xerces/internal/impl/XMLEntityHandler
instanceKlass com/sun/org/apache/xerces/internal/xni/parser/XMLDocumentScanner
instanceKlass com/sun/org/apache/xerces/internal/xni/parser/XMLDocumentSource
instanceKlass com/sun/org/apache/xerces/internal/impl/XMLErrorReporter
instanceKlass com/sun/org/apache/xerces/internal/impl/XMLEntityScanner
instanceKlass com/sun/org/apache/xerces/internal/xni/XMLLocator
instanceKlass com/sun/xml/internal/stream/XMLEntityStorage
instanceKlass com/sun/org/apache/xerces/internal/utils/XMLSecurityManager
instanceKlass com/sun/org/apache/xerces/internal/util/AugmentationsImpl$AugmentationsItemsContainer
instanceKlass com/sun/org/apache/xerces/internal/util/AugmentationsImpl
instanceKlass com/sun/org/apache/xerces/internal/xni/Augmentations
instanceKlass com/sun/org/apache/xerces/internal/util/XMLResourceIdentifierImpl
instanceKlass com/sun/org/apache/xerces/internal/xni/XMLResourceIdentifier
instanceKlass com/sun/org/apache/xerces/internal/impl/XMLEntityManager
instanceKlass com/sun/org/apache/xerces/internal/xni/parser/XMLEntityResolver
instanceKlass com/sun/org/apache/xerces/internal/xni/parser/XMLComponent
instanceKlass com/sun/org/apache/xerces/internal/util/SymbolTable$Entry
instanceKlass com/sun/org/apache/xerces/internal/util/SymbolTable
instanceKlass jdk/xml/internal/JdkConstants
instanceKlass javax/xml/parsers/SAXParserFactory
instanceKlass jdk/xml/internal/JdkXmlUtils
instanceKlass com/sun/org/apache/xerces/internal/util/ParserConfigurationSettings
instanceKlass com/sun/org/apache/xerces/internal/parsers/XML11Configurable
instanceKlass com/sun/org/apache/xerces/internal/xni/parser/XMLPullParserConfiguration
instanceKlass com/sun/org/apache/xerces/internal/xni/parser/XMLParserConfiguration
instanceKlass com/sun/org/apache/xerces/internal/xni/parser/XMLComponentManager
instanceKlass com/sun/org/apache/xerces/internal/parsers/XMLParser
instanceKlass com/sun/org/apache/xerces/internal/xni/XMLDTDContentModelHandler
instanceKlass com/sun/org/apache/xerces/internal/xni/XMLDTDHandler
instanceKlass com/sun/org/apache/xerces/internal/xni/XMLDocumentHandler
instanceKlass javax/xml/parsers/DocumentBuilder
instanceKlass com/sun/org/apache/xerces/internal/jaxp/JAXPConstants
instanceKlass  @bci javax/xml/parsers/FactoryFinder newInstance (Ljava/lang/Class;Ljava/lang/String;Ljava/lang/ClassLoader;ZZ)Ljava/lang/Object; 104 <appendix> member <vmtarget> ; # javax/xml/parsers/FactoryFinder$$Lambda+0x0000021f840ed750
instanceKlass com/sun/org/apache/xerces/internal/utils/XMLSecurityPropertyManager
instanceKlass jdk/xml/internal/XMLSecurityManager
instanceKlass  @bci jdk/xml/internal/SecuritySupport getContextClassLoader ()Ljava/lang/ClassLoader; 0 <appendix> argL0 ; # jdk/xml/internal/SecuritySupport$$Lambda+0x0000021f840eb4d0
instanceKlass  @bci javax/xml/parsers/FactoryFinder find (Ljava/lang/Class;Ljava/lang/String;)Ljava/lang/Object; 104 <appendix> member <vmtarget> ; # javax/xml/parsers/FactoryFinder$$Lambda+0x0000021f840eb2a8
instanceKlass javax/xml/parsers/FactoryFinder$1
instanceKlass  @bci jdk/xml/internal/SecuritySupport getFileInputStream (Ljava/io/File;)Ljava/io/FileInputStream; 1 <appendix> member <vmtarget> ; # jdk/xml/internal/SecuritySupport$$Lambda+0x0000021f840eae50
instanceKlass  @bci jdk/xml/internal/SecuritySupport doesFileExist (Ljava/io/File;)Z 1 <appendix> member <vmtarget> ; # jdk/xml/internal/SecuritySupport$$Lambda+0x0000021f840eac28
instanceKlass  @bci javax/xml/parsers/FactoryFinder find (Ljava/lang/Class;Ljava/lang/String;)Ljava/lang/Object; 6 <appendix> member <vmtarget> ; # javax/xml/parsers/FactoryFinder$$Lambda+0x0000021f840eaa00
instanceKlass  @bci jdk/xml/internal/SecuritySupport getSystemProperty (Ljava/lang/String;)Ljava/lang/String; 1 <appendix> member <vmtarget> ; # jdk/xml/internal/SecuritySupport$$Lambda+0x0000021f840ea7d8
instanceKlass jdk/xml/internal/SecuritySupport
instanceKlass javax/xml/parsers/FactoryFinder
instanceKlass javax/xml/parsers/DocumentBuilderFactory
instanceKlass org/robolectric/manifest/AndroidManifest
instanceKlass org/robolectric/internal/ManifestIdentifier
instanceKlass org/robolectric/res/Fs
instanceKlass org/robolectric/internal/DefaultManifestFactory
instanceKlass org/robolectric/plugins/HierarchicalConfigurationStrategy$ConfigurationImpl
instanceKlass  @bci org/robolectric/internal/bytecode/ClassDetails hasAnnotation (Ljava/lang/String;)Z 46 <appendix> argL2 form vmentry <vmtarget> ; # java/lang/invoke/LambdaForm$MH+0x0000021f8413b400
instanceKlass  @bci org/robolectric/plugins/HierarchicalConfigurationStrategy lambda$getPackageConfig$5 (Lorg/robolectric/plugins/HierarchicalConfigurationStrategy$Counter;Ljava/lang/String;Ljava/lang/String;)[Ljava/lang/Object; 3 <appendix> member <vmtarget> ; # org/robolectric/plugins/HierarchicalConfigurationStrategy$$Lambda+0x0000021f84136970
instanceKlass  @bci org/robolectric/plugins/HierarchicalConfigurationStrategy getPackageConfig (Ljava/lang/String;Lorg/robolectric/plugins/HierarchicalConfigurationStrategy$Counter;)[Ljava/lang/Object; 6 <appendix> member <vmtarget> ; # org/robolectric/plugins/HierarchicalConfigurationStrategy$$Lambda+0x0000021f84136728
instanceKlass  @bci org/robolectric/plugins/HierarchicalConfigurationStrategy lambda$getFirstClassConfig$3 (Ljava/lang/Class;Lorg/robolectric/plugins/HierarchicalConfigurationStrategy$Counter;Ljava/lang/String;)[Ljava/lang/Object; 23 <appendix> member <vmtarget> ; # org/robolectric/plugins/HierarchicalConfigurationStrategy$$Lambda+0x0000021f84136500
instanceKlass  @bci org/robolectric/plugins/HierarchicalConfigurationStrategy lambda$getClassConfig$7 (Lorg/robolectric/plugins/HierarchicalConfigurationStrategy$Counter;Ljava/lang/Class;Ljava/lang/String;)[Ljava/lang/Object; 3 <appendix> member <vmtarget> ; # org/robolectric/plugins/HierarchicalConfigurationStrategy$$Lambda+0x0000021f841362d8
instanceKlass  @bci org/robolectric/plugins/HierarchicalConfigurationStrategy getClassConfig (Ljava/lang/Class;Lorg/robolectric/plugins/HierarchicalConfigurationStrategy$Counter;)[Ljava/lang/Object; 9 <appendix> member <vmtarget> ; # org/robolectric/plugins/HierarchicalConfigurationStrategy$$Lambda+0x0000021f84136090
instanceKlass  @bci org/robolectric/plugins/HierarchicalConfigurationStrategy getFirstClassConfig (Ljava/lang/Class;Lorg/robolectric/plugins/HierarchicalConfigurationStrategy$Counter;)[Ljava/lang/Object; 14 <appendix> member <vmtarget> ; # org/robolectric/plugins/HierarchicalConfigurationStrategy$$Lambda+0x0000021f84135e48
instanceKlass org/robolectric/annotation/GetInstallerPackageNameMode
instanceKlass  @bci org/robolectric/plugins/HierarchicalConfigurationStrategy lambda$getConfig$1 (Lorg/robolectric/plugins/HierarchicalConfigurationStrategy$Counter;Ljava/lang/reflect/Method;Ljava/lang/Class;Ljava/lang/String;)[Ljava/lang/Object; 7 <appendix> member <vmtarget> ; # org/robolectric/plugins/HierarchicalConfigurationStrategy$$Lambda+0x0000021f84135a20
instanceKlass org/robolectric/plugins/HierarchicalConfigurationStrategy$GetConfig
instanceKlass  @bci org/robolectric/plugins/HierarchicalConfigurationStrategy getConfig (Ljava/lang/Class;Ljava/lang/reflect/Method;)Lorg/robolectric/plugins/HierarchicalConfigurationStrategy$ConfigurationImpl; 27 <appendix> member <vmtarget> ; # org/robolectric/plugins/HierarchicalConfigurationStrategy$$Lambda+0x0000021f841355d8
instanceKlass  @bci org/bouncycastle/asn1/ASN1ObjectIdentifier branch (Ljava/lang/String;)Lorg/bouncycastle/asn1/ASN1ObjectIdentifier; 102 <appendix> form vmentry <vmtarget> ; # java/lang/invoke/LambdaForm$MH+0x0000021f8413b000
instanceKlass java/lang/invoke/LambdaFormEditor$1
# instanceKlass java/lang/invoke/LambdaForm$MH+0x0000021f8413ac00
instanceKlass  @bci org/bouncycastle/asn1/ASN1ObjectIdentifier branch (Ljava/lang/String;)Lorg/bouncycastle/asn1/ASN1ObjectIdentifier; 102 <appendix> argL3 form vmentry <vmtarget> ; # java/lang/invoke/LambdaForm$MH+0x0000021f8413a800
instanceKlass java/lang/invoke/MethodHandles$1
# instanceKlass java/lang/invoke/LambdaForm$MH+0x0000021f8413a400
# instanceKlass java/lang/invoke/LambdaForm$MH+0x0000021f8413a000
# instanceKlass java/lang/invoke/LambdaForm$MH+0x0000021f84139c00
# instanceKlass java/lang/invoke/LambdaForm$MH+0x0000021f84139800
instanceKlass  @bci org/bouncycastle/asn1/ASN1ObjectIdentifier branch (Ljava/lang/String;)Lorg/bouncycastle/asn1/ASN1ObjectIdentifier; 102 <appendix> argL1 form vmentry <vmtarget> ; # java/lang/invoke/LambdaForm$MH+0x0000021f84139400
# instanceKlass java/lang/invoke/LambdaForm$MH+0x0000021f84139000
instanceKlass  @bci org/robolectric/util/reflector/Reflector createReflectorClass (Ljava/lang/Class;Ljava/lang/Class;)Ljava/lang/Class; 10 <appendix> argL1 argL0 form vmentry <vmtarget> ; # java/lang/invoke/LambdaForm$MH+0x0000021f84138c00
# instanceKlass java/lang/invoke/LambdaForm$MH+0x0000021f84138800
# instanceKlass java/lang/invoke/LambdaForm$MH+0x0000021f84138400
# instanceKlass java/lang/invoke/LambdaForm$MH+0x0000021f84138000
instanceKlass org/robolectric/plugins/HierarchicalConfigurationStrategy$Counter
instanceKlass  @bci java/util/regex/Pattern DOT ()Ljava/util/regex/Pattern$CharPredicate; 0 <appendix> argL0 ; # java/util/regex/Pattern$$Lambda+0x0000021f840e9a78
instanceKlass  @bci java/util/regex/Pattern union (Ljava/util/regex/Pattern$CharPredicate;Ljava/util/regex/Pattern$CharPredicate;Z)Ljava/util/regex/Pattern$CharPredicate; 14 <appendix> member <vmtarget> ; # java/util/regex/Pattern$$Lambda+0x0000021f840e9810
instanceKlass  @bci java/util/regex/Pattern negate (Ljava/util/regex/Pattern$CharPredicate;)Ljava/util/regex/Pattern$CharPredicate; 1 <appendix> member <vmtarget> ; # java/util/regex/Pattern$$Lambda+0x800000030
instanceKlass  @bci java/util/regex/CharPredicates ASCII_SPACE ()Ljava/util/regex/Pattern$BmpCharPredicate; 0 <appendix> argL0 ; # java/util/regex/CharPredicates$$Lambda+0x800000025
instanceKlass org/robolectric/config/AndroidConfigurer
instanceKlass org/robolectric/annotation/TextLayoutMode
instanceKlass org/robolectric/annotation/SQLiteMode
instanceKlass org/robolectric/annotation/ResourcesMode
instanceKlass org/robolectric/annotation/LooperMode
instanceKlass org/robolectric/annotation/experimental/LazyApplication
instanceKlass org/robolectric/annotation/GraphicsMode
instanceKlass org/robolectric/annotation/ConscryptMode
instanceKlass org/robolectric/plugins/PackagePropertiesLoader
instanceKlass org/robolectric/plugins/GetInstallerPackageNameModeConfigurer
instanceKlass org/robolectric/plugins/config/SingleValueConfigurer
instanceKlass org/robolectric/plugins/ConfigConfigurer
instanceKlass java/lang/reflect/AnnotatedArrayType
instanceKlass sun/reflect/generics/reflectiveObjects/GenericArrayTypeImpl
instanceKlass sun/reflect/generics/tree/ArrayTypeSignature
instanceKlass sun/reflect/generics/tree/Wildcard
instanceKlass sun/reflect/generics/tree/BottomSignature
instanceKlass org/robolectric/pluginapi/config/Configurer
instanceKlass org/robolectric/pluginapi/config/ConfigurationStrategy$Configuration
instanceKlass org/robolectric/plugins/HierarchicalConfigurationStrategy
instanceKlass org/robolectric/pluginapi/config/ConfigurationStrategy
instanceKlass javax/inject/Named
instanceKlass javax/annotation/meta/TypeQualifier
instanceKlass javax/annotation/Nonnull
instanceKlass org/robolectric/plugins/DefaultSdkPicker
instanceKlass org/robolectric/pluginapi/SdkPicker
instanceKlass  @bci org/robolectric/plugins/SdkCollection <init> (Lorg/robolectric/pluginapi/SdkProvider;)V 33 <appendix> member <vmtarget> ; # org/robolectric/plugins/SdkCollection$$Lambda+0x0000021f8412e338
instanceKlass com/google/common/util/concurrent/AsyncCallable
instanceKlass org/robolectric/internal/dependency/MavenArtifactFetcher
instanceKlass java/util/concurrent/Executors$DefaultThreadFactory
instanceKlass com/google/common/base/CommonPattern
instanceKlass com/google/common/base/Platform$JdkPatternCompiler
instanceKlass com/google/common/base/PatternCompiler
instanceKlass com/google/common/base/Platform
instanceKlass com/google/common/base/Strings
instanceKlass org/robolectric/MavenRoboSettings
instanceKlass java/lang/Byte$ByteCache
instanceKlass java/lang/Short$ShortCache
instanceKlass org/robolectric/util/ReflectionHelpers
instanceKlass org/robolectric/util/ReflectionHelpers$ClassParameter
instanceKlass org/robolectric/internal/dependency/MavenDependencyResolver
instanceKlass org/robolectric/plugins/LegacyDependencyResolver$MaybeAClassLoader
instanceKlass org/robolectric/plugins/LegacyDependencyResolver$DefinitelyNotAClassLoader
instanceKlass org/robolectric/plugins/LegacyDependencyResolver
instanceKlass org/robolectric/internal/dependency/DependencyResolver
instanceKlass javax/annotation/Priority
instanceKlass org/robolectric/plugins/DefaultSdkProvider
instanceKlass org/robolectric/pluginapi/SdkProvider
instanceKlass org/robolectric/pluginapi/Sdk
instanceKlass org/robolectric/internal/bytecode/InstrumentationConfiguration
instanceKlass org/robolectric/plugins/SdkCollection
instanceKlass org/robolectric/internal/SandboxManager$SandboxBuilder
instanceKlass org/robolectric/internal/SandboxManager
instanceKlass org/robolectric/annotation/Config$Implementation
instanceKlass android/content/Context
instanceKlass android/content/ComponentCallbacks2
instanceKlass android/content/ComponentCallbacks
instanceKlass org/robolectric/annotation/Config$Builder
instanceKlass org/robolectric/RobolectricTestRunner$DeprecatedTestRunnerDefaultConfigProvider
instanceKlass org/robolectric/pluginapi/config/GlobalConfigProvider
instanceKlass org/robolectric/shadows/ViewThreadChecker
instanceKlass org/robolectric/pluginapi/MethodHandleDecorator
instanceKlass  @bci org/robolectric/util/PerfStatsPublisher doFinalReportOnShutdown ()V 1 <appendix> argL0 ; # org/robolectric/util/PerfStatsPublisher$$Lambda+0x0000021f84127b98
instanceKlass org/robolectric/util/PerfStatsPublisher
instanceKlass org/robolectric/util/inject/Injector$ArrayProvider
instanceKlass org/robolectric/pluginapi/perf/PerfStatsReporter
instanceKlass org/robolectric/internal/bytecode/ClassHandler
instanceKlass  @bci org/robolectric/util/inject/Injector$ScopeBuilderProvider get ()Ljava/lang/Object; 19 <appendix> member <vmtarget> ; # org/robolectric/util/inject/Injector$ScopeBuilderProvider$$Lambda+0x0000021f84126ce8
instanceKlass org/robolectric/util/inject/Injector$ScopeBuilderProvider
instanceKlass org/robolectric/internal/bytecode/ClassHandlerBuilder
instanceKlass com/google/common/collect/AbstractMapBasedMultimap$WrappedCollection$WrappedIterator
instanceKlass com/google/common/base/Converter
instanceKlass com/google/common/collect/BiMap
instanceKlass com/google/common/collect/SortedMapDifference
instanceKlass com/google/common/collect/MapDifference
instanceKlass com/google/common/collect/Maps
instanceKlass com/google/common/collect/AbstractMapEntry
instanceKlass com/google/common/collect/CompactHashMap$Itr
instanceKlass com/google/common/collect/AbstractMapBasedMultimap$AsMap$AsMapIterator
instanceKlass  @bci org/robolectric/internal/bytecode/ShadowMap createFromShadowProviders (Ljava/util/List;)Lorg/robolectric/internal/bytecode/ShadowMap; 138 <appendix> member <vmtarget> ; # org/robolectric/internal/bytecode/ShadowMap$$Lambda+0x0000021f84120a28
instanceKlass  @cpi org/robolectric/internal/bytecode/ShadowMap 397 form vmentry <vmtarget> ; # java/lang/invoke/LambdaForm$DMH+0x0000021f84124000
instanceKlass com/google/common/collect/CompactHashing
instanceKlass org/robolectric/util/Logger
instanceKlass com/google/common/collect/CollectPreconditions
instanceKlass com/google/common/primitives/IntsMethodsForWeb
instanceKlass com/google/common/collect/Platform
instanceKlass com/google/common/collect/ImmutableMap$Builder
instanceKlass com/google/common/collect/ImmutableMap
instanceKlass com/google/common/collect/Multiset
instanceKlass com/google/common/collect/AbstractMultimap
instanceKlass com/google/common/collect/ListMultimap
instanceKlass com/google/common/collect/Multimap
instanceKlass org/robolectric/internal/bytecode/ShadowMap
instanceKlass com/google/common/collect/Iterables
instanceKlass  @bci org/robolectric/internal/bytecode/ShadowProviders <init> (Ljava/util/List;)V 18 <appendix> argL0 ; # org/robolectric/internal/bytecode/ShadowProviders$$Lambda+0x0000021f84118000
instanceKlass  @bci org/robolectric/internal/bytecode/ShadowProviders <init> (Ljava/util/List;)V 5 <appendix> argL0 ; # org/robolectric/internal/bytecode/ShadowProviders$$Lambda+0x0000021f84110c58
instanceKlass org/robolectric/util/inject/Supersedes
instanceKlass org/robolectric/Shadows
instanceKlass org/robolectric/util/inject/Injector$ListProvider
instanceKlass java/lang/reflect/AnnotatedParameterizedType
instanceKlass sun/reflect/generics/tree/TypeVariableSignature
instanceKlass org/robolectric/internal/ShadowProvider
instanceKlass sun/reflect/generics/tree/VoidDescriptor
instanceKlass jdk/internal/foreign/MemorySessionImpl
instanceKlass java/lang/foreign/MemorySegment$Scope
instanceKlass org/robolectric/internal/bytecode/ShadowProviders
instanceKlass org/robolectric/internal/bytecode/MethodRef
instanceKlass org/robolectric/internal/bytecode/Interceptor
instanceKlass org/robolectric/interceptors/AndroidInterceptors
instanceKlass org/robolectric/internal/bytecode/Interceptors
instanceKlass com/google/common/collect/Hashing
instanceKlass org/robolectric/internal/bytecode/ShadowDecorator
instanceKlass org/objectweb/asm/Handle
instanceKlass org/robolectric/internal/bytecode/InvokeDynamicSupport
instanceKlass org/robolectric/internal/bytecode/ShadowImpl
instanceKlass org/robolectric/internal/IShadow
instanceKlass org/objectweb/asm/Type
instanceKlass sun/reflect/annotation/TypeAnnotation$LocationInfo$Location
instanceKlass sun/reflect/annotation/TypeAnnotation$LocationInfo
instanceKlass sun/reflect/annotation/AnnotatedTypeFactory$AnnotatedTypeBaseImpl
instanceKlass sun/reflect/annotation/AnnotatedTypeFactory
instanceKlass java/lang/reflect/AnnotatedType
instanceKlass sun/reflect/annotation/TypeAnnotation
instanceKlass sun/reflect/annotation/TypeAnnotationParser
instanceKlass javax/inject/Inject
instanceKlass org/objectweb/asm/ClassVisitor
instanceKlass org/objectweb/asm/commons/Remapper
instanceKlass org/objectweb/asm/tree/AbstractInsnNode
instanceKlass org/robolectric/internal/bytecode/ClassInstrumentor$Decorator
instanceKlass org/robolectric/util/inject/Injector$MemoizingProvider
instanceKlass  @bci org/robolectric/util/inject/Injector memoized (Ljava/lang/Class;)Ljavax/inject/Provider; 3 <appendix> member <vmtarget> ; # org/robolectric/util/inject/Injector$$Lambda+0x0000021f8410cc80
instanceKlass  @bci java/util/Comparator thenComparing (Ljava/util/Comparator;)Ljava/util/Comparator; 7 <appendix> member <vmtarget> ; # java/util/Comparator$$Lambda+0x0000021f840e1aa8
instanceKlass  @cpi java/util/Comparator 251 form vmentry <vmtarget> ; # java/lang/invoke/LambdaForm$DMH+0x0000021f84110400
instanceKlass  @bci org/robolectric/util/inject/PluginFinder prioritize (Ljava/lang/Iterable;)Ljava/util/List; 60 <appendix> argL0 ; # org/robolectric/util/inject/PluginFinder$$Lambda+0x0000021f8410ca40
instanceKlass java/util/Collections$ReverseComparator2
instanceKlass java/util/Collections$ReverseComparator
instanceKlass  @bci java/util/Comparator comparing (Ljava/util/function/Function;)Ljava/util/Comparator; 6 <appendix> member <vmtarget> ; # java/util/Comparator$$Lambda+0x0000021f840e0bf8
instanceKlass  @bci java/lang/invoke/BootstrapMethodInvoker invoke (Ljava/lang/Class;Ljava/lang/invoke/MethodHandle;Ljava/lang/String;Ljava/lang/Object;Ljava/lang/Object;Ljava/lang/Class;)Ljava/lang/Object; 462 <adapter> ; # java/lang/invoke/LambdaForm$MH+0x0000021f84110000
instanceKlass  @bci org/robolectric/util/inject/PluginFinder prioritize (Ljava/lang/Iterable;)Ljava/util/List; 47 <appendix> argL0 ; # org/robolectric/util/inject/PluginFinder$$Lambda+0x0000021f8410c800
instanceKlass  @bci org/robolectric/util/PerfStatsCollector$Event finished (Z)V 56 <appendix> argL0 ; # org/robolectric/util/PerfStatsCollector$Event$$Lambda+0x0000021f8410dcd8
instanceKlass org/robolectric/pluginapi/perf/Metric
instanceKlass org/robolectric/util/PerfStatsCollector$MetricKey
instanceKlass org/robolectric/util/PerfStatsCollector$Event
instanceKlass  @bci org/robolectric/util/inject/PluginFinder$ServiceFinderAdapter load (Ljava/lang/Class;)Ljava/lang/Iterable; 7 <appendix> member <vmtarget> ; # org/robolectric/util/inject/PluginFinder$ServiceFinderAdapter$$Lambda+0x0000021f8410d420
instanceKlass org/robolectric/util/PerfStatsCollector$ThrowingSupplier
instanceKlass  @bci org/robolectric/util/PerfStatsCollector <init> ()V 1 <appendix> argL0 ; # org/robolectric/util/PerfStatsCollector$$Lambda+0x0000021f8410d000
instanceKlass  @cpi org/robolectric/util/PerfStatsCollector 196 form vmentry <vmtarget> ; # java/lang/invoke/LambdaForm$DMH+0x0000021f8410c400
instanceKlass org/robolectric/util/Clock
instanceKlass org/robolectric/util/PerfStatsCollector
instanceKlass org/robolectric/util/inject/AutoFactory
instanceKlass  @bci org/robolectric/util/inject/Injector getProvider (Lorg/robolectric/util/inject/Injector$Key;)Ljavax/inject/Provider; 7 <appendix> member <vmtarget> ; # org/robolectric/util/inject/Injector$$Lambda+0x0000021f8410f5f8
instanceKlass org/robolectric/internal/bytecode/ClassInstrumentor
instanceKlass org/junit/After
instanceKlass org/junit/Assert
instanceKlass kotlin/annotation/MustBeDocumented
instanceKlass kotlin/collections/AbstractList$Companion
instanceKlass kotlin/collections/AbstractCollection
instanceKlass kotlin/jvm/internal/Intrinsics
instanceKlass kotlin/enums/EnumEntriesKt
instanceKlass kotlin/enums/EnumEntries
instanceKlass kotlin/jvm/internal/markers/KMappedMarker
instanceKlass  @bci org/robolectric/plugins/HierarchicalConfigurationStrategy getConfig (Ljava/lang/Class;Ljava/lang/reflect/Method;)Lorg/robolectric/plugins/HierarchicalConfigurationStrategy$ConfigurationImpl; 27 <appendix> form vmentry <vmtarget> ; # java/lang/invoke/LambdaForm$DMH+0x0000021f8410c000
instanceKlass  @bci sun/reflect/annotation/AnnotationParser parseEnumArray (ILjava/lang/Class;Ljava/nio/ByteBuffer;Ljdk/internal/reflect/ConstantPool;Ljava/lang/Class;)Ljava/lang/Object; 16 <appendix> member <vmtarget> ; # sun/reflect/annotation/AnnotationParser$$Lambda+0x0000021f840e0528
instanceKlass org/junit/validator/ValidateWith
instanceKlass org/junit/internal/runners/rules/RuleMemberValidator$MethodMustBeARule
instanceKlass org/junit/internal/runners/rules/RuleMemberValidator$MethodMustBeATestRule
instanceKlass org/junit/internal/runners/rules/RuleMemberValidator$FieldMustBeARule
instanceKlass org/junit/internal/runners/rules/RuleMemberValidator$MemberMustBeNonStaticOrAlsoClassRule
instanceKlass org/junit/Rule
instanceKlass org/junit/internal/runners/rules/RuleMemberValidator$FieldMustBeATestRule
instanceKlass org/junit/internal/runners/rules/RuleMemberValidator$MemberMustBePublic
instanceKlass org/junit/internal/runners/rules/RuleMemberValidator$MemberMustBeStatic
instanceKlass org/junit/internal/runners/rules/RuleMemberValidator$DeclaringClassMustBePublic
instanceKlass org/junit/ClassRule
instanceKlass org/junit/internal/runners/rules/RuleMemberValidator$Builder
instanceKlass org/junit/internal/runners/rules/RuleMemberValidator$RuleValidator
instanceKlass org/junit/internal/runners/rules/RuleMemberValidator
instanceKlass org/junit/AfterClass
instanceKlass java/lang/annotation/Documented
instanceKlass java/lang/Deprecated
instanceKlass jdk/internal/vm/annotation/IntrinsicCandidate
instanceKlass  @bci java/lang/reflect/Executable sharedToString (IZ[Ljava/lang/Class;[Ljava/lang/Class;)Ljava/lang/String; 73 <appendix> argL0 ; # java/lang/reflect/Executable$$Lambda+0x0000021f840df3f8
instanceKlass  @bci java/lang/reflect/Executable sharedToString (IZ[Ljava/lang/Class;[Ljava/lang/Class;)Ljava/lang/String; 29 <appendix> argL0 ; # java/lang/reflect/Executable$$Lambda+0x0000021f840df1b8
instanceKlass org/junit/BeforeClass
instanceKlass org/junit/Before
instanceKlass org/junit/Test
instanceKlass org/junit/FixMethodOrder
instanceKlass org/junit/internal/MethodSorter$2
instanceKlass org/junit/internal/MethodSorter$1
instanceKlass org/junit/internal/MethodSorter
instanceKlass org/junit/runners/model/TestClass$MethodComparator
instanceKlass org/junit/runners/model/TestClass$FieldComparator
instanceKlass org/junit/runners/model/FrameworkMember
instanceKlass org/junit/runners/model/TestClass
instanceKlass org/junit/runners/model/Annotatable
instanceKlass org/junit/runners/ParentRunner$1
instanceKlass com/google/common/base/Suppliers$MemoizingSupplier
instanceKlass com/google/common/base/Suppliers$NonSerializableMemoizingSupplier
instanceKlass com/google/common/base/Function
instanceKlass com/google/common/base/Suppliers
instanceKlass  @bci org/robolectric/RobolectricTestRunner <clinit> ()V 25 <appendix> argL0 ; # org/robolectric/RobolectricTestRunner$$Lambda+0x0000021f84104840
instanceKlass com/google/common/base/Supplier
instanceKlass com/google/common/collect/ObjectArrays
instanceKlass com/google/common/base/Preconditions
instanceKlass com/google/common/collect/UnmodifiableIterator
instanceKlass  @bci java/util/stream/Collectors castingIdentity ()Ljava/util/function/Function; 0 <appendix> argL0 ; # java/util/stream/Collectors$$Lambda+0x800000041
instanceKlass  @bci java/util/stream/Collectors toList ()Ljava/util/stream/Collector; 14 <appendix> argL0 ; # java/util/stream/Collectors$$Lambda+0x0000021f840def70
instanceKlass  @bci java/util/stream/Collectors toList ()Ljava/util/stream/Collector; 9 <appendix> argL0 ; # java/util/stream/Collectors$$Lambda+0x0000021f840ded40
instanceKlass  @bci java/util/stream/Collectors toList ()Ljava/util/stream/Collector; 4 <appendix> argL0 ; # java/util/stream/Collectors$$Lambda+0x0000021f840deb20
instanceKlass  @bci org/robolectric/RobolectricTestRunner loadRunListeners ()Lcom/google/common/collect/ImmutableList; 16 <appendix> argL0 ; # org/robolectric/RobolectricTestRunner$$Lambda+0x0000021f84101820
instanceKlass java/util/ServiceLoader$ProviderSpliterator
instanceKlass  @bci org/robolectric/util/inject/Injector$Builder bind (Lorg/robolectric/util/inject/Injector$Key;Ljava/lang/Object;)Lorg/robolectric/util/inject/Injector$Builder; 6 <appendix> member <vmtarget> ; # org/robolectric/util/inject/Injector$Builder$$Lambda+0x0000021f841015f8
instanceKlass org/robolectric/util/inject/Injector$Key
instanceKlass javax/inject/Provider
instanceKlass org/robolectric/util/inject/Injector
instanceKlass org/robolectric/util/inject/PluginFinder$ServiceFinderAdapter
instanceKlass org/robolectric/util/inject/PluginFinder
instanceKlass org/robolectric/util/inject/Injector$Builder
instanceKlass org/junit/validator/PublicClassValidator
instanceKlass org/junit/validator/AnnotationValidatorFactory
instanceKlass org/junit/validator/AnnotationsValidator$AnnotatableValidator
instanceKlass org/junit/validator/AnnotationsValidator
instanceKlass org/robolectric/internal/bytecode/Sandbox
instanceKlass org/robolectric/internal/ManifestFactory
instanceKlass org/robolectric/annotation/Config
instanceKlass org/robolectric/sandbox/ShadowMatcher
instanceKlass org/robolectric/pluginapi/UsesSdk
instanceKlass org/robolectric/internal/bytecode/ResourceProvider
instanceKlass org/junit/validator/TestClassValidator
instanceKlass org/junit/runners/model/RunnerScheduler
instanceKlass org/junit/runners/model/Statement
instanceKlass org/hamcrest/SelfDescribing
instanceKlass org/junit/runners/model/MemberValueConsumer
instanceKlass java/lang/Class$AnnotationData
instanceKlass kotlin/annotation/Target
instanceKlass kotlin/annotation/Retention
instanceKlass kotlin/Metadata
instanceKlass org/junit/runner/RunWith
instanceKlass org/junit/Ignore
instanceKlass org/junit/runner/manipulation/Orderable
instanceKlass org/junit/runner/manipulation/Sortable
instanceKlass org/junit/runner/manipulation/Filterable
instanceKlass org/junit/runners/model/RunnerBuilder
instanceKlass org/junit/runner/Runner
instanceKlass org/junit/runner/Describable
instanceKlass com/apollof/protocoltracker/ui/settings/RestoreTextTest
instanceKlass org/gradle/api/internal/tasks/testing/junit/JUnitTestEventAdapter$1
instanceKlass  @bci org/gradle/api/internal/tasks/testing/junit/JUnitTestEventAdapter <init> (Lorg/gradle/api/internal/tasks/testing/TestResultProcessor;Lorg/gradle/internal/time/Clock;Lorg/gradle/internal/id/IdGenerator;)V 58 <appendix> argL0 ; # org/gradle/api/internal/tasks/testing/junit/JUnitTestEventAdapter$$Lambda+0x0000021f840b5548
instanceKlass org/gradle/api/internal/tasks/testing/junit/JUnitTestEventAdapter$TestNode
instanceKlass  @bci org/gradle/api/internal/tasks/testing/junit/DescriptionSet <init> ()V 9 <appendix> argL0 ; # org/gradle/api/internal/tasks/testing/junit/DescriptionSet$$Lambda+0x0000021f840b5108
instanceKlass sun/invoke/util/VerifyAccess$1
instanceKlass org/gradle/api/internal/tasks/testing/junit/DescriptionMap
instanceKlass org/gradle/api/internal/tasks/testing/junit/DescriptionSet$1
instanceKlass org/gradle/api/internal/tasks/testing/junit/DescriptionSet
instanceKlass org/junit/runner/Description
instanceKlass  @bci java/util/regex/CharPredicates ASCII_DIGIT ()Ljava/util/regex/Pattern$BmpCharPredicate; 0 <appendix> argL0 ; # java/util/regex/CharPredicates$$Lambda+0x800000024
instanceKlass  @bci java/util/regex/Pattern ALL ()Ljava/util/regex/Pattern$CharPredicate; 0 <appendix> argL0 ; # java/util/regex/Pattern$$Lambda+0x0000021f840ddd20
instanceKlass org/gradle/api/internal/tasks/testing/failure/DefaultThrowableToTestFailureMapper
instanceKlass org/gradle/api/internal/tasks/testing/failure/ThrowableToTestFailureMapper
instanceKlass org/gradle/api/internal/tasks/testing/failure/TestFailureMapper
instanceKlass org/gradle/api/internal/tasks/testing/worker/TestWorker$3
instanceKlass org/gradle/api/internal/tasks/testing/junit/DescriptionMap$DescriptionWitness
instanceKlass org/gradle/api/internal/tasks/testing/worker/TestWorker$2
instanceKlass org/junit/runner/Request
instanceKlass  @bci java/util/regex/CharPredicates forUnicodeBlock (Ljava/lang/String;)Ljava/util/regex/Pattern$CharPredicate; 6 <appendix> member <vmtarget> ; # java/util/regex/CharPredicates$$Lambda+0x0000021f840dd850
instanceKlass org/gradle/api/internal/tasks/testing/junit/JUnitTestExecutor
instanceKlass org/gradle/internal/actor/internal/DefaultActorFactory$BlockingActor
instanceKlass org/junit/runner/notification/RunListener
instanceKlass java/lang/Character$Subset
instanceKlass org/gradle/api/internal/tasks/testing/redirector/TestOutputRedirector$Forwarder
instanceKlass org/gradle/api/internal/tasks/testing/redirector/TestOutputRedirector
instanceKlass java/util/regex/CharPredicates
instanceKlass org/gradle/api/internal/tasks/testing/redirector/DefaultStandardOutputRedirector$WriteAction
instanceKlass org/gradle/api/internal/tasks/testing/redirector/StandardOutputRedirector$OutputListener
instanceKlass org/gradle/api/internal/tasks/testing/redirector/DefaultStandardOutputRedirector
instanceKlass org/apache/commons/lang3/StringUtils
instanceKlass org/gradle/api/internal/tasks/testing/processors/CaptureTestOutputTestResultProcessor
instanceKlass org/gradle/api/internal/tasks/testing/results/AttachParentTestResultProcessor
# instanceKlass java/lang/invoke/LambdaForm$MH+0x0000021f840a9c00
# instanceKlass java/lang/invoke/LambdaForm$MH+0x0000021f840a9800
instanceKlass org/gradle/internal/remote/internal/hub/DefaultMethodArgsSerializer$ArraySerializer
# instanceKlass java/lang/invoke/LambdaForm$MH+0x0000021f840a9400
instanceKlass org/gradle/internal/serialize/DefaultSerializerRegistry$TypeInfo
instanceKlass org/gradle/api/internal/tasks/testing/worker/TestWorker$1
# instanceKlass java/lang/invoke/LambdaForm$MH+0x0000021f840a9000
instanceKlass java/util/AbstractMap$SimpleImmutableEntry
# instanceKlass java/lang/invoke/LambdaForm$MH+0x0000021f840a8c00
# instanceKlass java/lang/invoke/LambdaForm$DMH+0x0000021f840a8800
instanceKlass java/util/concurrent/ConcurrentSkipListMap$Iter
instanceKlass org/gradle/internal/remote/internal/hub/queue/MultiEndPointQueue$1
instanceKlass org/gradle/internal/remote/internal/hub/DefaultMethodArgsSerializer$EmptyArraySerializer
instanceKlass org/gradle/internal/remote/internal/hub/MethodInvocationSerializer$MethodDetails
instanceKlass java/nio/channels/spi/AbstractSelector$1
instanceKlass org/gradle/internal/remote/internal/hub/MessageHub$ConnectionReceive
instanceKlass org/gradle/internal/remote/internal/hub/MessageHub$ConnectionDispatch
instanceKlass org/gradle/internal/remote/internal/hub/ConnectionState
instanceKlass org/gradle/internal/serialize/kryo/TypeSafeSerializer$2
instanceKlass org/gradle/internal/remote/internal/hub/MethodInvocationSerializer$MethodInvocationWriter
instanceKlass org/gradle/internal/remote/internal/hub/InterHubMessageSerializer$MessageWriter
instanceKlass org/gradle/internal/serialize/AbstractEncoder
instanceKlass org/gradle/internal/serialize/PositionAwareEncoder
instanceKlass org/gradle/internal/serialize/kryo/TypeSafeSerializer$1
instanceKlass org/gradle/internal/remote/internal/hub/MethodInvocationSerializer$MethodInvocationReader
instanceKlass org/gradle/internal/remote/internal/hub/InterHubMessageSerializer$MessageReader
instanceKlass org/gradle/internal/remote/internal/inet/SocketInetAddress$Serializer
instanceKlass org/gradle/internal/remote/internal/inet/SocketInetAddress
instanceKlass org/gradle/internal/io/BufferCaster
instanceKlass java/lang/invoke/ConstantBootstraps
instanceKlass java/nio/channels/SelectionKey
instanceKlass java/nio/BufferMismatch
instanceKlass sun/security/provider/AbstractDrbg$NonceProvider
instanceKlass  @bci sun/security/provider/AbstractDrbg$SeederHolder <clinit> ()V 42 <appendix> member <vmtarget> ; # sun/security/provider/AbstractDrbg$SeederHolder$$Lambda+0x0000021f840d8988
instanceKlass  @cpi sun/security/provider/AbstractDrbg$SeederHolder 91 form vmentry <vmtarget> ; # java/lang/invoke/LambdaForm$DMH+0x0000021f840a8400
# instanceKlass java/lang/invoke/LambdaForm$DMH+0x0000021f840a8000
instanceKlass sun/nio/fs/BasicFileAttributesHolder
instanceKlass sun/nio/fs/WindowsDirectoryStream$WindowsDirectoryIterator
instanceKlass sun/nio/fs/WindowsDirectoryStream
instanceKlass java/nio/file/DirectoryStream
instanceKlass java/nio/file/Files$AcceptAllFilter
instanceKlass java/nio/file/DirectoryStream$Filter
instanceKlass java/net/NetworkInterface$1
instanceKlass java/net/DefaultInterface
instanceKlass java/net/InterfaceAddress
instanceKlass java/net/NetworkInterface
instanceKlass sun/security/provider/SeedGenerator$1
instanceKlass sun/security/provider/SeedGenerator
instanceKlass sun/security/provider/AbstractDrbg$SeederHolder
instanceKlass java/security/DrbgParameters$NextBytes
instanceKlass com/sun/security/sasl/Provider$1
instanceKlass  @bci sun/security/provider/certpath/ldap/JdkLDAP <init> ()V 15 <appendix> member <vmtarget> ; # sun/security/provider/certpath/ldap/JdkLDAP$$Lambda+0x0000021f840d4f58
instanceKlass  @bci sun/security/ssl/SunJSSE registerAlgorithms ()V 1 <appendix> member <vmtarget> ; # sun/security/ssl/SunJSSE$$Lambda+0x0000021f840d43b0
instanceKlass java/security/spec/ECFieldF2m
instanceKlass sun/security/util/ObjectIdentifier
instanceKlass sun/security/util/ByteArrayTagOrder
instanceKlass sun/security/util/ByteArrayLexOrder
instanceKlass sun/security/util/DerEncoder
instanceKlass java/security/spec/ECParameterSpec
instanceKlass java/security/spec/AlgorithmParameterSpec
instanceKlass java/security/spec/ECPoint
instanceKlass java/security/spec/EllipticCurve
instanceKlass java/security/spec/ECFieldFp
instanceKlass java/security/spec/ECField
instanceKlass sun/security/util/CurveDB
instanceKlass sun/security/ec/SunEC$1
instanceKlass sun/security/smartcardio/SunPCSC$1
instanceKlass  @bci sun/security/jgss/SunProvider <init> ()V 15 <appendix> member <vmtarget> ; # sun/security/jgss/SunProvider$$Lambda+0x0000021f840a3968
instanceKlass org/jcp/xml/dsig/internal/dom/XMLDSigRI$2
instanceKlass org/jcp/xml/dsig/internal/dom/XMLDSigRI$1
instanceKlass  @bci sun/security/pkcs11/SunPKCS11 register (Lsun/security/pkcs11/SunPKCS11$Descriptor;)V 27 <appendix> argL0 ; # sun/security/pkcs11/SunPKCS11$$Lambda+0x0000021f840a24e0
instanceKlass sun/security/pkcs11/SunPKCS11$Descriptor
instanceKlass javax/security/auth/callback/CallbackHandler
instanceKlass javax/security/auth/Subject
instanceKlass sun/security/mscapi/SunMSCAPI$2
instanceKlass sun/security/mscapi/SunMSCAPI$1
instanceKlass com/sun/security/sasl/gsskerb/JdkSASL$1
instanceKlass sun/security/jca/ProviderConfig$ProviderLoader
instanceKlass sun/security/jca/ProviderConfig$3
instanceKlass sun/security/rsa/SunRsaSignEntries
instanceKlass sun/net/NetProperties$1
instanceKlass sun/net/NetProperties
instanceKlass  @bci sun/nio/ch/UnixDomainSocketsUtil getTempDir ()Ljava/lang/String; 0 <appendix> argL0 ; # sun/nio/ch/UnixDomainSocketsUtil$$Lambda+0x0000021f840cec48
instanceKlass sun/nio/ch/UnixDomainSocketsUtil
instanceKlass sun/nio/ch/UnixDomainSockets
instanceKlass sun/nio/ch/PipeImpl$Initializer$LoopbackConnector
instanceKlass sun/nio/ch/PipeImpl$Initializer
instanceKlass  @bci sun/security/provider/AbstractDrbg <clinit> ()V 12 <appendix> argL0 ; # sun/security/provider/AbstractDrbg$$Lambda+0x0000021f840ce1b0
instanceKlass  @cpi sun/security/provider/AbstractDrbg 383 form vmentry <vmtarget> ; # java/lang/invoke/LambdaForm$DMH+0x0000021f840a0400
# instanceKlass java/lang/invoke/LambdaForm$DMH+0x0000021f840a0000
instanceKlass sun/security/provider/EntropySource
instanceKlass sun/security/provider/AbstractDrbg
instanceKlass java/security/DrbgParameters$Instantiation
instanceKlass java/security/DrbgParameters
instanceKlass sun/security/provider/MoreDrbgParameters
instanceKlass  @bci sun/security/provider/DRBG <init> (Ljava/security/SecureRandomParameters;)V 26 <appendix> argL0 ; # sun/security/provider/DRBG$$Lambda+0x0000021f840ccc50
instanceKlass java/security/SecureRandomSpi
instanceKlass java/util/AbstractList$Itr
instanceKlass java/nio/channels/Pipe
instanceKlass sun/nio/ch/WEPoll
instanceKlass sun/nio/ch/Util$2
instanceKlass java/nio/channels/Selector
instanceKlass org/gradle/internal/serialize/FlushableEncoder
instanceKlass org/gradle/internal/remote/internal/KryoBackedMessageSerializer
instanceKlass org/gradle/internal/serialize/Encoder
instanceKlass org/gradle/internal/remote/internal/inet/SocketConnection
instanceKlass org/gradle/internal/remote/internal/hub/MethodInvocationSerializer
instanceKlass org/gradle/internal/serialize/kryo/TypeSafeSerializer
instanceKlass org/gradle/internal/serialize/ObjectWriter
instanceKlass org/gradle/internal/serialize/ObjectReader
instanceKlass org/gradle/internal/remote/internal/hub/InterHubMessageSerializer
instanceKlass java/util/concurrent/ForkJoinPool$2
instanceKlass jdk/internal/access/JavaUtilConcurrentFJPAccess
instanceKlass java/util/concurrent/ForkJoinPool$DefaultForkJoinWorkerThreadFactory
instanceKlass org/gradle/internal/remote/internal/hub/JavaSerializationBackedMethodArgsSerializer
instanceKlass java/util/concurrent/ForkJoinPool$WorkQueue
instanceKlass java/util/concurrent/ForkJoinPool$ForkJoinWorkerThreadFactory
instanceKlass org/gradle/internal/remote/internal/hub/DefaultMethodArgsSerializer
instanceKlass java/lang/Thread$ThreadNumbering
instanceKlass org/gradle/internal/concurrent/AbstractManagedExecutor$1
instanceKlass org/gradle/internal/remote/internal/hub/MessageHub$Handler
instanceKlass org/gradle/internal/remote/internal/hub/queue/EndPointQueue
instanceKlass org/gradle/internal/remote/internal/hub/MessageHubBackedObjectConnection$DispatchWrapper
instanceKlass org/gradle/api/tasks/testing/TestFailureDetails
instanceKlass org/gradle/api/internal/tasks/testing/worker/TestEventSerializer$DefaultTestFailureSerializer
instanceKlass org/gradle/api/tasks/testing/TestFailure
instanceKlass org/gradle/api/internal/tasks/testing/worker/TestEventSerializer$TestMetadataEventSerializer
instanceKlass org/gradle/api/tasks/testing/TestMetadataEvent
instanceKlass org/gradle/api/internal/tasks/testing/worker/TestEventSerializer$DefaultTestOutputEventSerializer
instanceKlass org/gradle/api/internal/tasks/testing/DefaultTestOutputEvent
instanceKlass org/gradle/api/tasks/testing/TestOutputEvent
instanceKlass org/gradle/api/internal/tasks/testing/worker/TestEventSerializer$TestCompleteEventSerializer
instanceKlass org/gradle/api/internal/tasks/testing/TestCompleteEvent
instanceKlass org/gradle/api/internal/tasks/testing/worker/TestEventSerializer$TestStartEventSerializer
instanceKlass org/gradle/api/internal/tasks/testing/TestStartEvent
instanceKlass org/gradle/api/tasks/testing/source/FilePosition
instanceKlass org/gradle/api/internal/tasks/testing/worker/TestEventSerializer$FilePositionSerializer
instanceKlass org/gradle/api/internal/tasks/testing/worker/TestEventSerializer$NullableSerializer
instanceKlass org/gradle/api/internal/tasks/testing/worker/TestEventSerializer$TestSourceSerializer
instanceKlass org/gradle/api/internal/tasks/testing/worker/TestEventSerializer$DefaultTestDescriptorSerializer
instanceKlass org/gradle/api/internal/tasks/testing/worker/TestEventSerializer$DefaultTestMethodDescriptorSerializer
instanceKlass org/gradle/api/internal/tasks/testing/worker/TestEventSerializer$DefaultTestClassDescriptorSerializer
instanceKlass org/gradle/api/internal/tasks/testing/worker/TestEventSerializer$WorkerTestSuiteDescriptorSerializer
instanceKlass org/gradle/api/internal/tasks/testing/worker/TestEventSerializer$DefaultTestSuiteDescriptorSerializer
instanceKlass org/gradle/api/internal/tasks/testing/worker/TestEventSerializer$DefaultParameterizedTestDescriptorSerializer
instanceKlass org/gradle/api/internal/tasks/testing/worker/TestEventSerializer$DefaultNestedTestSuiteDescriptorSerializer
instanceKlass org/gradle/api/internal/tasks/testing/worker/TestEventSerializer$IdSerializer
instanceKlass org/gradle/api/internal/tasks/testing/worker/TestEventSerializer$DirectoryBasedTestDefinitionSerializer
instanceKlass org/gradle/api/internal/tasks/testing/DirectoryBasedTestDefinition
instanceKlass org/gradle/api/internal/tasks/testing/worker/TestEventSerializer$ClassTestDefinitionSerializer
instanceKlass org/gradle/api/internal/tasks/testing/ClassTestDefinition
instanceKlass org/gradle/api/internal/tasks/testing/worker/TestEventSerializer
instanceKlass org/gradle/internal/dispatch/ContextClassLoaderDispatch
instanceKlass org/gradle/internal/dispatch/ContextClassLoaderProxy
instanceKlass org/gradle/api/internal/tasks/testing/source/DefaultNoSource
instanceKlass org/gradle/api/tasks/testing/source/NoSource
instanceKlass org/gradle/api/tasks/testing/source/TestSource
instanceKlass org/gradle/api/internal/tasks/testing/AbstractTestDescriptor
instanceKlass org/gradle/internal/id/CompositeIdGenerator$CompositeId
instanceKlass org/gradle/api/internal/tasks/testing/TestDescriptorInternal
instanceKlass org/gradle/api/tasks/testing/TestDescriptor
instanceKlass org/gradle/api/internal/tasks/testing/redirector/StandardOutputRedirector
instanceKlass org/gradle/api/internal/tasks/testing/SuiteTestDefinitionProcessor
instanceKlass org/gradle/api/internal/tasks/testing/TestDefinitionConsumer
instanceKlass org/gradle/api/internal/tasks/testing/junit/AbstractJUnitTestDefinitionProcessor
instanceKlass org/gradle/api/internal/tasks/testing/RequiresTestFrameworkTestDefinitionProcessor
instanceKlass org/gradle/internal/actor/Actor
instanceKlass org/gradle/internal/actor/internal/DefaultActorFactory
instanceKlass org/gradle/internal/id/LongIdGenerator
instanceKlass org/gradle/internal/id/CompositeIdGenerator
instanceKlass java/lang/reflect/WildcardType
instanceKlass sun/reflect/generics/reflectiveObjects/LazyReflectiveObjectGenerator
instanceKlass sun/reflect/generics/tree/ClassSignature
instanceKlass sun/reflect/generics/reflectiveObjects/ParameterizedTypeImpl
instanceKlass sun/reflect/generics/tree/MethodTypeSignature
instanceKlass sun/reflect/generics/tree/Signature
instanceKlass sun/reflect/generics/tree/FormalTypeParameter
instanceKlass java/lang/reflect/TypeVariable
instanceKlass sun/reflect/generics/repository/AbstractRepository
instanceKlass org/gradle/api/internal/tasks/testing/worker/TestWorker$TestFrameworkServiceRegistry
instanceKlass java/util/HashMap$HashMapSpliterator
instanceKlass  @bci java/lang/SecurityManager nonExportedPkgs (Ljava/lang/module/ModuleDescriptor;)Ljava/util/Set; 92 <appendix> member <vmtarget> ; # java/lang/SecurityManager$$Lambda+0x0000021f840c6e68
instanceKlass  @bci java/lang/SecurityManager nonExportedPkgs (Ljava/lang/module/ModuleDescriptor;)Ljava/util/Set; 76 <appendix> argL0 ; # java/lang/SecurityManager$$Lambda+0x0000021f840c6c28
instanceKlass  @bci java/lang/SecurityManager nonExportedPkgs (Ljava/lang/module/ModuleDescriptor;)Ljava/util/Set; 66 <appendix> argL0 ; # java/lang/SecurityManager$$Lambda+0x0000021f840c69d8
instanceKlass  @bci java/lang/SecurityManager nonExportedPkgs (Ljava/lang/module/ModuleDescriptor;)Ljava/util/Set; 47 <appendix> member <vmtarget> ; # java/lang/SecurityManager$$Lambda+0x0000021f840c67a0
instanceKlass  @bci java/lang/SecurityManager nonExportedPkgs (Ljava/lang/module/ModuleDescriptor;)Ljava/util/Set; 31 <appendix> argL0 ; # java/lang/SecurityManager$$Lambda+0x0000021f840c6560
instanceKlass  @bci java/lang/SecurityManager nonExportedPkgs (Ljava/lang/module/ModuleDescriptor;)Ljava/util/Set; 21 <appendix> argL0 ; # java/lang/SecurityManager$$Lambda+0x0000021f840c6310
instanceKlass  @cpi java/lang/SecurityManager 539 form vmentry <vmtarget> ; # java/lang/invoke/LambdaForm$DMH+0x0000021f84091000
instanceKlass java/util/stream/ForEachOps$ForEachOp
instanceKlass java/util/stream/ForEachOps
instanceKlass  @bci java/lang/SecurityManager addNonExportedPackages (Ljava/lang/ModuleLayer;)V 59 <appendix> argL0 ; # java/lang/SecurityManager$$Lambda+0x0000021f840c60e0
instanceKlass  @cpi java/lang/SecurityManager 535 form vmentry <vmtarget> ; # java/lang/invoke/LambdaForm$DMH+0x0000021f84090c00
instanceKlass  @cpi java/util/concurrent/Executors$AutoShutdownDelegatedExecutorService 89 form vmentry <vmtarget> ; # java/lang/invoke/LambdaForm$DMH+0x0000021f84090800
instanceKlass  @bci java/lang/SecurityManager addNonExportedPackages (Ljava/lang/ModuleLayer;)V 49 <appendix> argL0 ; # java/lang/SecurityManager$$Lambda+0x0000021f840c5ea0
instanceKlass  @bci java/lang/SecurityManager addNonExportedPackages (Ljava/lang/ModuleLayer;)V 39 <appendix> argL0 ; # java/lang/SecurityManager$$Lambda+0x0000021f840c5c60
instanceKlass  @bci java/lang/SecurityManager addNonExportedPackages (Ljava/lang/ModuleLayer;)V 29 <appendix> member <vmtarget> ; # java/lang/SecurityManager$$Lambda+0x0000021f840c5a08
instanceKlass  @cpi java/lang/SecurityManager 518 form vmentry <vmtarget> ; # java/lang/invoke/LambdaForm$DMH+0x0000021f84090400
instanceKlass  @cpi java/util/Comparator 259 form vmentry <vmtarget> ; # java/lang/invoke/LambdaForm$DMH+0x0000021f84090000
instanceKlass  @bci java/lang/SecurityManager addNonExportedPackages (Ljava/lang/ModuleLayer;)V 17 <appendix> argL0 ; # java/lang/SecurityManager$$Lambda+0x0000021f840c57c8
instanceKlass org/gradle/api/internal/tasks/testing/worker/SecurityManagerRef
instanceKlass org/gradle/process/internal/worker/child/ActionExecutionWorker$1
instanceKlass org/gradle/process/internal/worker/child/SystemApplicationClassLoaderWorker$ContextImpl
instanceKlass org/gradle/process/internal/worker/child/ActionExecutionWorker
instanceKlass org/gradle/internal/logging/source/PrintStreamLoggingSystem$PrintStreamDestination
instanceKlass java/util/logging/LogManager$CloseOnReset
instanceKlass java/util/logging/StreamHandler$1
instanceKlass java/util/logging/Handler$1
instanceKlass java/util/logging/ErrorManager
instanceKlass jdk/internal/logger/SimpleConsoleLogger$Formatting
instanceKlass  @bci java/util/logging/SimpleFormatter <init> ()V 5 <appendix> argL0 ; # java/util/logging/SimpleFormatter$$Lambda+0x0000021f840c4880
instanceKlass java/util/logging/Formatter
instanceKlass org/gradle/internal/logging/source/JavaUtilLoggingSystem$JulSnapshot
instanceKlass org/gradle/internal/logging/slf4j/Slf4jLoggingSystem$Slf4jSnapshot
instanceKlass org/gradle/internal/logging/sink/OutputEventRenderer$SnapshotImpl
instanceKlass java/util/Arrays$ArrayItr
instanceKlass  @bci java/lang/reflect/Proxy getProxyConstructor (Ljava/lang/Class;Ljava/lang/ClassLoader;[Ljava/lang/Class;)Ljava/lang/reflect/Constructor; 80 <appendix> argL0 ; # java/lang/reflect/Proxy$$Lambda+0x0000021f840c3a38
instanceKlass org/gradle/internal/concurrent/ThreadSafe
instanceKlass org/gradle/internal/remote/internal/hub/protocol/ChannelIdentifier
instanceKlass org/gradle/internal/remote/internal/hub/MessageHub$ChannelDispatch
instanceKlass org/gradle/internal/dispatch/MethodInvocation
instanceKlass org/gradle/process/internal/worker/child/WorkerLoggingProtocol
instanceKlass org/gradle/internal/logging/serializer/LogLevelChangeEventSerializer
instanceKlass org/gradle/internal/logging/serializer/SpanSerializer
instanceKlass org/gradle/internal/logging/serializer/StyledTextOutputEventSerializer
instanceKlass java/util/concurrent/atomic/Striped64$1
instanceKlass jdk/internal/util/random/RandomSupport
instanceKlass java/util/Random
instanceKlass java/util/random/RandomGenerator
instanceKlass org/gradle/internal/serialize/DefaultSerializerRegistry$InstanceBasedSerializerFactory
instanceKlass org/gradle/internal/logging/serializer/LogEventSerializer
instanceKlass org/gradle/internal/serialize/AbstractSerializer
instanceKlass org/gradle/internal/serialize/BaseSerializerFactory
instanceKlass org/gradle/internal/serialize/DefaultSerializerRegistry$HierarchySerializerMatcher
instanceKlass org/gradle/internal/serialize/DefaultSerializerRegistry$StrictSerializerMatcher
instanceKlass org/gradle/internal/serialize/DefaultSerializerRegistry$SerializerClassMatcherStrategy
instanceKlass org/gradle/internal/serialize/DefaultSerializerRegistry$1
instanceKlass org/gradle/internal/serialize/DefaultSerializerRegistry$SerializerFactory
instanceKlass org/gradle/internal/serialize/DefaultSerializerRegistry
instanceKlass org/gradle/internal/serialize/SerializerRegistry
instanceKlass org/gradle/process/internal/worker/WorkerLoggingSerializer
instanceKlass org/gradle/internal/remote/internal/hub/MessageHubBackedObjectConnection$2
instanceKlass org/gradle/internal/concurrent/ExecutorPolicy$CatchAndRecordFailures
instanceKlass jdk/internal/vm/ThreadContainers
instanceKlass jdk/internal/vm/StackableScope
instanceKlass java/util/concurrent/LinkedTransferQueue$DualNode
instanceKlass java/util/concurrent/TransferQueue
instanceKlass java/util/concurrent/ThreadPoolExecutor$AbortPolicy
instanceKlass java/util/concurrent/RejectedExecutionHandler
instanceKlass java/util/concurrent/Executors
instanceKlass org/gradle/internal/concurrent/ThreadFactoryImpl
instanceKlass java/util/concurrent/AbstractExecutorService
instanceKlass org/gradle/internal/remote/internal/hub/ConnectionSet
instanceKlass org/gradle/internal/remote/internal/hub/protocol/Routable
instanceKlass org/gradle/internal/remote/internal/hub/queue/MultiEndPointQueue
instanceKlass org/gradle/internal/remote/internal/hub/queue/QueueInitializer
instanceKlass org/gradle/internal/remote/internal/hub/protocol/InterHubMessage
instanceKlass org/gradle/internal/remote/internal/hub/queue/MultiChannelQueue
instanceKlass org/gradle/internal/remote/internal/hub/MessageHub$Discard
instanceKlass org/gradle/internal/remote/internal/hub/StreamFailureHandler
instanceKlass org/gradle/internal/dispatch/BoundedDispatch
instanceKlass org/gradle/internal/dispatch/StreamCompletion
instanceKlass org/gradle/internal/remote/internal/hub/RejectedMessageListener
instanceKlass org/gradle/internal/remote/internal/hub/MessageHub
instanceKlass org/gradle/internal/remote/internal/hub/MessageHubBackedObjectConnection$1
instanceKlass org/gradle/internal/remote/internal/RemoteConnection
instanceKlass org/gradle/internal/remote/internal/Connection
instanceKlass org/gradle/internal/dispatch/Receive
instanceKlass org/gradle/internal/remote/internal/MessageSerializer
instanceKlass org/gradle/internal/remote/internal/inet/SocketConnectCompletion
instanceKlass sun/nio/ch/IOStatus
instanceKlass sun/nio/ch/Util$BufferCache
instanceKlass sun/nio/ch/Util
instanceKlass org/gradle/internal/remote/internal/inet/SocketBlockingUtil
instanceKlass sun/nio/ch/NativeThread
instanceKlass sun/net/NetHooks
instanceKlass java/nio/channels/spi/AbstractInterruptibleChannel$1
instanceKlass sun/nio/ch/Interruptible
instanceKlass java/net/InetSocketAddress$InetSocketAddressHolder
instanceKlass java/net/SocketImpl
instanceKlass java/net/SocketOptions
instanceKlass java/net/Socket
instanceKlass jdk/net/ExtendedSocketOptions$2
instanceKlass jdk/net/ExtendedSocketOptions$PlatformSocketOptions
instanceKlass jdk/net/ExtendedSocketOptions$ExtSocketOption
instanceKlass java/net/SocketOption
instanceKlass jdk/net/ExtendedSocketOptions
instanceKlass sun/net/ext/ExtendedSocketOptions
instanceKlass java/net/Inet6Address$Inet6AddressHolder
instanceKlass sun/nio/ch/Net$1
instanceKlass java/net/ProtocolFamily
instanceKlass sun/nio/ch/Net
instanceKlass sun/nio/ch/IOUtil
instanceKlass sun/nio/ch/NativeDispatcher
instanceKlass sun/nio/ch/SelChImpl
instanceKlass  @bci sun/nio/ch/DefaultSelectorProvider <clinit> ()V 0 <appendix> argL0 ; # sun/nio/ch/DefaultSelectorProvider$$Lambda+0x0000021f8407b788
instanceKlass sun/nio/ch/DefaultSelectorProvider
instanceKlass  @bci java/nio/channels/spi/SelectorProvider$Holder provider ()Ljava/nio/channels/spi/SelectorProvider; 0 <appendix> argL0 ; # java/nio/channels/spi/SelectorProvider$Holder$$Lambda+0x0000021f8407aeb0
instanceKlass java/nio/channels/spi/SelectorProvider$Holder
instanceKlass java/nio/channels/spi/SelectorProvider
instanceKlass java/nio/channels/spi/AbstractInterruptibleChannel
instanceKlass java/nio/channels/InterruptibleChannel
instanceKlass java/nio/channels/NetworkChannel
instanceKlass java/nio/channels/GatheringByteChannel
instanceKlass java/nio/channels/ScatteringByteChannel
instanceKlass java/nio/channels/ByteChannel
instanceKlass java/nio/channels/WritableByteChannel
instanceKlass java/nio/channels/ReadableByteChannel
instanceKlass java/nio/channels/Channel
instanceKlass org/gradle/internal/serialize/StatefulSerializer
instanceKlass org/gradle/internal/remote/internal/hub/MethodArgsSerializer
instanceKlass org/gradle/internal/classloader/ClassLoaderHierarchy
instanceKlass org/gradle/internal/classloader/DelegatingClassLoader
instanceKlass org/gradle/internal/remote/internal/hub/MessageHubBackedObjectConnection
instanceKlass org/gradle/internal/remote/ObjectConnection
instanceKlass org/gradle/internal/remote/ObjectConnectionBuilder
instanceKlass org/gradle/internal/remote/internal/hub/MessageHubBackedClient
instanceKlass  @bci jdk/internal/reflect/DirectConstructorHandleAccessor invokeImpl ([Ljava/lang/Object;)Ljava/lang/Object; 88 <adapter> ; # java/lang/invoke/LambdaForm$MH+0x0000021f84082000
# instanceKlass java/lang/invoke/LambdaForm$MH+0x0000021f84081c00
# instanceKlass java/lang/invoke/LambdaForm$MH+0x0000021f84081800
# instanceKlass java/lang/invoke/LambdaForm$MH+0x0000021f84081400
# instanceKlass java/lang/invoke/LambdaForm$DMH+0x0000021f84081000
instanceKlass java/net/SocketAddress
instanceKlass org/gradle/internal/remote/internal/ConnectCompletion
instanceKlass org/gradle/internal/remote/internal/inet/TcpOutgoingConnector
instanceKlass org/gradle/process/internal/worker/child/SystemApplicationClassLoaderWorker$PrintUnrecoverableErrorToFileHandler
instanceKlass java/text/DontCareFieldPosition$1
instanceKlass java/text/Format$FieldDelegate
instanceKlass java/text/DigitList
instanceKlass java/text/FieldPosition
instanceKlass  @bci sun/util/locale/provider/JRELocaleProviderAdapter getDecimalFormatSymbolsProvider ()Ljava/text/spi/DecimalFormatSymbolsProvider; 8 <appendix> member <vmtarget> ; # sun/util/locale/provider/JRELocaleProviderAdapter$$Lambda+0x800000065
instanceKlass java/text/DecimalFormatSymbols
instanceKlass  @bci sun/util/locale/provider/JRELocaleProviderAdapter getNumberFormatProvider ()Ljava/text/spi/NumberFormatProvider; 8 <appendix> member <vmtarget> ; # sun/util/locale/provider/JRELocaleProviderAdapter$$Lambda+0x800000066
instanceKlass sun/util/resources/Bundles$2
instanceKlass java/util/ArrayList$SubList$1
instanceKlass sun/util/resources/LocaleData$LocaleDataResourceBundleProvider
instanceKlass java/util/spi/ResourceBundleProvider
instanceKlass  @bci sun/util/locale/provider/JRELocaleProviderAdapter getDateFormatSymbolsProvider ()Ljava/text/spi/DateFormatSymbolsProvider; 8 <appendix> member <vmtarget> ; # sun/util/locale/provider/JRELocaleProviderAdapter$$Lambda+0x800000064
instanceKlass java/text/DateFormatSymbols
instanceKlass sun/util/calendar/CalendarUtils
instanceKlass sun/util/calendar/CalendarDate
instanceKlass sun/util/resources/Bundles$CacheKeyReference
instanceKlass  @bci java/util/ResourceBundle$ResourceBundleProviderHelper newResourceBundle (Ljava/lang/Class;)Ljava/util/ResourceBundle; 22 <appendix> member <vmtarget> ; # java/util/ResourceBundle$ResourceBundleProviderHelper$$Lambda+0x80000000f
instanceKlass java/util/ResourceBundle$ResourceBundleProviderHelper
instanceKlass  @bci sun/util/cldr/CLDRLocaleProviderAdapter applyAliases (Ljava/util/Locale;)Ljava/util/Locale; 4 <appendix> argL0 ; # sun/util/cldr/CLDRLocaleProviderAdapter$$Lambda+0x80000005e
instanceKlass sun/util/resources/Bundles$CacheKey
instanceKlass java/util/ResourceBundle$1
instanceKlass jdk/internal/access/JavaUtilResourceBundleAccess
instanceKlass sun/util/resources/Bundles
instanceKlass sun/util/resources/LocaleData$LocaleDataStrategy
instanceKlass sun/util/resources/Bundles$Strategy
instanceKlass sun/util/resources/LocaleData$1
instanceKlass sun/util/resources/LocaleData
instanceKlass java/util/regex/Pattern$BitClass
instanceKlass java/util/regex/ASCII
instanceKlass sun/util/locale/provider/LocaleResources
instanceKlass java/util/stream/Nodes$ArrayNode
instanceKlass  @bci sun/util/locale/provider/LocaleProviderAdapter toLocaleArray (Ljava/util/Set;)[Ljava/util/Locale; 16 <appendix> argL0 ; # sun/util/locale/provider/LocaleProviderAdapter$$Lambda+0x800000068
instanceKlass  @bci sun/util/locale/provider/LocaleProviderAdapter toLocaleArray (Ljava/util/Set;)[Ljava/util/Locale; 6 <appendix> argL0 ; # sun/util/locale/provider/LocaleProviderAdapter$$Lambda+0x800000067
instanceKlass java/util/Spliterators$IteratorSpliterator
instanceKlass  @bci sun/util/cldr/CLDRLocaleProviderAdapter getCalendarDataProvider ()Ljava/util/spi/CalendarDataProvider; 8 <appendix> member <vmtarget> ; # sun/util/cldr/CLDRLocaleProviderAdapter$$Lambda+0x800000061
instanceKlass java/util/ResourceBundle
instanceKlass java/util/ResourceBundle$Control
instanceKlass sun/util/locale/provider/CalendarDataUtility$CalendarWeekParameterGetter
instanceKlass sun/util/locale/provider/LocaleServiceProviderPool$LocalizedObjectGetter
instanceKlass sun/util/locale/provider/LocaleServiceProviderPool
instanceKlass java/util/Locale$Builder
instanceKlass sun/util/locale/provider/CalendarDataUtility
instanceKlass sun/util/calendar/CalendarSystem$GregorianHolder
instanceKlass sun/util/calendar/CalendarSystem
instanceKlass java/util/Calendar$Builder
instanceKlass java/util/regex/IntHashSet
instanceKlass java/util/regex/Matcher
instanceKlass java/util/regex/MatchResult
instanceKlass java/util/regex/Pattern$TreeInfo
instanceKlass  @bci java/util/regex/Pattern Single (I)Ljava/util/regex/Pattern$BmpCharPredicate; 1 <appendix> member <vmtarget> ; # java/util/regex/Pattern$$Lambda+0x800000028
instanceKlass java/util/regex/Pattern$BmpCharPredicate
instanceKlass java/util/regex/Pattern$CharPredicate
instanceKlass java/util/regex/Pattern$Node
instanceKlass java/util/regex/Pattern
instanceKlass sun/util/locale/provider/AvailableLanguageTags
instanceKlass  @bci sun/util/locale/provider/JRELocaleProviderAdapter getCalendarProvider ()Lsun/util/spi/CalendarProvider; 8 <appendix> member <vmtarget> ; # sun/util/locale/provider/JRELocaleProviderAdapter$$Lambda+0x800000062
instanceKlass sun/util/resources/cldr/provider/CLDRLocaleDataMetaInfo
instanceKlass jdk/internal/module/ModulePatcher$PatchedModuleReader
instanceKlass  @bci sun/util/cldr/CLDRLocaleProviderAdapter <init> ()V 4 <appendix> argL0 ; # sun/util/cldr/CLDRLocaleProviderAdapter$$Lambda+0x800000060
instanceKlass sun/util/locale/LocaleObjectCache
instanceKlass sun/util/locale/BaseLocale$Key
instanceKlass sun/util/locale/InternalLocaleBuilder$CaseInsensitiveChar
instanceKlass sun/util/locale/InternalLocaleBuilder
instanceKlass sun/util/locale/StringTokenIterator
instanceKlass sun/util/locale/ParseStatus
instanceKlass sun/util/locale/LanguageTag
instanceKlass sun/util/cldr/CLDRBaseLocaleDataMetaInfo
instanceKlass sun/util/locale/provider/LocaleDataMetaInfo
instanceKlass sun/util/locale/provider/ResourceBundleBasedAdapter
instanceKlass java/util/Collections$UnmodifiableCollection$1
instanceKlass sun/util/locale/provider/LocaleProviderAdapter
instanceKlass java/util/spi/LocaleServiceProvider
instanceKlass sun/util/calendar/ZoneInfoFile$ZoneOffsetTransitionRule
instanceKlass sun/util/calendar/ZoneInfoFile$1
instanceKlass sun/util/calendar/ZoneInfoFile
instanceKlass java/util/TimeZone
instanceKlass java/util/Calendar
instanceKlass java/text/AttributedCharacterIterator$Attribute
instanceKlass java/text/Format
instanceKlass org/gradle/process/internal/worker/child/DefaultWorkerDirectoryProvider
# instanceKlass java/lang/invoke/LambdaForm$MH+0x0000021f84039c00
# instanceKlass java/lang/invoke/LambdaForm$MH+0x0000021f84039800
instanceKlass org/gradle/process/internal/worker/child/SystemApplicationClassLoaderWorker$WorkerServices$1
instanceKlass org/gradle/process/internal/worker/child/WorkerLogEventListener
instanceKlass org/gradle/process/internal/health/memory/JvmMemoryInfo
instanceKlass org/gradle/internal/event/ScopedListenerManager
instanceKlass org/gradle/internal/event/ListenerManager
instanceKlass org/gradle/process/internal/health/memory/OsMemoryInfo
instanceKlass org/gradle/process/internal/worker/child/WorkerDirectoryProvider
instanceKlass org/gradle/process/internal/health/memory/MemoryManager
instanceKlass org/gradle/process/internal/worker/child/SystemApplicationClassLoaderWorker$WorkerServices
instanceKlass org/gradle/internal/remote/internal/inet/InetAddressFactory
instanceKlass  @bci org/gradle/internal/service/DefaultServiceRegistry$FixedInstanceService instanceRealized (Ljava/lang/Object;)V 13 <appendix> member <vmtarget> ; # org/gradle/internal/service/DefaultServiceRegistry$FixedInstanceService$$Lambda+0x0000021f8403f690
instanceKlass org/gradle/internal/concurrent/ManagedScheduledExecutor
instanceKlass java/util/concurrent/ScheduledExecutorService
instanceKlass org/gradle/internal/concurrent/ManagedThreadPoolExecutor
instanceKlass org/gradle/internal/concurrent/ManagedExecutor
instanceKlass java/util/concurrent/ExecutorService
instanceKlass java/util/concurrent/Executor
instanceKlass org/gradle/internal/concurrent/AsyncStoppable
instanceKlass org/gradle/internal/concurrent/ExecutorPolicy
instanceKlass org/gradle/internal/concurrent/DefaultExecutorFactory
instanceKlass org/gradle/internal/concurrent/ExecutorFactory
instanceKlass org/gradle/internal/service/DefaultServiceRegistry$CompositeServiceProvider
instanceKlass org/gradle/internal/service/DefaultServiceRegistry$ParentServices
instanceKlass org/gradle/internal/id/UUIDGenerator
instanceKlass org/gradle/internal/remote/internal/IncomingConnector
instanceKlass org/gradle/internal/remote/MessagingServer
instanceKlass org/gradle/internal/remote/MessagingClient
instanceKlass org/gradle/internal/remote/internal/OutgoingConnector
instanceKlass org/gradle/internal/remote/services/MessagingServices
instanceKlass org/gradle/process/internal/worker/child/SystemApplicationClassLoaderWorker$2
instanceKlass java/lang/Class$EnclosingMethodInfo
instanceKlass org/gradle/internal/jvm/Jvm
instanceKlass org/gradle/internal/jvm/JavaInfo
instanceKlass net/rubygrapefruit/platform/Native
instanceKlass net/rubygrapefruit/platform/file/FileSystems
instanceKlass net/rubygrapefruit/platform/memory/Memory
instanceKlass net/rubygrapefruit/platform/SystemInfo
instanceKlass net/rubygrapefruit/platform/WindowsRegistry
instanceKlass org/gradle/internal/file/StatStatistics
instanceKlass org/gradle/internal/file/StatStatistics$Collector
instanceKlass org/gradle/internal/nativeintegration/filesystem/services/GenericFileSystem
instanceKlass org/gradle/internal/service/InjectUtil
# instanceKlass java/lang/invoke/LambdaForm$MH+0x0000021f84039400
# instanceKlass java/lang/invoke/LambdaForm$MH+0x0000021f84039000
# instanceKlass java/lang/invoke/LambdaForm$MH+0x0000021f84038c00
# instanceKlass java/lang/invoke/LambdaForm$DMH+0x0000021f84038800
# instanceKlass java/lang/invoke/LambdaForm$MH+0x0000021f84038400
# instanceKlass java/lang/invoke/LambdaForm$DMH+0x0000021f84038000
# instanceKlass java/lang/invoke/LambdaForm$DMH+0x0000021f84031c00
instanceKlass java/lang/invoke/MethodHandleImpl$ArrayAccessor
instanceKlass java/lang/invoke/MethodHandleImpl$LoopClauses
instanceKlass java/lang/invoke/MethodHandleImpl$CasesHolder
# instanceKlass java/lang/invoke/LambdaForm$MH+0x0000021f84031800
instanceKlass org/gradle/internal/service/DefaultServiceRegistry$1
instanceKlass org/gradle/internal/collect/PersistentArraySmall
instanceKlass org/gradle/internal/nativeintegration/filesystem/services/GenericFileSystem$Factory
instanceKlass org/gradle/internal/nativeintegration/services/NativeServices$FileEventFunctionsProvider
instanceKlass org/gradle/internal/nativeintegration/services/NativeServices$NativeFeatures$1$2
instanceKlass org/gradle/internal/nativeintegration/services/NativeServices$1
instanceKlass org/gradle/internal/nativeintegration/filesystem/FileSystem
instanceKlass org/gradle/internal/file/FileSystem
instanceKlass org/gradle/internal/file/Stat
instanceKlass org/gradle/internal/file/Chmod
instanceKlass org/gradle/internal/file/FileModeMutator
instanceKlass org/gradle/internal/file/FileModeAccessor
instanceKlass org/gradle/internal/nativeintegration/filesystem/Symlink
instanceKlass org/gradle/internal/file/FileCanonicalizer
instanceKlass org/gradle/internal/nativeintegration/filesystem/services/FileSystemServices
instanceKlass java/lang/ProcessEnvironment$CheckedEntry
instanceKlass java/lang/ProcessEnvironment$CheckedEntrySet$1
instanceKlass java/lang/ProcessEnvironment$EntryComparator
instanceKlass java/lang/ProcessEnvironment$NameComparator
instanceKlass org/gradle/internal/nativeintegration/jansi/JansiLibraryFactory
instanceKlass org/gradle/internal/nativeintegration/jansi/JansiStorageLocator
instanceKlass org/gradle/internal/nativeintegration/jansi/JansiBootPathConfigurer
instanceKlass org/gradle/internal/nativeintegration/NativeCapabilities
instanceKlass net/rubygrapefruit/platform/ProcessLauncher
instanceKlass net/rubygrapefruit/platform/NativeIntegration
instanceKlass org/gradle/internal/nativeintegration/ProcessEnvironment
instanceKlass org/gradle/internal/file/FileMetadataAccessor
instanceKlass org/gradle/internal/nativeintegration/network/HostnameLookup
instanceKlass org/gradle/internal/nativeintegration/console/ConsoleDetector
instanceKlass org/gradle/internal/nativeintegration/services/NativeServices
instanceKlass org/gradle/internal/logging/services/DefaultLoggingManager$StartableLoggingSystem
instanceKlass org/gradle/internal/logging/services/DefaultLoggingManager$StartableLoggingRouter
instanceKlass org/gradle/internal/logging/services/DefaultLoggingManager
instanceKlass java/util/logging/Logger$SystemLoggerHelper$1
instanceKlass java/util/logging/Logger$SystemLoggerHelper
instanceKlass java/util/logging/LogManager$4
instanceKlass jdk/internal/logger/BootstrapLogger$BootstrapExecutors
instanceKlass jdk/internal/logger/LoggerFinderLoader
instanceKlass  @bci java/lang/System$LoggerFinder accessProvider ()Ljava/lang/System$LoggerFinder; 8 <appendix> argL0 ; # java/lang/System$LoggerFinder$$Lambda+0x0000021f84071918
instanceKlass java/util/stream/Stream$Builder
instanceKlass java/util/stream/Streams$AbstractStreamBuilderImpl
instanceKlass  @bci java/util/stream/FindOps$FindSink$OfRef <clinit> ()V 43 <appendix> argL0 ; # java/util/stream/FindOps$FindSink$OfRef$$Lambda+0x800000047
instanceKlass  @bci java/util/stream/FindOps$FindSink$OfRef <clinit> ()V 38 <appendix> argL0 ; # java/util/stream/FindOps$FindSink$OfRef$$Lambda+0x800000049
instanceKlass  @bci java/util/stream/FindOps$FindSink$OfRef <clinit> ()V 16 <appendix> argL0 ; # java/util/stream/FindOps$FindSink$OfRef$$Lambda+0x800000048
instanceKlass  @bci java/util/stream/FindOps$FindSink$OfRef <clinit> ()V 11 <appendix> argL0 ; # java/util/stream/FindOps$FindSink$OfRef$$Lambda+0x80000004a
instanceKlass java/util/stream/FindOps$FindOp
instanceKlass java/util/stream/FindOps$FindSink
instanceKlass java/util/stream/FindOps
instanceKlass  @bci java/util/logging/Level$KnownLevel findByName (Ljava/lang/String;Ljava/util/function/Function;)Ljava/util/Optional; 29 <appendix> argL0 ; # java/util/logging/Level$KnownLevel$$Lambda+0x800000022
instanceKlass java/util/ArrayList$ArrayListSpliterator
instanceKlass  @bci java/util/logging/Level findLevel (Ljava/lang/String;)Ljava/util/logging/Level; 13 <appendix> argL0 ; # java/util/logging/Level$$Lambda+0x800000010
instanceKlass java/util/Hashtable$Enumerator
instanceKlass java/util/Collections$SynchronizedCollection
instanceKlass java/util/Properties$EntrySet
instanceKlass java/util/Collections$3
instanceKlass java/util/logging/LogManager$LoggerContext$1
instanceKlass java/util/logging/LogManager$VisitedLoggers
instanceKlass  @bci org/robolectric/manifest/AndroidManifest parseAndroidManifest ()V 156 <appendix> form vmentry <vmtarget> ; # java/lang/invoke/LambdaForm$MH+0x0000021f84031400
instanceKlass java/util/logging/LogManager$2
instanceKlass java/util/logging/LogManager$LoggingProviderAccess
instanceKlass java/lang/Shutdown$Lock
instanceKlass java/lang/Shutdown
instanceKlass java/lang/ApplicationShutdownHooks$1
instanceKlass java/lang/ApplicationShutdownHooks
instanceKlass java/util/Collections$SynchronizedMap
instanceKlass java/util/logging/LogManager$LogNode
instanceKlass java/util/logging/LogManager$LoggerContext
instanceKlass java/util/logging/LogManager$1
instanceKlass java/util/logging/LogManager
instanceKlass java/util/logging/Logger$ConfigurationData
instanceKlass java/util/logging/Logger$LoggerBundle
instanceKlass java/util/logging/Handler
instanceKlass java/util/logging/Logger
instanceKlass  @bci java/util/logging/Level$KnownLevel add (Ljava/util/logging/Level;)V 49 <appendix> argL0 ; # java/util/logging/Level$KnownLevel$$Lambda+0x800000021
instanceKlass  @bci java/util/logging/Level$KnownLevel add (Ljava/util/logging/Level;)V 19 <appendix> argL0 ; # java/util/logging/Level$KnownLevel$$Lambda+0x800000020
instanceKlass java/util/logging/Level
instanceKlass org/gradle/internal/logging/source/JavaUtilLoggingSystem
instanceKlass org/gradle/internal/logging/slf4j/Slf4jLoggingSystem
instanceKlass org/gradle/internal/logging/LoggingManagerInternal
instanceKlass org/gradle/internal/logging/StandardOutputCapture
instanceKlass org/gradle/api/logging/LoggingManager
instanceKlass org/gradle/internal/logging/services/DefaultLoggingManagerFactory
instanceKlass org/gradle/internal/logging/source/StdErrLoggingSystem
instanceKlass org/gradle/internal/logging/source/PrintStreamLoggingSystem$SnapshotImpl
instanceKlass org/gradle/internal/logging/source/PrintStreamLoggingSystem$OutputEventDestination
instanceKlass org/gradle/internal/logging/source/PrintStreamLoggingSystem$1
instanceKlass org/gradle/internal/logging/events/operations/StyledTextBuildOperationProgressDetails
instanceKlass org/gradle/internal/operations/logging/StyledTextBuildOperationProgressDetails
instanceKlass org/gradle/internal/io/TextStream
instanceKlass org/gradle/internal/logging/source/PrintStreamLoggingSystem
instanceKlass org/gradle/internal/logging/source/StdOutLoggingSystem
# instanceKlass java/lang/invoke/LambdaForm$MH+0x0000021f84031000
# instanceKlass java/lang/invoke/LambdaForm$MH+0x0000021f84030c00
instanceKlass  @cpi org/robolectric/internal/bytecode/ClassValueMap 59 form vmentry <vmtarget> ; # java/lang/invoke/LambdaForm$DMH+0x0000021f84030800
instanceKlass org/gradle/internal/service/AnnotatedServiceLifecycleHandler
instanceKlass  @bci org/gradle/internal/service/DefaultServiceRegistry$ManagedObjectServiceProvider instanceRealized (Ljava/lang/Object;)V 12 <appendix> member <vmtarget> ; # org/gradle/internal/service/DefaultServiceRegistry$ManagedObjectServiceProvider$$Lambda+0x0000021f8402cbe0
instanceKlass  @cpi org/robolectric/RobolectricTestRunner 802 form vmentry <vmtarget> ; # java/lang/invoke/LambdaForm$DMH+0x0000021f84030400
instanceKlass org/gradle/internal/collect/ChampLookup
instanceKlass  @bci org/gradle/internal/collect/PersistentMapTrie getOrDefault (Ljava/lang/Object;Ljava/lang/Object;)Ljava/lang/Object; 7 <appendix> argL0 ; # org/gradle/internal/collect/PersistentMapTrie$$Lambda+0x0000021f8402c7b8
instanceKlass  @cpi org/gradle/internal/collect/PersistentMapTrie 324 form vmentry <vmtarget> ; # java/lang/invoke/LambdaForm$DMH+0x0000021f84030000
instanceKlass org/gradle/internal/collect/ChampLookup$LookupResult
instanceKlass java/lang/reflect/ParameterizedType
instanceKlass org/gradle/internal/collect/PersistentMapTrie$1
instanceKlass org/gradle/internal/collect/ArrayCopy
instanceKlass org/gradle/internal/collect/ChampNode
instanceKlass org/gradle/internal/collect/Modification
instanceKlass org/gradle/internal/collect/PersistentMapTrie
instanceKlass  @bci org/gradle/internal/service/DefaultServiceRegistry$ServicesSnapshot collectProvidersForClassHierarchyOf (Lorg/gradle/internal/service/DefaultServiceRegistry$SingletonService;Lorg/gradle/internal/service/DefaultServiceRegistry$ClassInspector;Lorg/gradle/internal/collect/PersistentMap;)Lorg/gradle/internal/collect/PersistentMap; 128 <appendix> member <vmtarget> ; # org/gradle/internal/service/DefaultServiceRegistry$ServicesSnapshot$$Lambda+0x0000021f8402b470
instanceKlass org/gradle/internal/service/DefaultServiceRegistry$ClassInspector$ClassDetails
instanceKlass  @bci org/gradle/internal/service/DefaultServiceRegistry$OwnServices add (Lorg/gradle/internal/service/DefaultServiceRegistry$SingletonService;)V 22 <appendix> member <vmtarget> ; # org/gradle/internal/service/DefaultServiceRegistry$OwnServices$$Lambda+0x0000021f8402aff8
instanceKlass java/util/function/UnaryOperator
instanceKlass org/gradle/util/internal/CollectionUtils
instanceKlass  @bci org/gradle/internal/service/DefaultServiceRegistry$SingletonService <init> (Lorg/gradle/internal/service/DefaultServiceRegistry;Lorg/gradle/internal/service/ServiceAccessScope;Ljava/util/List;)V 43 <appendix> argL0 ; # org/gradle/internal/service/DefaultServiceRegistry$SingletonService$$Lambda+0x0000021f8402abb0
instanceKlass java/util/concurrent/ConcurrentLinkedQueue$Node
instanceKlass org/gradle/internal/service/PrivateService
instanceKlass org/gradle/internal/reflect/JavaMethod
instanceKlass org/gradle/internal/service/AbstractServiceMethod
instanceKlass org/gradle/util/internal/ArrayUtils
instanceKlass java/lang/annotation/Target
instanceKlass sun/reflect/annotation/AnnotationInvocationHandler
instanceKlass sun/reflect/annotation/AnnotationParser$1
instanceKlass java/lang/annotation/Inherited
instanceKlass java/lang/annotation/Retention
instanceKlass sun/reflect/annotation/ExceptionProxy
instanceKlass  @bci sun/reflect/annotation/AnnotationParser parseClassArray (ILjava/nio/ByteBuffer;Ljdk/internal/reflect/ConstantPool;Ljava/lang/Class;)Ljava/lang/Object; 10 <appendix> member <vmtarget> ; # sun/reflect/annotation/AnnotationParser$$Lambda+0x0000021f8406e048
instanceKlass sun/reflect/annotation/AnnotationType$1
instanceKlass sun/reflect/annotation/AnnotationType
instanceKlass java/lang/reflect/GenericArrayType
instanceKlass sun/reflect/generics/visitor/Reifier
instanceKlass sun/reflect/generics/visitor/TypeTreeVisitor
instanceKlass sun/reflect/generics/factory/CoreReflectionFactory
instanceKlass sun/reflect/generics/factory/GenericsFactory
instanceKlass sun/reflect/generics/scope/AbstractScope
instanceKlass sun/reflect/generics/scope/Scope
instanceKlass sun/reflect/generics/tree/ClassTypeSignature
instanceKlass sun/reflect/generics/tree/SimpleClassTypeSignature
instanceKlass sun/reflect/generics/tree/FieldTypeSignature
instanceKlass sun/reflect/generics/tree/BaseType
instanceKlass sun/reflect/generics/tree/TypeSignature
instanceKlass sun/reflect/generics/tree/ReturnType
instanceKlass sun/reflect/generics/tree/TypeArgument
instanceKlass sun/reflect/generics/tree/TypeTree
instanceKlass sun/reflect/generics/tree/Tree
instanceKlass sun/reflect/generics/parser/SignatureParser
instanceKlass org/gradle/internal/service/Provides
instanceKlass org/gradle/internal/logging/services/TextStreamOutputEventListener
instanceKlass org/gradle/internal/service/RelevantMethods$RelevantMethodsBuilder
instanceKlass org/gradle/internal/Cast
instanceKlass org/gradle/internal/service/ServiceMethod
instanceKlass org/gradle/internal/service/MethodHandleBasedServiceMethodFactory
instanceKlass org/gradle/internal/service/DefaultServiceMethodFactory
instanceKlass org/gradle/internal/service/ServiceMethodFactory
instanceKlass org/gradle/internal/service/RelevantMethods
instanceKlass org/gradle/internal/service/DefaultServiceAccessToken
instanceKlass org/gradle/internal/service/TypeStringFormatter
instanceKlass org/gradle/internal/service/DefaultServiceRegistry$ClassInspector
instanceKlass org/gradle/internal/collect/PersistentArray0
instanceKlass org/gradle/internal/collect/PersistentList
instanceKlass org/gradle/internal/service/DefaultServiceRegistry$ServicesSnapshot
instanceKlass org/gradle/internal/collect/PersistentMap1
instanceKlass org/gradle/internal/collect/Preconditions
instanceKlass org/gradle/internal/collect/PersistentMap
instanceKlass org/gradle/internal/collect/PersistentArray1
instanceKlass org/gradle/internal/collect/PersistentArray
instanceKlass org/gradle/internal/service/ServiceAccess$1
instanceKlass org/gradle/internal/service/ServiceAccessToken
instanceKlass org/gradle/internal/service/ServiceAccessScope
instanceKlass org/gradle/internal/service/ServiceAccess
instanceKlass org/gradle/internal/service/DefaultServiceRegistry$ThisAsService
instanceKlass org/gradle/internal/concurrent/CompositeStoppable
instanceKlass org/gradle/internal/service/AnnotatedServiceLifecycleHandler$Registration
instanceKlass org/gradle/internal/service/DefaultServiceRegistry$OwnServices
instanceKlass org/gradle/internal/service/ServiceRegistration
instanceKlass org/gradle/internal/service/ServiceProvider$Visitor
instanceKlass org/gradle/internal/service/DefaultServiceRegistry$ManagedObjectServiceProvider
instanceKlass org/gradle/internal/service/Service
instanceKlass org/gradle/internal/service/ServiceProvider
instanceKlass org/gradle/internal/logging/sink/OutputEventListenerManager$1
instanceKlass org/gradle/internal/logging/sink/OutputEventListenerManager
instanceKlass  @bci org/gradle/internal/logging/services/LoggingServiceRegistry makeOutputEventRenderer ()Lorg/gradle/internal/logging/sink/OutputEventRenderer; 4 <appendix> argL0 ; # org/gradle/internal/logging/services/LoggingServiceRegistry$$Lambda+0x0000021f84025168
instanceKlass org/gradle/internal/service/AbstractServiceRegistry
instanceKlass org/gradle/internal/service/CloseableServiceRegistry
instanceKlass org/gradle/internal/service/ServiceRegistryBuilder
instanceKlass org/gradle/internal/logging/services/LoggingServiceRegistry$1
instanceKlass org/gradle/internal/logging/LoggingManagerFactory
instanceKlass org/gradle/internal/logging/config/LoggingSourceSystem
instanceKlass org/gradle/internal/logging/text/StyledTextOutputFactory
instanceKlass org/gradle/internal/logging/services/LoggingServiceRegistry
instanceKlass org/gradle/process/internal/worker/messaging/WorkerConfig
instanceKlass java/util/Date
instanceKlass java/io/ObjectStreamClass$ExceptionInfo
instanceKlass java/util/function/Predicate
instanceKlass java/util/concurrent/ArrayBlockingQueue$Itrs
# instanceKlass java/lang/invoke/LambdaForm$MH+0x0000021f8401ec00
# instanceKlass java/lang/invoke/LambdaForm$MH+0x0000021f8401e800
# instanceKlass java/lang/invoke/LambdaForm$MH+0x0000021f8401e400
instanceKlass  @cpi android/util/ArraySet 490 form vmentry <vmtarget> ; # java/lang/invoke/LambdaForm$DMH+0x0000021f8401e000
instanceKlass java/io/SerialCallbackContext
instanceKlass  @bci jdk/internal/reflect/MethodHandleLongFieldAccessorImpl getLong (Ljava/lang/Object;)J 11 <adapter> ; # java/lang/invoke/LambdaForm$MH+0x0000021f8401d400
# instanceKlass java/lang/invoke/LambdaForm$DMH+0x0000021f8401d000
instanceKlass org/gradle/api/internal/tasks/testing/filter/TestFilterSpec
instanceKlass org/gradle/internal/actor/ActorFactory
instanceKlass org/gradle/internal/id/IdGenerator
instanceKlass org/gradle/api/internal/tasks/testing/junit/JUnitSpec
instanceKlass org/gradle/api/internal/tasks/testing/junit/JUnitTestDefinitionProcessorFactory
instanceKlass java/io/ObjectInputStream$GetField
instanceKlass java/io/ObjectStreamClass$ClassDataSlot
instanceKlass sun/security/provider/ByteArrayAccess$BE
instanceKlass sun/security/provider/ByteArrayAccess
instanceKlass sun/security/util/MessageDigestSpi2
instanceKlass sun/security/jca/GetInstance$Instance
instanceKlass sun/security/util/SecurityProviderConstants
instanceKlass java/security/Provider$UString
instanceKlass java/security/Provider$Service
instanceKlass sun/security/provider/NativePRNG$NonBlocking
instanceKlass sun/security/provider/NativePRNG$Blocking
instanceKlass sun/security/provider/NativePRNG
instanceKlass sun/security/provider/SunEntries$1
instanceKlass sun/security/provider/SunEntries
instanceKlass sun/security/util/SecurityConstants
instanceKlass sun/security/jca/ProviderList$2
instanceKlass jdk/internal/math/FloatingDecimal$ASCIIToBinaryBuffer
instanceKlass jdk/internal/math/FloatingDecimal$PreparedASCIIToBinaryBuffer
instanceKlass jdk/internal/math/FloatingDecimal$ASCIIToBinaryConverter
instanceKlass jdk/internal/math/FloatingDecimal$BinaryToASCIIBuffer
instanceKlass jdk/internal/math/FloatingDecimal$ExceptionalBinaryToASCIIBuffer
instanceKlass jdk/internal/math/FloatingDecimal$BinaryToASCIIConverter
instanceKlass jdk/internal/math/FloatingDecimal
instanceKlass javax/security/auth/login/Configuration$Parameters
instanceKlass java/security/Policy$Parameters
instanceKlass java/security/cert/CertStoreParameters
instanceKlass java/security/SecureRandomParameters
instanceKlass java/security/Provider$EngineDescription
instanceKlass java/security/Provider$ServiceKey
instanceKlass sun/security/jca/ProviderConfig
instanceKlass sun/security/jca/ProviderList
instanceKlass sun/security/jca/Providers
instanceKlass sun/security/jca/GetInstance
instanceKlass sun/security/util/CryptoAlgorithmConstraints$CryptoHolder
instanceKlass sun/security/util/AbstractAlgorithmConstraints
instanceKlass java/security/AlgorithmConstraints
instanceKlass java/security/MessageDigestSpi
instanceKlass java/io/ObjectStreamClass$5
instanceKlass java/io/ObjectStreamClass$4
instanceKlass java/util/TimSort
instanceKlass java/io/ObjectStreamClass$3
instanceKlass java/io/ObjectStreamClass$MemberSignature
instanceKlass java/io/ObjectStreamClass$1
instanceKlass java/lang/Long$LongCache
instanceKlass java/io/ObjectStreamClass$FieldReflector
instanceKlass java/io/ObjectStreamClass$FieldReflectorKey
instanceKlass java/util/stream/ReduceOps$AccumulatingSink
instanceKlass java/util/stream/TerminalSink
instanceKlass java/util/stream/ReduceOps$Box
instanceKlass java/util/stream/ReduceOps$ReduceOp
instanceKlass java/util/stream/TerminalOp
instanceKlass java/util/stream/ReduceOps
instanceKlass  @bci java/util/stream/Collectors joining (Ljava/lang/CharSequence;Ljava/lang/CharSequence;Ljava/lang/CharSequence;)Ljava/util/stream/Collector; 22 <appendix> argL0 ; # java/util/stream/Collectors$$Lambda+0x800000042
instanceKlass  @bci java/util/stream/Collectors joining (Ljava/lang/CharSequence;Ljava/lang/CharSequence;Ljava/lang/CharSequence;)Ljava/util/stream/Collector; 17 <appendix> argL0 ; # java/util/stream/Collectors$$Lambda+0x800000040
instanceKlass  @bci java/util/stream/Collectors joining (Ljava/lang/CharSequence;Ljava/lang/CharSequence;Ljava/lang/CharSequence;)Ljava/util/stream/Collector; 12 <appendix> argL0 ; # java/util/stream/Collectors$$Lambda+0x80000003d
instanceKlass java/util/function/BiConsumer
instanceKlass  @bci java/util/stream/Collectors joining (Ljava/lang/CharSequence;Ljava/lang/CharSequence;Ljava/lang/CharSequence;)Ljava/util/stream/Collector; 7 <appendix> member <vmtarget> ; # java/util/stream/Collectors$$Lambda+0x800000045
instanceKlass java/util/stream/Collector
instanceKlass java/util/Collections$UnmodifiableCollection
instanceKlass java/util/stream/Collectors
instanceKlass  @bci java/lang/Class methodToString (Ljava/lang/String;[Ljava/lang/Class;)Ljava/lang/String; 42 <appendix> argL0 ; # java/lang/Class$$Lambda+0x0000021f8405c970
instanceKlass org/gradle/api/internal/tasks/testing/TestDefinition
instanceKlass org/gradle/api/Describable
instanceKlass java/io/ObjectOutput
instanceKlass jdk/internal/reflect/ClassDefiner$1
instanceKlass jdk/internal/reflect/ClassDefiner
instanceKlass jdk/internal/reflect/MethodAccessorGenerator$1
instanceKlass jdk/internal/reflect/Label$PatchInfo
instanceKlass jdk/internal/reflect/Label
instanceKlass jdk/internal/reflect/UTF8
instanceKlass jdk/internal/reflect/ClassFileAssembler
instanceKlass jdk/internal/reflect/ByteVectorImpl
instanceKlass jdk/internal/reflect/ByteVector
instanceKlass jdk/internal/reflect/ByteVectorFactory
instanceKlass jdk/internal/reflect/AccessorGenerator
instanceKlass jdk/internal/reflect/ClassFileConstants
instanceKlass org/gradle/api/internal/tasks/testing/TestResultProcessor
instanceKlass org/gradle/api/internal/tasks/testing/TestDefinitionProcessor
instanceKlass org/gradle/api/internal/tasks/testing/WorkerTestDefinitionProcessorFactory
instanceKlass java/io/ObjectStreamClass$2
instanceKlass java/io/Externalizable
instanceKlass java/io/ClassCache
instanceKlass java/io/ObjectStreamClass$Caches
instanceKlass jdk/internal/event/Event
instanceKlass sun/reflect/misc/ReflectUtil
instanceKlass org/gradle/api/internal/tasks/testing/worker/TestWorker
instanceKlass org/gradle/internal/concurrent/Stoppable
instanceKlass org/gradle/api/internal/tasks/testing/worker/RemoteTestDefinitionProcessor
instanceKlass java/io/ObjectStreamClass
instanceKlass sun/util/logging/PlatformLogger
instanceKlass sun/util/logging/PlatformLogger$ConfigurableBridge$LoggerConfiguration
instanceKlass jdk/internal/logger/BootstrapLogger$RedirectedLoggers
instanceKlass  @bci java/io/ObjectInputFilter$Config <clinit> ()V 368 <appendix> argL0 ; # java/io/ObjectInputFilter$Config$$Lambda+0x0000021f84056db0
instanceKlass jdk/internal/access/JavaObjectInputFilterAccess
instanceKlass java/io/ObjectInputFilter$Config$BuiltinFilterFactory
instanceKlass java/util/function/BinaryOperator
instanceKlass  @bci java/io/ObjectInputFilter$Config <clinit> ()V 80 <appendix> argL0 ; # java/io/ObjectInputFilter$Config$$Lambda+0x0000021f84056748
instanceKlass  @bci java/io/ObjectInputFilter$Config <clinit> ()V 56 <appendix> argL0 ; # java/io/ObjectInputFilter$Config$$Lambda+0x0000021f84056528
instanceKlass jdk/internal/logger/LazyLoggers$LazyLoggerAccessor
instanceKlass jdk/internal/logger/LazyLoggers$LoggerAccessor
instanceKlass jdk/internal/logger/AbstractLoggerWrapper
instanceKlass sun/util/logging/internal/LoggingProviderImpl$LogManagerAccess
instanceKlass java/util/concurrent/CopyOnWriteArrayList$COWIterator
instanceKlass jdk/internal/logger/BootstrapLogger$DetectBackend$1
instanceKlass jdk/internal/logger/BootstrapLogger$DetectBackend
instanceKlass jdk/internal/logger/BootstrapLogger
instanceKlass sun/util/logging/PlatformLogger$ConfigurableBridge
instanceKlass sun/util/logging/PlatformLogger$Bridge
instanceKlass java/lang/System$Logger
instanceKlass jdk/internal/logger/DefaultLoggerFinder$1
instanceKlass java/lang/System$LoggerFinder
instanceKlass jdk/internal/logger/LazyLoggers$LazyLoggerFactories
instanceKlass jdk/internal/logger/LazyLoggers$1
instanceKlass jdk/internal/logger/LazyLoggers
instanceKlass java/util/concurrent/atomic/AtomicBoolean
instanceKlass java/io/ObjectInputFilter
instanceKlass java/io/ObjectInputFilter$Config
instanceKlass java/io/ObjectInputStream$ValidationList
instanceKlass java/io/ObjectInputStream$HandleTable$HandleList
instanceKlass java/io/ObjectInputStream$HandleTable
instanceKlass  @bci java/io/ObjectInputStream <clinit> ()V 100 <appendix> argL0 ; # java/io/ObjectInputStream$$Lambda+0x0000021f84052d30
instanceKlass jdk/internal/access/JavaObjectInputStreamReadString
instanceKlass  @bci java/io/ObjectInputStream <clinit> ()V 92 <appendix> argL0 ; # java/io/ObjectInputStream$$Lambda+0x0000021f84052910
instanceKlass  @cpi android/os/BaseBundle 968 form vmentry <vmtarget> ; # java/lang/invoke/LambdaForm$DMH+0x0000021f8401c000
instanceKlass jdk/internal/access/JavaObjectInputStreamAccess
instanceKlass org/gradle/internal/remote/internal/inet/MultiChoiceAddress
instanceKlass org/gradle/internal/remote/internal/inet/InetEndpoint
instanceKlass java/net/InetAddress$PlatformResolver
instanceKlass java/net/spi/InetAddressResolver
instanceKlass java/net/spi/InetAddressResolver$LookupPolicy
instanceKlass java/net/Inet4AddressImpl
instanceKlass java/net/Inet6AddressImpl
instanceKlass java/net/InetAddressImpl
instanceKlass java/util/concurrent/ConcurrentSkipListMap$Node
instanceKlass java/util/concurrent/ConcurrentSkipListMap$Index
instanceKlass java/util/concurrent/ConcurrentNavigableMap
instanceKlass java/net/InetAddress$InetAddressHolder
instanceKlass java/net/InetAddress$1
instanceKlass jdk/internal/access/JavaNetInetAddressAccess
instanceKlass java/net/InetAddress
instanceKlass java/util/UUID
instanceKlass org/gradle/internal/remote/internal/inet/MultiChoiceAddressSerializer
instanceKlass org/gradle/internal/serialize/AbstractDecoder
instanceKlass org/gradle/internal/logging/events/operations/LogEventBuildOperationProgressDetails
instanceKlass org/gradle/internal/operations/logging/LogEventBuildOperationProgressDetails
instanceKlass org/gradle/internal/logging/slf4j/BuildOperationAwareLogger
instanceKlass org/slf4j/helpers/Reporter
instanceKlass org/gradle/internal/logging/sink/OutputEventRenderer$2
instanceKlass org/gradle/internal/dispatch/ReflectionDispatch
instanceKlass org/gradle/internal/logging/sink/OutputEventRenderer$1
instanceKlass org/gradle/internal/logging/sink/OutputEventRenderer$LazyListener
instanceKlass java/lang/reflect/Proxy$ProxyBuilder$1
instanceKlass jdk/internal/org/objectweb/asm/Edge
instanceKlass  @bci java/lang/reflect/ProxyGenerator addProxyMethod (Ljava/lang/reflect/Method;Ljava/lang/Class;)V 23 <appendix> argL0 ; # java/lang/reflect/ProxyGenerator$$Lambda+0x0000021f84051558
instanceKlass  @bci java/lang/reflect/ProxyGenerator addProxyMethod (Ljava/lang/reflect/ProxyGenerator$ProxyMethod;)V 10 <appendix> argL0 ; # java/lang/reflect/ProxyGenerator$$Lambda+0x0000021f84051318
instanceKlass java/util/StringJoiner
instanceKlass java/lang/reflect/ProxyGenerator$ProxyMethod
instanceKlass  @bci java/lang/reflect/Proxy getLoader (Ljava/lang/Module;)Ljava/lang/ClassLoader; 6 <appendix> member <vmtarget> ; # java/lang/reflect/Proxy$$Lambda+0x0000021f84050960
instanceKlass  @bci java/lang/module/ModuleDescriptor$Builder packages (Ljava/util/Set;)Ljava/lang/module/ModuleDescriptor$Builder; 17 <appendix> argL0 ; # java/lang/module/ModuleDescriptor$Builder$$Lambda+0x800000002
instanceKlass jdk/internal/module/Checks
instanceKlass java/lang/module/ModuleDescriptor$Builder
instanceKlass  @bci java/lang/reflect/Proxy$ProxyBuilder getDynamicModule (Ljava/lang/ClassLoader;)Ljava/lang/Module; 4 <appendix> argL0 ; # java/lang/reflect/Proxy$ProxyBuilder$$Lambda+0x0000021f84050520
instanceKlass java/lang/PublicMethods
instanceKlass java/util/Collections$1
instanceKlass java/lang/reflect/Proxy$ProxyBuilder
instanceKlass  @bci java/lang/reflect/Proxy getProxyConstructor (Ljava/lang/Class;Ljava/lang/ClassLoader;[Ljava/lang/Class;)Ljava/lang/reflect/Constructor; 35 <appendix> argL0 ; # java/lang/reflect/Proxy$$Lambda+0x0000021f8404f250
instanceKlass java/lang/ClassValue$Version
instanceKlass java/lang/ClassValue$Identity
instanceKlass java/lang/ClassValue
instanceKlass java/lang/reflect/Proxy
instanceKlass org/gradle/internal/dispatch/ProxyDispatchAdapter$DispatchingInvocationHandler
instanceKlass java/lang/reflect/InvocationHandler
instanceKlass org/gradle/internal/dispatch/ProxyDispatchAdapter
instanceKlass org/gradle/internal/logging/events/operations/ProgressStartBuildOperationProgressDetails
instanceKlass org/gradle/internal/operations/logging/ProgressStartBuildOperationProgressDetails
instanceKlass org/gradle/internal/logging/sink/OutputEventTransformer
instanceKlass org/gradle/internal/exceptions/NonGradleCauseExceptionsHolder
instanceKlass org/gradle/internal/exceptions/MultiCauseException
instanceKlass org/gradle/internal/exceptions/ResolutionProvider
instanceKlass org/gradle/internal/event/AbstractBroadcastDispatch
instanceKlass org/gradle/internal/event/ListenerBroadcast
instanceKlass org/gradle/internal/dispatch/Dispatch
instanceKlass org/gradle/api/internal/file/temp/GradleUserHomeTemporaryFileProvider$1
instanceKlass  @bci org/gradle/internal/logging/slf4j/OutputEventListenerBackedLoggerContext reset ()V 28 <appendix> argL0 ; # org/gradle/internal/logging/slf4j/OutputEventListenerBackedLoggerContext$$Lambda+0x0000021f84010f08
instanceKlass org/gradle/wrapper/GradleUserHomeLookup
instanceKlass org/gradle/initialization/GradleUserHomeDirProvider
instanceKlass org/gradle/api/internal/file/temp/DefaultTemporaryFileProvider
instanceKlass org/gradle/internal/logging/format/LogHeaderFormatter
instanceKlass org/gradle/internal/Factory
instanceKlass org/gradle/internal/logging/config/LoggingSystem$Snapshot
instanceKlass org/gradle/internal/logging/events/InteractiveEvent
instanceKlass org/gradle/internal/nativeintegration/console/ConsoleMetaData
instanceKlass org/gradle/api/logging/StandardOutputListener
instanceKlass org/gradle/internal/logging/text/StyledTextOutput
instanceKlass org/gradle/internal/logging/console/ColorMap
instanceKlass org/gradle/internal/logging/events/OutputEvent
instanceKlass org/gradle/internal/logging/sink/OutputEventRenderer
instanceKlass org/gradle/internal/logging/config/LoggingRouter
instanceKlass org/gradle/internal/logging/LoggingOutputInternal
instanceKlass org/gradle/api/logging/LoggingOutput
instanceKlass org/gradle/internal/logging/config/LoggingSystem
instanceKlass org/gradle/internal/logging/console/UserInputReceiver$Normalizer
instanceKlass org/gradle/internal/logging/console/DefaultUserInputReceiver
instanceKlass org/slf4j/spi/LoggingEventBuilder
instanceKlass org/gradle/internal/logging/slf4j/OutputEventListenerBackedLoggerContext$NoOpLogger
instanceKlass org/gradle/api/logging/Logger
instanceKlass java/util/concurrent/atomic/AtomicReference
instanceKlass org/gradle/internal/time/MonotonicClock
instanceKlass org/gradle/internal/time/SwappableTimeSource
instanceKlass org/gradle/internal/os/OperatingSystem
instanceKlass org/gradle/internal/time/Time$1
instanceKlass org/gradle/internal/time/Clock
instanceKlass org/gradle/internal/time/TimeSource
instanceKlass org/gradle/internal/time/CountdownTimer
instanceKlass org/gradle/internal/time/Timer
instanceKlass org/gradle/internal/time/Time
instanceKlass org/gradle/internal/logging/console/GlobalUserInputReceiver
instanceKlass org/gradle/api/internal/file/temp/TemporaryFileProvider
instanceKlass org/gradle/internal/logging/slf4j/OutputEventListenerBackedLoggerContext
instanceKlass org/slf4j/MDC
instanceKlass java/util/ServiceLoader$ProviderImpl
instanceKlass java/util/ServiceLoader$Provider
instanceKlass java/util/ServiceLoader$1
instanceKlass org/gradle/internal/logging/slf4j/StaticLoggerProvider
instanceKlass java/util/LinkedHashMap$LinkedHashIterator
instanceKlass java/nio/charset/CoderResult
instanceKlass java/io/Reader
instanceKlass java/lang/Readable
instanceKlass sun/net/www/protocol/jar/JarFileFactory
instanceKlass sun/net/www/protocol/jar/URLJarFile$URLJarFileCloseController
instanceKlass java/net/URLClassLoader$3$1
instanceKlass java/net/URLClassLoader$3
instanceKlass jdk/internal/loader/URLClassPath$1
instanceKlass java/lang/CompoundEnumeration
instanceKlass jdk/internal/loader/BuiltinClassLoader$1
instanceKlass java/util/Collections$EmptyEnumeration
instanceKlass java/util/Collections$EmptyIterator
instanceKlass jdk/internal/jimage/ImageLocation
instanceKlass jdk/internal/jimage/decompressor/Decompressor
instanceKlass jdk/internal/jimage/ImageStringsReader
instanceKlass jdk/internal/jimage/ImageStrings
instanceKlass jdk/internal/jimage/ImageHeader
instanceKlass jdk/internal/jimage/NativeImageBuffer$1
instanceKlass jdk/internal/jimage/NativeImageBuffer
instanceKlass jdk/internal/jimage/BasicImageReader$1
instanceKlass jdk/internal/jimage/BasicImageReader
instanceKlass jdk/internal/jimage/ImageReader
instanceKlass jdk/internal/jimage/ImageReaderFactory$1
instanceKlass java/net/URI$Parser
instanceKlass java/nio/file/FileSystems$DefaultFileSystemHolder$1
instanceKlass java/nio/file/FileSystems$DefaultFileSystemHolder
instanceKlass java/nio/file/FileSystems
instanceKlass java/nio/file/Paths
instanceKlass jdk/internal/jimage/ImageReaderFactory
instanceKlass jdk/internal/module/SystemModuleFinders$SystemImage
instanceKlass jdk/internal/module/SystemModuleFinders$SystemModuleReader
instanceKlass java/lang/module/ModuleReader
instanceKlass jdk/internal/loader/BuiltinClassLoader$5
instanceKlass jdk/internal/loader/BuiltinClassLoader$2
instanceKlass jdk/internal/module/Resources
instanceKlass java/util/ServiceLoader$3
instanceKlass java/util/ServiceLoader$2
instanceKlass java/util/ServiceLoader$LazyClassPathLookupIterator
instanceKlass java/util/Spliterators$1Adapter
instanceKlass java/util/ServiceLoader$ModuleServicesLookupIterator
instanceKlass java/util/ServiceLoader
instanceKlass org/slf4j/helpers/Util
instanceKlass org/slf4j/helpers/NOPMDCAdapter
instanceKlass org/slf4j/helpers/NOPLoggerFactory
instanceKlass org/slf4j/helpers/NOP_FallbackServiceProvider
instanceKlass org/slf4j/helpers/ThreadLocalMapOfStacks
instanceKlass org/slf4j/helpers/BasicMDCAdapter
instanceKlass org/slf4j/Marker
instanceKlass org/slf4j/helpers/BasicMarkerFactory
instanceKlass java/util/concurrent/LinkedBlockingQueue$Node
instanceKlass java/util/concurrent/BlockingQueue
instanceKlass org/slf4j/Logger
instanceKlass org/slf4j/helpers/SubstituteLoggerFactory
instanceKlass org/slf4j/spi/MDCAdapter
instanceKlass org/slf4j/IMarkerFactory
instanceKlass org/slf4j/ILoggerFactory
instanceKlass org/slf4j/helpers/SubstituteServiceProvider
instanceKlass org/slf4j/spi/SLF4JServiceProvider
instanceKlass org/slf4j/event/LoggingEvent
instanceKlass org/slf4j/LoggerFactory
instanceKlass java/util/TreeMap$PrivateEntryIterator
instanceKlass java/util/TreeMap$Entry
instanceKlass java/util/NavigableMap
instanceKlass java/util/SortedMap
instanceKlass java/util/NavigableSet
instanceKlass java/util/SortedSet
instanceKlass java/util/SequencedSet
instanceKlass java/io/ObjectStreamConstants
instanceKlass java/io/ObjectInput
instanceKlass org/gradle/process/internal/worker/messaging/WorkerConfigSerializer
instanceKlass org/gradle/internal/serialize/Serializer
# instanceKlass java/lang/invoke/LambdaForm$MH+0x0000021f84006400
instanceKlass  @bci org/robolectric/nativeruntime/DefaultNativeRuntimeLoader maybeCopyFonts (Lorg/robolectric/util/TempDirectory;)V 135 <appendix> form vmentry <vmtarget> ; # java/lang/invoke/LambdaForm$MH+0x0000021f84006000
instanceKlass org/gradle/process/internal/worker/WorkerProcessContext
instanceKlass org/gradle/api/Action
instanceKlass org/gradle/internal/remote/Address
instanceKlass org/gradle/internal/serialize/Decoder
instanceKlass org/gradle/internal/logging/events/OutputEventListener
instanceKlass org/gradle/internal/service/ServiceRegistry
instanceKlass org/gradle/internal/service/ServiceLookup
instanceKlass org/gradle/internal/service/ServiceRegistrationProvider
instanceKlass org/gradle/process/internal/health/memory/JvmMemoryStatusListener
instanceKlass org/gradle/process/internal/worker/child/SystemApplicationClassLoaderWorker
instanceKlass java/util/concurrent/Callable
instanceKlass  @bci java/io/FilePermissionCollection add (Ljava/security/Permission;)V 68 <appendix> argL0 ; # java/io/FilePermissionCollection$$Lambda+0x0000021f84048628
instanceKlass java/security/Security$1
instanceKlass jdk/internal/access/JavaSecurityPropertiesAccess
instanceKlass java/util/concurrent/ConcurrentHashMap$MapEntry
instanceKlass java/io/FileInputStream$1
instanceKlass java/util/Properties$LineReader
instanceKlass  @bci java/security/Security <clinit> ()V 9 <appendix> argL0 ; # java/security/Security$$Lambda+0x80000000b
instanceKlass java/security/Security
instanceKlass sun/security/util/SecurityProperties
instanceKlass sun/security/util/FilePermCompat
instanceKlass java/io/FilePermission$1
instanceKlass jdk/internal/access/JavaIOFilePermissionAccess
instanceKlass sun/net/www/MessageHeader
instanceKlass java/net/URLConnection
instanceKlass java/util/jar/Attributes$Name
instanceKlass java/util/SequencedMap
instanceKlass java/util/jar/Attributes
instanceKlass sun/security/action/GetIntegerAction
instanceKlass sun/security/util/SignatureFileVerifier
instanceKlass java/net/URLClassLoader$1
instanceKlass java/util/ComparableTimSort
instanceKlass java/util/Arrays$LegacyMergeSort
instanceKlass worker/org/gradle/internal/classloader/FilteringClassLoader$Trie$Builder
instanceKlass worker/org/gradle/internal/classloader/FilteringClassLoader$Trie
instanceKlass worker/org/gradle/internal/classloader/FilteringClassLoader$TrieSet
instanceKlass  @bci java/lang/ClassLoader definePackage (Ljava/lang/String;Ljava/lang/Module;)Ljava/lang/Package; 73 <appendix> member <vmtarget> ; # java/lang/ClassLoader$$Lambda+0x0000021f84046550
instanceKlass  @bci jdk/internal/loader/BootLoader$PackageHelper findModule (Ljava/lang/String;)Ljava/lang/Module; 90 <appendix> member <vmtarget> ; # jdk/internal/loader/BootLoader$PackageHelper$$Lambda+0x0000021f84046328
instanceKlass jdk/internal/loader/BootLoader$PackageHelper
instanceKlass java/util/stream/Sink$ChainedReference
instanceKlass  @bci java/util/stream/StreamSpliterators$WrappingSpliterator forEachRemaining (Ljava/util/function/Consumer;)V 33 <appendix> member <vmtarget> ; # java/util/stream/StreamSpliterators$WrappingSpliterator$$Lambda+0x0000021f84045e70
instanceKlass java/util/stream/StreamSpliterators
instanceKlass  @cpi java/util/stream/StreamSpliterators$WrappingSpliterator 151 form vmentry <vmtarget> ; # java/lang/invoke/LambdaForm$DMH+0x0000021f84004400
instanceKlass java/util/stream/AbstractSpinedBuffer
instanceKlass java/util/stream/Node$Builder
instanceKlass java/util/stream/Sink
instanceKlass java/util/function/Consumer
instanceKlass java/util/stream/Node$OfDouble
instanceKlass java/util/stream/Node$OfLong
instanceKlass java/util/stream/Node$OfInt
instanceKlass java/util/stream/Node$OfPrimitive
instanceKlass java/util/stream/Nodes$EmptyNode
instanceKlass java/util/stream/Node
instanceKlass java/util/stream/Nodes
instanceKlass  @bci java/lang/ClassLoader getPackages ()[Ljava/lang/Package; 38 <appendix> argL0 ; # java/lang/ClassLoader$$Lambda+0x0000021f84045188
instanceKlass java/util/function/IntFunction
instanceKlass  @bci jdk/internal/loader/BootLoader packages ()Ljava/util/stream/Stream; 6 <appendix> argL0 ; # jdk/internal/loader/BootLoader$$Lambda+0x0000021f84044b58
instanceKlass java/util/Spliterators$ArraySpliterator
instanceKlass java/util/Spliterator$OfDouble
instanceKlass java/util/Spliterator$OfLong
instanceKlass java/util/Spliterator$OfInt
instanceKlass java/util/Spliterator$OfPrimitive
instanceKlass java/util/Spliterators$EmptySpliterator
instanceKlass java/util/Spliterators
instanceKlass java/util/stream/Streams$2
instanceKlass java/util/stream/Streams
instanceKlass java/util/stream/StreamSpliterators$AbstractWrappingSpliterator
instanceKlass  @bci java/util/stream/AbstractPipeline spliterator ()Ljava/util/Spliterator; 103 <appendix> member <vmtarget> ; # java/util/stream/AbstractPipeline$$Lambda+0x0000021f840441d0
instanceKlass java/util/stream/Streams$ConcatSpliterator
instanceKlass  @bci java/lang/ClassLoader packages ()Ljava/util/stream/Stream; 13 <appendix> member <vmtarget> ; # java/lang/ClassLoader$$Lambda+0x0000021f84043a48
# instanceKlass java/lang/invoke/LambdaForm$MH+0x0000021f84004000
instanceKlass jdk/internal/reflect/MethodHandleAccessorFactory$LazyStaticHolder
instanceKlass sun/reflect/annotation/AnnotationParser
instanceKlass java/lang/Class$3
instanceKlass java/util/EnumMap$1
instanceKlass java/util/stream/StreamOpFlag$MaskBuilder
instanceKlass java/util/stream/Stream
instanceKlass java/util/stream/BaseStream
instanceKlass java/util/stream/PipelineHelper
instanceKlass java/util/stream/StreamSupport
instanceKlass java/util/Spliterator
instanceKlass worker/org/gradle/internal/classloader/ClassLoaderUtils$Java9PackagesFetcher
instanceKlass worker/org/gradle/internal/classloader/ClassLoaderUtils$AbstractClassLoaderLookuper
instanceKlass worker/org/gradle/api/internal/jvm/JavaVersionParser
instanceKlass worker/org/gradle/internal/classloader/ClassLoaderUtils$ClassLoaderPackagesFetcher
instanceKlass worker/org/gradle/internal/classloader/ClassLoaderUtils$ClassDefiner
instanceKlass worker/org/gradle/internal/classloader/ClassLoaderUtils
instanceKlass worker/org/gradle/internal/classloader/ClassLoaderSpec
instanceKlass java/lang/invoke/VarHandle$AccessDescriptor
instanceKlass java/lang/invoke/VarForm
instanceKlass java/lang/invoke/VarHandleGuards
instanceKlass java/lang/invoke/VarHandles
instanceKlass jdk/internal/util/ByteArray
instanceKlass java/lang/PublicMethods$Key
instanceKlass java/lang/PublicMethods$MethodList
instanceKlass worker/org/gradle/internal/classloader/ClassLoaderHierarchy
instanceKlass jdk/internal/misc/PreviewFeatures
instanceKlass jdk/internal/misc/MainMethodFinder
instanceKlass worker/org/gradle/process/internal/worker/GradleWorkerMain
instanceKlass sun/security/util/Debug
instanceKlass java/security/SecureClassLoader$DebugHolder
instanceKlass java/security/Permission
instanceKlass java/security/Guard
instanceKlass java/security/PermissionCollection
instanceKlass java/security/SecureClassLoader$1
instanceKlass java/util/zip/Checksum$1
instanceKlass java/util/zip/CRC32
instanceKlass java/util/zip/Checksum
instanceKlass sun/nio/ByteBuffered
instanceKlass java/util/zip/ZipFile$InflaterCleanupAction
instanceKlass java/util/zip/Inflater$InflaterZStreamRef
instanceKlass java/util/zip/Inflater
instanceKlass java/lang/Package$VersionInfo
instanceKlass java/lang/NamedPackage
instanceKlass jdk/internal/loader/Resource
instanceKlass java/util/zip/ZipEntry
instanceKlass java/util/zip/ZipFile$2
instanceKlass java/nio/Bits$1
instanceKlass jdk/internal/misc/VM$BufferPool
instanceKlass java/nio/Bits
instanceKlass sun/nio/ch/DirectBuffer
instanceKlass jdk/internal/perf/PerfCounter$CoreCounters
instanceKlass jdk/internal/perf/Perf
instanceKlass jdk/internal/perf/Perf$GetPerfAction
instanceKlass jdk/internal/perf/PerfCounter
instanceKlass sun/util/locale/LocaleUtils
instanceKlass sun/util/locale/BaseLocale
instanceKlass java/util/Locale
instanceKlass java/nio/file/attribute/FileTime
instanceKlass java/util/zip/ZipUtils
instanceKlass java/util/zip/ZipFile$Source$End
instanceKlass java/io/RandomAccessFile$2
instanceKlass jdk/internal/access/JavaIORandomAccessFileAccess
instanceKlass java/io/RandomAccessFile
instanceKlass java/io/DataInput
instanceKlass java/io/DataOutput
instanceKlass sun/nio/fs/WindowsNativeDispatcher$CompletionStatus
instanceKlass sun/nio/fs/WindowsNativeDispatcher$AclInformation
instanceKlass sun/nio/fs/WindowsNativeDispatcher$Account
instanceKlass sun/nio/fs/WindowsNativeDispatcher$DiskFreeSpace
instanceKlass sun/nio/fs/WindowsNativeDispatcher$VolumeInformation
instanceKlass sun/nio/fs/WindowsNativeDispatcher$FirstStream
instanceKlass sun/nio/fs/WindowsNativeDispatcher$FirstFile
instanceKlass java/util/Enumeration
instanceKlass java/util/concurrent/ConcurrentHashMap$Traverser
instanceKlass jdk/internal/loader/NativeLibraries$3
instanceKlass jdk/internal/loader/NativeLibrary
instanceKlass java/util/ArrayDeque$DeqIterator
instanceKlass jdk/internal/loader/NativeLibraries$NativeLibraryContext$1
instanceKlass jdk/internal/loader/NativeLibraries$NativeLibraryContext
instanceKlass jdk/internal/loader/NativeLibraries$2
instanceKlass jdk/internal/loader/NativeLibraries$1
instanceKlass jdk/internal/loader/NativeLibraries$LibraryPaths
instanceKlass sun/nio/fs/WindowsNativeDispatcher
instanceKlass sun/nio/fs/NativeBuffer$Deallocator
instanceKlass sun/nio/fs/NativeBuffer
instanceKlass java/lang/ThreadLocal$ThreadLocalMap
instanceKlass java/lang/ThreadLocal
instanceKlass sun/nio/fs/NativeBuffers
instanceKlass sun/nio/fs/WindowsFileAttributes
instanceKlass java/nio/file/attribute/DosFileAttributes
instanceKlass sun/nio/fs/AbstractBasicFileAttributeView
instanceKlass sun/nio/fs/DynamicFileAttributeView
instanceKlass sun/nio/fs/WindowsFileAttributeViews
instanceKlass sun/nio/fs/Util
instanceKlass java/nio/file/attribute/BasicFileAttributeView
instanceKlass java/nio/file/attribute/FileAttributeView
instanceKlass java/nio/file/attribute/AttributeView
instanceKlass java/nio/file/Files
instanceKlass java/nio/file/CopyOption
instanceKlass java/nio/file/attribute/BasicFileAttributes
instanceKlass sun/nio/fs/WindowsPath
instanceKlass java/nio/file/Path
instanceKlass java/nio/file/Watchable
instanceKlass java/util/zip/ZipFile$Source$Key
instanceKlass sun/nio/fs/WindowsPathParser$Result
instanceKlass sun/nio/fs/WindowsPathParser
instanceKlass java/util/concurrent/ForkJoinPool$ManagedBlocker
instanceKlass java/nio/file/FileSystem
instanceKlass java/util/concurrent/locks/AbstractQueuedSynchronizer$Node
instanceKlass java/nio/file/OpenOption
instanceKlass java/nio/file/spi/FileSystemProvider
instanceKlass sun/nio/fs/DefaultFileSystemProvider
instanceKlass java/util/zip/ZipFile$Source
instanceKlass java/lang/ref/Cleaner$Cleanable
instanceKlass jdk/internal/ref/CleanerImpl
instanceKlass java/lang/ref/Cleaner$1
instanceKlass java/lang/ref/Cleaner
instanceKlass jdk/internal/ref/CleanerFactory$1
instanceKlass java/util/concurrent/ThreadFactory
instanceKlass jdk/internal/ref/CleanerFactory
instanceKlass java/util/zip/ZipCoder
instanceKlass java/util/zip/ZipFile$CleanableResource
instanceKlass java/lang/Runtime$Version
instanceKlass java/util/jar/JavaUtilJarAccessImpl
instanceKlass jdk/internal/access/JavaUtilJarAccess
instanceKlass jdk/internal/loader/FileURLMapper
instanceKlass jdk/internal/loader/URLClassPath$JarLoader$1
instanceKlass java/util/zip/ZipFile$1
instanceKlass jdk/internal/access/JavaUtilZipFileAccess
instanceKlass java/util/zip/ZipFile
instanceKlass java/util/zip/ZipConstants
instanceKlass jdk/internal/loader/URLClassPath$Loader
instanceKlass jdk/internal/loader/URLClassPath$3
instanceKlass java/security/PrivilegedExceptionAction
instanceKlass sun/net/util/URLUtil
instanceKlass java/lang/StringCoding
instanceKlass sun/nio/cs/ArrayDecoder
instanceKlass java/nio/charset/CharsetDecoder
instanceKlass sun/launcher/LauncherHelper
instanceKlass java/lang/invoke/StringConcatFactory
instanceKlass  @bci java/lang/WeakPairMap computeIfAbsent (Ljava/lang/Object;Ljava/lang/Object;Ljava/util/function/BiFunction;)Ljava/lang/Object; 18 <appendix> member <vmtarget> ; # java/lang/WeakPairMap$$Lambda+0x0000021f84041378
instanceKlass  @bci java/lang/Module implAddExportsOrOpens (Ljava/lang/String;Ljava/lang/Module;ZZ)V 145 <appendix> argL0 ; # java/lang/Module$$Lambda+0x0000021f84040a20
instanceKlass java/lang/WeakPairMap$Pair$Lookup
instanceKlass java/lang/WeakPairMap$Pair
instanceKlass java/lang/WeakPairMap
instanceKlass java/lang/Module$ReflectionData
instanceKlass  @bci com/google/common/io/Closer <clinit> ()V 0 <appendix> form vmentry <vmtarget> ; # java/lang/invoke/LambdaForm$MH+0x0000021f84000400
instanceKlass jdk/internal/org/objectweb/asm/FieldVisitor
instanceKlass java/util/ArrayList$Itr
instanceKlass java/lang/invoke/InvokerBytecodeGenerator$ClassData
instanceKlass jdk/internal/org/objectweb/asm/Frame
instanceKlass java/lang/invoke/LambdaFormBuffer
instanceKlass java/lang/invoke/LambdaFormEditor$TransformKey
instanceKlass java/lang/invoke/LambdaFormEditor
instanceKlass java/lang/invoke/DelegatingMethodHandle$Holder
instanceKlass java/lang/invoke/DirectMethodHandle$2
instanceKlass java/lang/invoke/ClassSpecializer$Factory
instanceKlass java/lang/invoke/ClassSpecializer$SpeciesData
instanceKlass java/lang/invoke/ClassSpecializer$1
instanceKlass java/lang/invoke/ClassSpecializer
instanceKlass sun/invoke/empty/Empty
instanceKlass sun/invoke/util/VerifyType
instanceKlass  @bci jdk/internal/module/ModuleBootstrap decode (Ljava/lang/String;Ljava/lang/String;Z)Ljava/util/Map; 193 <appendix> argL0 ; # jdk/internal/module/ModuleBootstrap$$Lambda+0x0000021f840407e0
instanceKlass java/lang/invoke/MethodHandles$Lookup$ClassDefiner
instanceKlass java/lang/invoke/MethodHandles$Lookup$ClassFile
instanceKlass jdk/internal/org/objectweb/asm/AnnotationVisitor
instanceKlass jdk/internal/org/objectweb/asm/Attribute
instanceKlass jdk/internal/org/objectweb/asm/Handler
instanceKlass jdk/internal/org/objectweb/asm/Label
instanceKlass jdk/internal/org/objectweb/asm/MethodVisitor
instanceKlass java/lang/invoke/LambdaProxyClassArchive
instanceKlass jdk/internal/org/objectweb/asm/ByteVector
instanceKlass jdk/internal/org/objectweb/asm/Symbol
instanceKlass jdk/internal/org/objectweb/asm/SymbolTable
instanceKlass jdk/internal/org/objectweb/asm/ClassVisitor
instanceKlass java/lang/invoke/InfoFromMemberName
instanceKlass java/lang/invoke/MethodHandleInfo
instanceKlass jdk/internal/org/objectweb/asm/ConstantDynamic
instanceKlass sun/invoke/util/BytecodeDescriptor
instanceKlass jdk/internal/org/objectweb/asm/Handle
instanceKlass sun/security/action/GetBooleanAction
instanceKlass jdk/internal/org/objectweb/asm/Type
instanceKlass java/lang/invoke/AbstractValidatingLambdaMetafactory
instanceKlass java/lang/invoke/MethodHandleImpl$1
instanceKlass jdk/internal/access/JavaLangInvokeAccess
instanceKlass java/lang/invoke/Invokers$Holder
instanceKlass java/lang/invoke/BootstrapMethodInvoker
instanceKlass java/lang/invoke/InvokerBytecodeGenerator$1
instanceKlass java/lang/invoke/InvokerBytecodeGenerator
instanceKlass java/lang/invoke/LambdaForm$Holder
instanceKlass java/lang/invoke/LambdaForm$Name
instanceKlass java/lang/reflect/Array
instanceKlass java/lang/invoke/Invokers
instanceKlass java/lang/invoke/MethodHandleImpl
instanceKlass sun/invoke/util/ValueConversions
instanceKlass java/lang/invoke/DirectMethodHandle$Holder
instanceKlass java/lang/invoke/LambdaForm$NamedFunction
instanceKlass sun/invoke/util/Wrapper$Format
instanceKlass java/lang/invoke/MethodTypeForm
instanceKlass java/lang/Void
instanceKlass jdk/internal/util/StrongReferenceKey
instanceKlass jdk/internal/util/ReferenceKey
instanceKlass jdk/internal/util/ReferencedKeyMap
instanceKlass java/lang/invoke/MethodType$1
instanceKlass java/lang/invoke/LambdaMetafactory
instanceKlass java/lang/ModuleLayer$Controller
instanceKlass java/util/concurrent/CopyOnWriteArrayList
instanceKlass jdk/internal/module/ServicesCatalog$ServiceProvider
instanceKlass jdk/internal/loader/AbstractClassLoaderValue$Memoizer
instanceKlass java/util/ImmutableCollections$ListItr
instanceKlass java/util/ListIterator
instanceKlass java/lang/ModuleLayer
instanceKlass jdk/internal/module/ModuleLoaderMap$Modules
instanceKlass jdk/internal/module/ModuleLoaderMap$Mapper
instanceKlass jdk/internal/module/ModuleLoaderMap
instanceKlass java/util/AbstractMap$1$1
instanceKlass java/lang/module/ResolvedModule
instanceKlass java/lang/module/Configuration
instanceKlass jdk/internal/loader/BuiltinClassLoader$LoadedModule
instanceKlass jdk/internal/loader/AbstractClassLoaderValue
instanceKlass jdk/internal/module/ServicesCatalog
instanceKlass java/util/Deque
instanceKlass java/util/Queue
instanceKlass sun/net/util/IPAddressUtil$MASKS
instanceKlass sun/net/util/IPAddressUtil
instanceKlass java/net/URLStreamHandler
instanceKlass sun/net/www/ParseUtil
instanceKlass java/net/URL$3
instanceKlass jdk/internal/access/JavaNetURLAccess
instanceKlass java/net/URL$DefaultFactory
instanceKlass java/net/URLStreamHandlerFactory
instanceKlass jdk/internal/loader/URLClassPath
instanceKlass java/security/Principal
instanceKlass java/security/ProtectionDomain$Key
instanceKlass java/security/ProtectionDomain$JavaSecurityAccessImpl
instanceKlass jdk/internal/access/JavaSecurityAccess
instanceKlass java/lang/ClassLoader$ParallelLoaders
instanceKlass java/security/cert/Certificate
instanceKlass jdk/internal/loader/ArchivedClassLoaders
instanceKlass java/util/concurrent/ConcurrentHashMap$CollectionView
instanceKlass jdk/internal/loader/ClassLoaderHelper
instanceKlass jdk/internal/loader/NativeLibraries
instanceKlass java/lang/Module$EnableNativeAccess
instanceKlass jdk/internal/loader/BootLoader
instanceKlass java/util/Optional
instanceKlass jdk/internal/module/SystemModuleFinders$SystemModuleFinder
instanceKlass java/lang/module/ModuleFinder
instanceKlass jdk/internal/module/SystemModuleFinders$3
instanceKlass jdk/internal/module/ModuleHashes$HashSupplier
instanceKlass jdk/internal/module/SystemModuleFinders$2
instanceKlass java/util/function/Supplier
instanceKlass java/lang/module/ModuleReference
instanceKlass jdk/internal/module/ModuleResolution
instanceKlass java/util/Collections$UnmodifiableMap
instanceKlass jdk/internal/module/ModuleHashes$Builder
instanceKlass jdk/internal/module/ModuleHashes
instanceKlass jdk/internal/module/ModuleTarget
instanceKlass java/util/ImmutableCollections$Set12$1
instanceKlass java/lang/reflect/AccessFlag$18
instanceKlass java/lang/reflect/AccessFlag$17
instanceKlass java/lang/reflect/AccessFlag$16
instanceKlass java/lang/reflect/AccessFlag$15
instanceKlass java/lang/reflect/AccessFlag$14
instanceKlass java/lang/reflect/AccessFlag$13
instanceKlass java/lang/reflect/AccessFlag$12
instanceKlass java/lang/reflect/AccessFlag$11
instanceKlass java/lang/reflect/AccessFlag$10
instanceKlass java/lang/reflect/AccessFlag$9
instanceKlass java/lang/reflect/AccessFlag$8
instanceKlass java/lang/reflect/AccessFlag$7
instanceKlass java/lang/reflect/AccessFlag$6
instanceKlass java/lang/reflect/AccessFlag$5
instanceKlass java/lang/reflect/AccessFlag$4
instanceKlass java/lang/reflect/AccessFlag$3
instanceKlass java/lang/reflect/AccessFlag$2
instanceKlass java/lang/reflect/AccessFlag$1
instanceKlass java/lang/module/ModuleDescriptor$Version
instanceKlass java/lang/module/ModuleDescriptor$Provides
instanceKlass java/lang/module/ModuleDescriptor$Opens
instanceKlass java/util/ImmutableCollections$SetN$SetNIterator
instanceKlass java/lang/module/ModuleDescriptor$Exports
instanceKlass java/lang/module/ModuleDescriptor$Requires
instanceKlass jdk/internal/module/Builder
instanceKlass jdk/internal/module/SystemModules$default
instanceKlass jdk/internal/module/SystemModules
instanceKlass jdk/internal/module/SystemModulesMap
instanceKlass java/net/URI$1
instanceKlass jdk/internal/access/JavaNetUriAccess
instanceKlass java/net/URI
instanceKlass jdk/internal/module/SystemModuleFinders
instanceKlass jdk/internal/module/ArchivedModuleGraph
instanceKlass jdk/internal/module/ArchivedBootLayer
instanceKlass jdk/internal/module/ModuleBootstrap$Counters
instanceKlass jdk/internal/module/ModulePatcher
instanceKlass java/io/FileSystem
instanceKlass java/io/DefaultFileSystem
instanceKlass java/io/File
instanceKlass java/lang/module/ModuleDescriptor$1
instanceKlass jdk/internal/access/JavaLangModuleAccess
instanceKlass sun/invoke/util/VerifyAccess
instanceKlass java/util/KeyValueHolder
instanceKlass java/util/ImmutableCollections$MapN$MapNIterator
instanceKlass java/lang/StrictMath
instanceKlass java/lang/invoke/MethodHandles$Lookup
instanceKlass java/lang/invoke/MemberName$Factory
instanceKlass java/lang/invoke/MethodHandles
instanceKlass java/lang/module/ModuleDescriptor
instanceKlass jdk/internal/module/ModuleBootstrap
instanceKlass java/lang/Character$CharacterCache
instanceKlass java/util/HexFormat
instanceKlass jdk/internal/util/ClassFileDumper
instanceKlass sun/security/action/GetPropertyAction
instanceKlass java/lang/invoke/MethodHandleStatics
instanceKlass java/util/concurrent/locks/AbstractQueuedSynchronizer$ConditionObject
instanceKlass java/util/concurrent/locks/Condition
instanceKlass jdk/internal/misc/Blocker
instanceKlass java/util/Collections
instanceKlass java/lang/Thread$ThreadIdentifiers
instanceKlass sun/io/Win32ErrorMode
instanceKlass jdk/internal/misc/OSEnvironment
instanceKlass java/lang/Integer$IntegerCache
instanceKlass jdk/internal/misc/Signal$NativeHandler
instanceKlass java/util/Hashtable$Entry
instanceKlass jdk/internal/misc/Signal
instanceKlass java/lang/Terminator$1
instanceKlass jdk/internal/misc/Signal$Handler
instanceKlass java/lang/Terminator
instanceKlass java/nio/ByteOrder
instanceKlass java/nio/Buffer$2
instanceKlass jdk/internal/access/JavaNioAccess
instanceKlass java/nio/Buffer$1
instanceKlass jdk/internal/misc/ScopedMemoryAccess
instanceKlass java/nio/charset/CodingErrorAction
instanceKlass sun/nio/cs/SingleByte
instanceKlass java/lang/StringUTF16
instanceKlass sun/nio/cs/MS1252$Holder
instanceKlass sun/nio/cs/ArrayEncoder
instanceKlass java/nio/charset/CharsetEncoder
instanceKlass java/io/Writer
instanceKlass java/io/PrintStream$1
instanceKlass jdk/internal/access/JavaIOPrintStreamAccess
instanceKlass jdk/internal/misc/InternalLock
instanceKlass java/io/OutputStream
instanceKlass java/io/Flushable
instanceKlass java/io/FileDescriptor$1
instanceKlass jdk/internal/access/JavaIOFileDescriptorAccess
instanceKlass java/io/FileDescriptor
instanceKlass jdk/internal/util/StaticProperty
instanceKlass jdk/internal/reflect/MethodHandleAccessorFactory
instanceKlass java/lang/reflect/Modifier
instanceKlass java/lang/Class$1
instanceKlass java/lang/Class$Atomic
instanceKlass java/lang/Class$ReflectionData
instanceKlass java/nio/charset/StandardCharsets
instanceKlass sun/nio/cs/HistoricallyNamedCharset
instanceKlass java/nio/charset/spi/CharsetProvider
instanceKlass java/nio/charset/Charset
instanceKlass java/util/HashMap$HashIterator
instanceKlass java/util/concurrent/locks/LockSupport
instanceKlass java/util/concurrent/ConcurrentHashMap$Node
instanceKlass java/util/concurrent/ConcurrentHashMap$CounterCell
instanceKlass java/util/concurrent/locks/ReentrantLock
instanceKlass java/util/concurrent/locks/Lock
instanceKlass java/lang/CharacterData
instanceKlass java/util/Arrays
instanceKlass jdk/internal/util/Preconditions$3
instanceKlass jdk/internal/util/Preconditions$2
instanceKlass jdk/internal/util/Preconditions$4
instanceKlass java/util/function/BiFunction
instanceKlass jdk/internal/util/Preconditions$1
instanceKlass java/util/function/Function
instanceKlass jdk/internal/util/Preconditions
instanceKlass java/lang/Runtime
instanceKlass java/lang/VersionProps
instanceKlass java/lang/StringConcatHelper
instanceKlass java/util/HashMap$Node
instanceKlass java/util/Map$Entry
instanceKlass jdk/internal/util/ArraysSupport
instanceKlass jdk/internal/util/SystemProps$Raw
instanceKlass jdk/internal/util/SystemProps
instanceKlass java/lang/System$2
instanceKlass jdk/internal/access/JavaLangAccess
instanceKlass java/lang/ref/NativeReferenceQueue$Lock
instanceKlass java/lang/ref/ReferenceQueue
instanceKlass java/lang/ref/Reference$1
instanceKlass jdk/internal/access/JavaLangRefAccess
instanceKlass jdk/internal/reflect/ReflectionFactory
instanceKlass java/lang/Math
instanceKlass java/lang/StringLatin1
instanceKlass jdk/internal/reflect/Reflection
instanceKlass jdk/internal/reflect/ReflectionFactory$GetReflectionFactoryAction
instanceKlass java/security/PrivilegedAction
instanceKlass jdk/internal/access/SharedSecrets
instanceKlass java/lang/reflect/ReflectAccess
instanceKlass jdk/internal/access/JavaLangReflectAccess
instanceKlass java/util/ImmutableCollections
instanceKlass java/util/Objects
instanceKlass java/util/Set
instanceKlass jdk/internal/misc/CDS
instanceKlass java/lang/Module$ArchivedData
instanceKlass jdk/internal/misc/VM
instanceKlass java/lang/String$CaseInsensitiveComparator
instanceKlass java/util/Comparator
instanceKlass java/io/ObjectStreamField
instanceKlass jdk/internal/vm/FillerObject
instanceKlass jdk/internal/vm/vector/VectorSupport$VectorPayload
instanceKlass jdk/internal/vm/vector/VectorSupport
instanceKlass java/lang/reflect/RecordComponent
instanceKlass java/util/Iterator
instanceKlass java/lang/Number
instanceKlass java/lang/Character
instanceKlass java/lang/Boolean
instanceKlass java/util/concurrent/locks/AbstractOwnableSynchronizer
instanceKlass java/lang/LiveStackFrame
instanceKlass java/lang/StackFrameInfo
instanceKlass java/lang/StackWalker$StackFrame
instanceKlass java/lang/StackStreamFactory$AbstractStackWalker
instanceKlass java/lang/StackWalker
instanceKlass java/nio/Buffer
instanceKlass java/lang/StackTraceElement
instanceKlass java/util/RandomAccess
instanceKlass java/util/List
instanceKlass java/util/SequencedCollection
instanceKlass java/util/AbstractCollection
instanceKlass java/util/Collection
instanceKlass java/lang/Iterable
instanceKlass java/util/concurrent/ConcurrentMap
instanceKlass java/util/AbstractMap
instanceKlass java/security/CodeSource
instanceKlass jdk/internal/loader/ClassLoaders
instanceKlass java/util/jar/Manifest
instanceKlass java/lang/Enum
instanceKlass java/net/URL
instanceKlass java/io/InputStream
instanceKlass java/io/Closeable
instanceKlass java/lang/AutoCloseable
instanceKlass jdk/internal/module/Modules
instanceKlass jdk/internal/misc/Unsafe
instanceKlass jdk/internal/misc/UnsafeConstants
instanceKlass java/lang/AbstractStringBuilder
instanceKlass java/lang/Appendable
instanceKlass java/lang/AssertionStatusDirectives
instanceKlass jdk/internal/foreign/abi/ABIDescriptor
instanceKlass jdk/internal/foreign/abi/NativeEntryPoint
instanceKlass java/lang/invoke/CallSite
instanceKlass java/lang/invoke/MethodType
instanceKlass java/lang/invoke/TypeDescriptor$OfMethod
instanceKlass java/lang/invoke/LambdaForm
instanceKlass java/lang/invoke/MethodHandleNatives
instanceKlass java/lang/invoke/ResolvedMethodName
instanceKlass java/lang/invoke/MemberName
instanceKlass java/lang/invoke/VarHandle
instanceKlass java/lang/invoke/MethodHandle
instanceKlass jdk/internal/reflect/CallerSensitive
instanceKlass java/lang/annotation/Annotation
instanceKlass jdk/internal/reflect/FieldAccessor
instanceKlass jdk/internal/reflect/ConstantPool
instanceKlass jdk/internal/reflect/ConstructorAccessor
instanceKlass jdk/internal/reflect/MethodAccessor
instanceKlass jdk/internal/reflect/MagicAccessorImpl
instanceKlass jdk/internal/vm/StackChunk
instanceKlass jdk/internal/vm/Continuation
instanceKlass jdk/internal/vm/ContinuationScope
instanceKlass java/lang/reflect/Parameter
instanceKlass java/lang/reflect/Member
instanceKlass java/lang/reflect/AccessibleObject
instanceKlass java/lang/Module
instanceKlass java/util/Map
instanceKlass java/util/Dictionary
instanceKlass java/lang/ThreadGroup
instanceKlass java/lang/Thread$UncaughtExceptionHandler
instanceKlass java/lang/Thread$Constants
instanceKlass java/lang/Thread$FieldHolder
instanceKlass java/lang/Thread
instanceKlass java/lang/Runnable
instanceKlass java/lang/ref/Reference
instanceKlass java/lang/Record
instanceKlass java/security/AccessController
instanceKlass java/security/AccessControlContext
instanceKlass java/security/ProtectionDomain
instanceKlass java/lang/SecurityManager
instanceKlass java/lang/Throwable
instanceKlass java/lang/System
instanceKlass java/lang/ClassLoader
instanceKlass java/lang/Cloneable
instanceKlass java/lang/Class
instanceKlass java/lang/invoke/TypeDescriptor$OfField
instanceKlass java/lang/invoke/TypeDescriptor
instanceKlass java/lang/reflect/Type
instanceKlass java/lang/reflect/GenericDeclaration
instanceKlass java/lang/reflect/AnnotatedElement
instanceKlass java/lang/String
instanceKlass java/lang/constant/ConstantDesc
instanceKlass java/lang/constant/Constable
instanceKlass java/lang/CharSequence
instanceKlass java/lang/Comparable
instanceKlass java/io/Serializable
ciInstanceKlass java/lang/Object 1 1 124 7 1 10 12 1 1 10 7 12 1 1 1 10 7 12 1 1 1 10 12 1 1 8 1 10 12 1 1 10 7 12 1 1 1 10 12 1 10 12 1 1 10 7 12 1 1 1 10 12 1 10 12 1 7 1 10 7 12 1 1 1 10 12 1 1 10 12 1 100 1 8 1 10 12 1 3 8 1 7 1 5 0 1 1 1 1 1 1 1 1 1 1 1 1 1 1 1 1 7 1 1 1 1 1 1 1 1 1 1 7 1 1 1 1 1 1 1 1 1 1 3 1 1
ciInstanceKlass java/io/Serializable 1 0 7 100 1 100 1 1 1
ciInstanceKlass java/lang/System 1 1 834 10 7 12 1 1 1 9 7 12 1 1 1 10 12 1 10 12 1 1 10 12 1 1 10 12 1 9 12 1 1 10 7 12 1 1 1 11 100 12 1 1 1 10 100 12 1 1 1 10 12 1 1 10 12 1 1 100 1 8 1 10 12 1 10 7 12 1 1 1 10 7 12 1 1 1 18 12 1 1 10 7 12 1 1 1 7 1 10 12 1 1 10 7 12 1 1 1 10 12 1 10 7 12 1 1 1 9 100 12 1 1 1 10 7 12 1 1 1 11 7 12 1 1 1 10 12 1 1 10 7 12 1 1 1 7 1 10 10 12 1 1 8 1 10 12 1 8 1 10 12 1 9 12 1 1 8 1 10 7 12 1 1 1 10 12 1 1 100 1 8 1 10 9 12 1 1 8 1 10 12 1 1 10 100 12 1 1 1 8 1 10 12 1 7 1 10 12 1 8 1 10 12 1 10 12 1 1 100 1 10 12 10 12 1 9 12 1 1 9 12 1 1 10 7 12 1 1 1 10 7 12 1 1 1 10 12 1 1 10 12 1 10 12 1 10 7 12 1 1 1 10 12 1 100 1 100 1 8 1 10 12 1 10 12 1 1 7 1 10 12 1 100 1 8 1 10 10 12 1 100 1 8 1 10 8 1 10 7 12 1 1 8 1 10 12 100 1 8 1 10 10 12 1 1 10 7 12 1 1 1 100 1 18 12 1 100 1 9 100 12 1 1 1 10 12 1 100 1 10 12 1 1 10 12 1 1 10 7 12 1 1 1 10 12 1 1 10 12 1 10 12 1 10 12 1 1 10 12 1 7 1 10 12 1 9 7 12 1 1 1 10 7 12 1 1 1 10 12 1 10 12 1 10 7 12 1 1 1 7 1 8 1 10 9 12 1 9 12 1 10 12 1 10 7 12 1 1 10 12 1 10 12 1 1 8 1 10 12 1 1 8 1 11 12 1 10 12 11 12 1 1 11 7 12 1 1 1 11 7 12 1 1 11 12 1 1 7 1 11 12 1 10 12 1 8 1 10 12 1 1 8 1 8 1 8 1 8 1 11 12 1 10 12 1 10 12 1 10 12 1 8 1 10 12 1 1 8 1 9 12 1 8 1 10 7 12 1 1 8 1 7 1 9 7 12 1 1 1 10 12 1 7 1 9 12 10 9 12 7 1 10 12 9 12 1 1 8 1 10 12 1 1 8 1 10 7 12 1 1 10 12 1 10 12 1 1 11 7 12 1 1 10 12 10 7 12 1 1 1 9 12 1 1 7 1 8 1 10 12 1 1 10 7 12 1 1 1 7 1 10 12 1 1 10 12 1 8 1 8 1 10 8 1 8 1 8 1 8 1 10 10 7 12 1 1 10 12 1 10 12 1 1 10 12 1 1 10 12 1 10 100 12 1 1 1 10 7 1 8 1 10 10 10 12 1 1 10 12 1 1 8 1 10 12 1 8 1 8 1 10 12 1 10 7 12 1 1 1 10 12 1 1 7 1 10 10 12 1 10 12 1 9 12 1 1 3 1 3 1 1 1 1 1 1 1 1 1 1 1 1 100 1 1 100 1 1 1 1 1 1 1 1 1 1 1 100 1 7 1 1 1 1 1 1 1 1 1 1 1 1 1 1 1 1 1 1 1 1 1 1 1 1 1 1 1 1 1 1 1 1 1 1 1 1 1 1 1 1 1 1 1 1 1 1 1 1 1 1 1 1 1 1 1 1 1 1 100 1 1 1 1 1 1 1 1 1 1 1 1 1 1 1 1 1 1 1 1 1 1 1 1 1 1 1 1 1 1 1 1 1 100 1 1 16 15 10 12 1 1 16 15 10 12 16 1 15 10 100 12 1 1 1 1 1 1 1 1 1 100 1 100 1 1
staticfield java/lang/System in Ljava/io/InputStream; java/io/BufferedInputStream
staticfield java/lang/System out Ljava/io/PrintStream; org/gradle/internal/io/LinePerThreadBufferingOutputStream
staticfield java/lang/System err Ljava/io/PrintStream; org/gradle/internal/io/LinePerThreadBufferingOutputStream
ciInstanceKlass java/lang/SecurityManager 1 1 576 10 7 12 1 1 1 9 7 12 1 1 1 10 7 12 1 1 1 100 1 8 1 10 12 1 10 12 1 1 10 7 12 1 1 1 10 7 1 10 100 1 10 9 100 12 1 1 1 10 7 12 1 1 1 10 12 1 1 10 7 12 1 1 100 1 8 1 10 9 12 1 1 9 12 1 8 1 9 12 1 7 1 10 8 1 10 12 1 1 10 12 1 10 12 1 1 100 1 10 10 12 1 1 100 1 8 1 10 12 1 8 1 8 1 8 1 8 1 8 1 8 1 10 12 1 8 1 8 1 8 1 8 1 8 1 10 7 12 1 1 1 10 12 1 1 8 1 100 1 8 1 10 8 1 8 1 8 1 8 1 8 1 10 100 12 1 1 8 1 100 1 8 1 8 1 10 8 1 10 12 1 100 1 8 1 10 10 12 1 1 10 12 1 10 12 1 10 12 1 10 7 12 1 1 1 10 12 1 10 7 12 1 1 11 7 12 1 1 1 18 12 1 1 11 7 12 1 1 1 18 12 1 1 11 12 1 1 18 18 11 12 1 18 12 1 11 12 1 1 9 12 1 1 9 12 1 9 12 1 9 12 1 7 1 10 7 12 1 1 10 12 1 10 12 1 18 12 1 18 10 7 12 1 1 1 18 12 1 10 12 1 18 18 8 1 10 12 1 9 12 1 1 11 7 12 1 1 1 8 1 100 1 10 12 1 10 12 1 1 10 12 1 1 9 12 1 1 10 12 1 10 12 1 1 8 1 100 1 10 9 12 1 8 1 10 12 1 8 1 100 1 10 10 7 12 1 1 10 7 1 9 7 12 1 1 1 11 12 1 1 10 12 1 11 12 1 10 12 1 7 1 10 10 12 1 1 10 12 1 1 1 1 1 1 1 1 1 1 1 7 1 1 1 1 1 1 1 1 1 1 1 1 1 1 1 1 1 1 1 1 1 1 1 1 1 1 1 1 1 1 1 1 1 1 1 1 1 1 1 1 1 1 1 1 1 1 1 1 1 1 1 1 1 1 1 1 3 1 1 1 1 1 1 1 1 1 1 100 1 1 1 1 1 1 1 1 1 1 1 1 1 1 1 1 1 1 1 1 1 1 1 1 1 1 1 1 1 1 1 1 1 1 1 1 1 1 16 15 10 7 12 1 1 1 16 1 16 15 10 12 16 1 15 10 12 16 15 11 7 1 16 1 16 1 15 10 12 16 15 10 12 16 15 10 12 1 16 1 15 11 12 1 15 10 12 16 15 10 16 1 15 10 7 12 1 1 1 1 1 1 100 1 100 1 1
staticfield java/lang/SecurityManager packageAccessLock Ljava/lang/Object; java/lang/Object
staticfield java/lang/SecurityManager packageDefinitionLock Ljava/lang/Object; java/lang/Object
staticfield java/lang/SecurityManager nonExportedPkgs Ljava/util/Map; java/util/concurrent/ConcurrentHashMap
ciInstanceKlass java/security/AccessController 1 1 295 10 7 12 1 1 1 10 7 12 1 1 1 10 7 12 1 1 1 10 12 1 1 10 12 1 1 10 7 12 1 1 1 10 12 1 1 10 12 1 10 12 1 1 10 12 1 100 1 8 1 10 12 1 10 12 1 10 12 1 1 10 12 1 7 1 7 1 10 12 1 1 10 12 1 10 12 1 10 12 1 1 10 7 12 1 1 1 10 12 1 1 9 100 12 1 1 1 10 7 12 1 1 1 10 12 1 10 12 1 9 100 12 1 1 1 10 12 1 10 12 1 1 9 12 1 1 10 100 1 10 11 7 12 1 1 1 10 7 12 1 1 11 7 1 100 1 10 12 1 10 12 1 10 12 1 8 1 10 12 1 1 8 1 10 100 12 1 1 1 8 1 7 1 10 10 12 1 1 10 12 1 10 7 12 1 1 1 10 12 1 8 1 10 7 12 1 1 8 1 8 1 10 12 1 8 1 10 12 1 10 12 1 1 10 12 1 1 1 1 1 1 1 1 1 1 1 1 1 1 1 1 1 1 1 1 1 1 1 1 1 1 1 1 100 1 1 1 1 1 1 1 1 1 1 1 1 1 1 1 1 1 1 1 1 1 1 1 1 1 1 1 1 1 1 1 1 1 1 100 1 100 1 1 1 1 1 1 1 1 1 3 1 1 1
staticfield java/security/AccessController $assertionsDisabled Z 1
ciInstanceKlass java/security/ProtectionDomain 1 1 348 10 7 12 1 1 1 9 7 12 1 1 1 7 1 10 9 12 1 1 9 12 1 1 9 12 1 1 10 7 12 1 1 7 1 9 12 1 9 12 1 1 7 1 9 12 1 1 9 12 1 10 100 12 1 1 10 100 12 1 1 1 10 12 1 1 10 12 1 9 12 1 9 100 12 1 1 10 12 1 1 10 100 1 10 12 1 1 8 1 7 1 8 1 10 12 1 10 11 10 7 12 1 1 1 10 12 1 1 8 1 11 8 1 10 12 1 8 1 8 1 10 12 1 1 10 12 1 10 12 1 1 10 12 1 8 1 10 12 1 8 1 8 1 10 7 12 1 1 1 9 100 12 1 1 1 10 12 1 1 9 100 12 1 1 1 10 7 12 1 1 1 100 1 18 12 1 1 10 7 12 1 1 1 10 7 1 10 12 1 10 12 1 1 11 100 12 1 1 11 12 1 100 1 11 7 12 1 1 1 10 12 1 10 11 12 1 1 11 12 1 1 10 12 1 10 7 12 1 1 10 100 12 1 1 11 12 1 10 12 10 12 1 8 1 8 1 10 7 12 1 1 1 7 1 10 10 7 12 1 1 1 1 1 1 1 1 1 1 7 1 1 7 1 1 1 1 1 1 1 1 1 1 1 1 1 1 1 1 1 1 1 1 1 1 1 1 1 1 1 1 1 1 1 1 1 1 1 1 1 1 1 1 1 1 1 1 7 1 1 1 1 1 1 100 1 1 16 15 10 12 16 15 10 100 12 1 1 1 1 1 1 1 100 1 100 1 1
staticfield java/security/ProtectionDomain filePermCompatInPD Z 0
ciInstanceKlass java/security/CodeSource 1 1 398 10 7 12 1 1 1 9 7 12 1 1 1 9 12 1 1 9 12 1 1 9 12 1 1 10 7 12 1 1 1 9 12 1 1 10 7 12 1 1 10 7 10 7 12 1 1 1 10 100 12 1 1 1 10 12 1 1 7 1 10 10 7 12 1 1 1 10 7 12 1 1 1 10 12 1 1 100 1 10 12 1 1 10 12 1 1 10 12 1 1 10 12 1 10 10 10 12 1 1 10 7 12 1 1 1 10 12 1 10 12 1 10 12 1 8 1 10 12 1 10 12 1 10 12 1 1 10 12 1 8 1 10 12 1 1 10 7 1 10 10 12 1 1 8 1 10 12 1 10 12 1 10 12 1 8 1 8 1 9 12 1 1 100 1 8 1 10 12 1 10 12 1 1 8 1 10 12 1 8 1 8 1 8 1 10 100 12 1 1 10 12 1 1 10 12 1 10 12 1 1 10 12 1 1 10 12 1 1 100 1 100 1 10 12 1 10 12 10 12 1 1 10 100 12 1 1 10 12 1 7 1 10 12 10 100 12 1 1 1 10 8 1 10 12 1 10 12 1 10 12 1 1 100 1 10 12 1 1 100 1 7 1 8 1 8 1 10 10 12 1 1 10 100 12 1 1 1 7 1 10 12 10 12 1 1 11 7 12 1 1 10 10 12 1 11 10 12 1 8 1 100 1 10 12 1 10 12 1 1 10 12 1 11 12 1 1 7 1 1 1 1 5 0 1 1 1 1 1 1 1 1 1 1 1 1 1 1 1 1 1 1 1 1 1 1 1 1 1 1 1 1 1 1 1 1 1 1 1 1 1 1 1 1 1 1 1 1 1 1 1 1 1 1 1 1 1 1 1 1 1 1 1 1 1 1 1 1 1 1 100 1 1 1 1 1 1 1
ciInstanceKlass java/lang/Boolean 1 1 152 10 7 12 1 1 1 9 7 12 1 1 1 10 12 1 1 10 12 1 8 1 10 7 12 1 1 9 12 1 1 9 12 1 10 12 1 1 10 12 1 1 10 12 1 1 10 7 12 1 1 1 100 1 100 1 10 12 1 1 9 100 12 1 1 9 12 10 100 12 1 1 1 10 12 1 1 8 1 10 7 12 1 1 1 9 12 1 1 7 1 7 1 7 1 1 1 1 1 1 5 0 1 1 1 1 1 1 1 1 1 1 3 1 1 1 1 1 1 1 1 1 1 1 1 1 1 1 1 1 1 7 1 1 1 1 1 1 1 1 1 1 100 1 1 1 1 1 1 1 1 1
staticfield java/lang/Boolean TRUE Ljava/lang/Boolean; java/lang/Boolean
staticfield java/lang/Boolean FALSE Ljava/lang/Boolean; java/lang/Boolean
staticfield java/lang/Boolean TYPE Ljava/lang/Class; java/lang/Class
ciInstanceKlass java/lang/Comparable 1 0 12 100 1 100 1 1 1 1 1 1 1 1
ciInstanceKlass java/lang/constant/Constable 1 0 11 100 1 100 1 1 1 1 1 1 1
ciInstanceKlass java/util/Map 1 1 263 11 7 12 1 1 1 11 12 1 1 10 7 12 1 1 11 12 1 1 11 7 12 1 1 1 11 100 12 1 1 1 11 12 1 1 7 1 11 12 1 11 12 1 100 1 100 1 10 12 1 1 11 100 12 1 1 1 11 100 12 1 1 1 11 12 1 11 12 1 10 12 1 1 11 12 1 11 7 12 1 9 7 12 1 1 1 100 1 10 12 7 1 7 1 10 12 1 7 1 10 7 1 11 12 1 11 12 1 1 11 12 1 1 7 1 11 12 1 1 1 1 1 1 1 1 1 1 1 1 1 1 1 1 1 1 1 1 1 1 1 1 1 1 1 1 1 1 1 1 1 1 1 1 1 1 1 1 1 1 1 1 1 1 1 1 1 1 1 1 1 1 1 1 1 1 1 1 1 1 1 1 1 1 1 1 1 1 1 1 1 1 1 1 1 1 1 1 1 1 1 1 1 1 1 1 1 1 1 1 1 1 1 1 1 1 1 1 1 1 1 1 1 1 1 1 1 1 1 1 1 1 1 1 1 1 1 1 1 1 1 1 1 1 100 1 1 1 1 1 1 1 1 1 1 1 1 1 1 1 1 1 1
ciInstanceKlass java/lang/Class 1 1 1687 10 7 12 1 1 1 9 7 12 1 1 1 9 12 1 1 10 12 1 1 8 1 10 12 1 8 1 8 1 10 12 1 1 10 7 12 1 1 1 10 12 1 7 1 10 10 12 1 10 12 1 1 10 12 1 1 10 12 1 1 10 7 12 1 1 10 12 1 10 12 1 10 12 1 8 1 10 12 1 8 1 10 12 1 8 1 8 1 10 12 1 1 10 7 12 1 1 1 18 12 1 1 11 7 12 1 1 1 8 1 8 1 8 1 10 7 12 1 1 1 11 12 1 1 8 1 10 12 1 10 11 100 12 1 1 1 11 7 12 1 1 1 11 8 1 18 8 1 10 12 1 10 7 12 1 1 10 12 1 1 10 7 12 1 1 1 10 12 1 1 10 12 1 1 10 7 12 1 1 1 10 12 9 100 12 1 1 1 10 7 12 1 1 1 10 12 1 10 7 12 1 1 1 10 12 1 1 18 12 1 1 10 7 12 1 1 1 10 7 12 1 10 12 1 1 10 7 1 7 1 10 12 1 1 9 12 1 1 7 1 8 1 10 12 1 10 12 1 1 10 12 1 1 10 7 12 1 1 1 7 1 10 12 1 7 1 7 1 10 10 12 1 1 10 12 1 1 100 1 10 7 12 1 1 1 10 12 1 1 10 12 1 1 9 12 1 1 10 12 1 10 12 1 1 9 12 1 1 9 12 1 1 10 12 1 1 10 7 1 10 12 1 10 12 1 10 12 1 1 10 9 12 1 10 12 1 8 1 10 12 1 1 10 12 1 1 10 12 1 10 12 1 1 10 12 1 1 10 12 1 1 9 7 12 1 1 1 10 7 12 1 1 10 12 10 12 1 10 12 1 10 12 1 10 12 1 9 100 12 1 1 1 9 12 1 10 12 1 10 100 12 1 1 1 10 12 1 1 10 7 12 1 1 10 12 1 10 12 1 1 10 100 12 1 1 1 10 12 1 10 12 1 1 10 12 1 10 12 1 10 12 1 1 10 7 1 10 10 10 12 1 1 10 12 1 1 10 12 10 10 12 1 1 7 1 8 1 10 10 12 1 1 10 12 1 100 1 11 12 1 10 100 12 1 1 10 12 1 10 12 1 10 100 12 1 1 10 10 12 1 1 8 1 10 12 1 10 12 1 1 8 1 10 12 1 9 12 1 10 12 1 10 12 1 10 12 1 10 12 7 1 9 12 1 10 12 1 9 12 1 10 12 1 10 12 1 10 12 1 10 10 12 1 10 12 1 10 7 12 1 1 10 12 1 10 12 1 10 12 1 1 10 12 1 10 12 1 10 12 1 100 1 10 12 1 10 12 1 1 10 12 1 1 10 12 1 1 10 12 1 1 10 12 1 1 10 12 1 1 7 1 10 10 12 1 1 10 12 1 1 10 12 1 1 10 10 12 1 10 12 1 1 10 12 1 1 10 12 1 1 10 12 1 1 7 1 10 10 12 11 7 12 1 1 10 12 1 10 12 1 10 7 12 1 1 1 10 12 1 1 10 10 12 1 1 7 1 10 10 12 1 1 10 7 12 1 1 1 100 1 7 1 10 12 1 1 10 12 1 10 10 12 1 1 10 12 1 10 12 1 10 12 1 10 100 12 1 1 1 11 7 12 1 1 10 12 1 10 12 1 9 12 1 10 12 1 1 10 12 1 9 100 12 1 1 1 9 12 1 10 100 12 1 1 1 10 12 1 10 12 1 10 100 12 1 1 1 10 12 1 10 12 10 12 1 1 100 1 10 8 1 10 12 1 11 11 12 1 1 11 7 12 1 1 11 12 1 8 1 10 12 1 10 12 1 1 9 12 1 9 12 1 1 10 7 12 1 1 9 12 1 10 12 1 1 10 10 12 1 10 7 12 1 1 1 10 7 12 1 1 10 7 12 1 1 9 12 1 1 10 12 1 9 12 1 10 12 1 10 12 1 1 9 12 1 1 9 12 1 10 12 1 10 12 1 1 9 12 1 100 1 10 10 12 1 1 7 1 10 12 1 1 100 11 7 1 9 12 1 1 9 12 1 7 1 10 12 1 9 12 1 1 9 12 1 10 12 1 10 12 1 1 9 12 1 7 1 10 10 12 1 1 10 10 12 1 10 12 10 10 12 1 9 12 1 10 12 1 1 10 7 12 1 1 1 10 12 1 1 10 12 1 8 10 7 8 1 18 8 1 8 1 10 12 1 9 12 1 9 12 1 1 10 12 1 7 1 7 1 10 12 1 9 12 1 1 7 1 10 10 12 1 10 7 1 9 12 1 8 1 10 12 1 7 1 10 12 1 10 12 1 1 100 1 7 1 9 12 1 100 1 8 1 10 10 7 12 1 1 1 10 12 11 7 12 1 1 1 10 12 1 10 12 1 1 10 8 1 8 1 10 12 1 1 9 7 12 1 1 11 12 7 1 11 7 12 1 1 9 12 1 10 100 12 1 1 1 10 7 12 1 1 10 12 1 1 9 12 1 9 10 12 1 1 10 12 1 1 10 12 1 1 10 12 1 1 10 12 1 1 11 12 1 100 1 11 12 1 10 100 12 1 1 1 10 12 1 11 12 1 10 100 12 1 1 1 10 12 1 10 100 12 1 1 1 11 12 1 11 12 1 1 10 12 1 10 12 1 1 9 12 1 1 9 100 12 1 1 10 12 1 10 100 12 1 1 1 10 12 1 1 10 12 1 10 12 1 10 12 1 10 7 12 1 1 1 10 12 1 8 1 10 12 1 10 12 1 10 12 1 100 1 10 12 10 100 12 1 1 1 11 100 12 1 1 1 10 12 1 1 10 12 1 18 12 1 1 11 12 1 1 18 11 12 1 18 12 1 11 12 1 10 12 1 1 10 12 1 10 12 1 10 12 1 10 12 1 10 12 10 12 1 8 1 10 12 1 7 1 9 12 1 1 7 1 7 1 7 1 7 1 1 1 3 1 3 1 3 1 1 1 1 1 1 1 5 0 1 1 1 1 1 1 1 1 1 1 1 1 1 1 1 1 1 1 1 1 1 1 1 1 100 1 1 1 1 1 1 1 100 1 1 1 1 1 7 1 1 1 1 1 1 1 1 1 1 1 1 1 1 1 1 1 1 1 1 1 1 1 1 1 1 1 1 1 1 1 1 1 1 1 1 1 1 1 1 1 1 100 1 1 1 1 1 1 1 1 1 1 1 1 1 1 1 1 1 1 1 1 1 1 1 1 1 1 1 1 1 1 1 100 1 1 1 1 1 1 1 1 1 1 1 1 1 1 1 1 1 1 1 1 3 1 1 1 1 1 1 1 1 1 1 1 1 1 1 1 1 1 1 1 1 1 1 1 1 1 1 1 1 1 1 1 1 1 1 1 7 1 7 1 1 1 1 1 1 1 7 1 1 1 1 1 1 1 1 1 1 1 1 1 1 1 1 1 1 1 1 1 1 1 1 1 1 1 1 1 1 1 1 1 1 1 1 1 1 1 1 1 1 1 1 1 1 1 1 1 1 1 1 1 1 1 1 1 1 1 1 1 1 1 1 1 1 1 1 1 1 1 1 1 1 1 1 1 1 1 1 1 1 1 1 1 1 1 1 1 1 1 1 1 1 1 1 1 1 1 1 1 1 1 1 1 1 1 1 1 1 1 1 1 1 1 1 1 1 1 1 1 1 1 1 16 15 10 12 16 15 11 12 16 1 16 15 16 15 10 12 16 16 15 10 12 16 15 16 1 15 10 12 16 15 10 7 12 1 1 1 1 1 1 1 1 1 1 1 1 1 7 1 1 100 1 100 1 1 100 1 100 1 1 100 1 100 1 1
staticfield java/lang/Class EMPTY_CLASS_ARRAY [Ljava/lang/Class; 0 [Ljava/lang/Class;
staticfield java/lang/Class serialPersistentFields [Ljava/io/ObjectStreamField; 0 [Ljava/io/ObjectStreamField;
ciInstanceKlass java/lang/reflect/AnnotatedElement 1 1 164 11 7 12 1 1 1 11 12 1 1 7 1 10 100 12 1 1 1 10 12 1 1 10 12 1 1 10 12 1 10 100 12 1 1 1 11 12 1 1 11 7 12 1 1 10 7 12 1 1 1 10 12 1 10 100 12 1 1 1 18 12 1 1 11 100 12 1 1 18 12 1 18 12 1 1 10 100 12 1 1 1 11 100 12 1 1 1 7 1 10 100 12 1 1 1 1 1 1 1 1 1 1 1 1 1 1 1 1 1 1 1 1 1 1 1 1 1 100 1 1 1 1 1 1 1 1 1 1 1 16 15 16 1 16 1 15 11 12 16 16 1 15 10 100 12 1 1 1 16 1 15 10 100 12 1 1 1 1 100 1 100 1 1
ciInstanceKlass java/lang/invoke/TypeDescriptor 1 0 17 100 1 100 1 1 1 1 1 1 100 1 100 1 1 1 1
ciInstanceKlass java/lang/reflect/GenericDeclaration 1 0 30 7 1 7 1 7 1 1 1 1 1 1 1 1 100 1 8 1 1 12 10 1 1 1 8 1 1 1 8 1
ciInstanceKlass java/lang/reflect/Type 1 1 17 11 100 12 1 1 1 100 1 1 1 1 1 1 1 1 1
ciInstanceKlass java/lang/invoke/TypeDescriptor$OfField 1 0 21 100 1 100 1 100 1 1 1 1 1 1 1 1 1 1 1 1 1 1 1
ciInstanceKlass java/lang/StringBuilder 1 1 422 10 7 12 1 1 1 10 12 1 10 12 1 10 12 1 1 10 7 12 1 1 1 10 7 12 1 1 1 10 12 1 10 12 1 10 12 1 10 12 1 10 12 1 10 12 1 10 12 1 10 12 1 10 12 1 10 12 1 10 12 1 10 12 1 10 12 1 10 12 1 1 10 12 1 10 12 1 1 10 12 1 1 10 12 1 10 12 1 10 12 1 10 12 1 10 12 1 10 12 1 10 12 1 10 12 10 12 1 10 12 1 10 12 1 10 12 1 1 10 12 1 10 12 1 10 12 10 12 1 1 10 12 1 10 12 1 10 12 1 10 100 12 1 1 1 9 12 1 1 10 12 1 10 12 1 1 10 12 1 1 9 12 1 1 10 100 12 1 1 1 10 100 1 10 12 1 1 10 100 12 1 1 10 12 1 10 12 1 1 100 1 100 1 8 1 10 10 12 1 1 10 12 1 10 12 1 10 12 1 1 10 12 1 10 12 1 10 12 1 10 12 1 10 12 1 10 12 10 12 1 10 12 1 10 12 1 10 12 1 10 12 1 10 12 1 10 12 1 10 12 1 10 12 1 1 10 12 1 1 10 12 1 10 12 1 10 12 1 10 12 10 12 10 12 1 10 12 1 10 12 1 10 12 10 12 1 10 12 1 10 12 1 10 12 1 10 12 1 10 12 1 10 12 1 10 12 1 10 12 1 1 10 12 1 10 12 1 1 10 12 1 10 12 1 1 10 12 1 10 12 1 1 10 12 1 10 12 1 10 12 1 10 10 12 1 10 12 1 7 1 7 1 7 1 7 1 1 1 1 5 0 1 1 1 1 1 1 1 1 1 1 1 1 1 1 1 1 1 1 1 1 1 1 1 1 1 1 1 1 1 1 1 1 1 1 1 1 1 1 1 1 1 1 1 1 7 1 1 1 7 1 1 1 1 1 1 1 1 1 1 1
instanceKlass java/lang/StringBuilder
instanceKlass java/lang/StringBuffer
ciInstanceKlass java/lang/AbstractStringBuilder 1 1 609 7 1 10 7 12 1 1 1 9 7 12 1 1 1 9 12 1 9 12 1 1 9 12 1 1 10 7 12 1 1 1 10 12 1 1 7 1 3 3 10 12 1 10 12 1 1 11 7 1 100 1 7 1 10 8 1 10 12 1 10 12 1 10 12 1 1 10 12 1 10 12 1 9 12 1 10 12 1 9 12 1 1 10 12 1 1 10 7 12 1 1 1 10 10 12 1 10 12 1 10 12 1 1 10 12 1 1 10 7 12 1 1 1 10 7 12 1 1 1 7 1 8 1 10 10 12 1 1 100 1 10 12 10 12 1 1 10 10 7 12 1 1 1 10 12 1 1 10 12 1 1 10 12 1 1 10 12 1 1 10 10 7 12 1 1 1 10 12 1 100 1 10 10 7 12 1 1 1 9 12 1 1 9 12 1 10 12 1 1 10 10 12 1 1 10 12 10 12 1 10 12 1 1 10 12 1 1 10 12 1 1 10 12 1 10 12 1 1 10 12 1 1 10 12 1 10 12 1 1 8 1 10 12 1 1 10 12 1 10 12 1 10 12 1 10 12 1 10 12 1 10 12 1 10 7 12 1 1 10 12 1 10 12 1 10 100 12 1 1 1 100 1 100 1 10 12 1 10 100 12 1 1 10 12 1 10 12 1 1 10 12 1 10 12 1 1 10 12 1 10 12 1 1 10 12 1 1 10 10 7 12 1 1 1 10 12 1 10 12 1 10 12 1 1 10 12 1 10 12 1 10 12 1 10 12 1 10 12 1 10 12 1 10 12 1 10 12 1 1 10 12 1 10 12 1 10 12 10 12 1 1 18 12 1 1 100 1 10 100 12 1 1 1 18 10 12 1 1 10 12 1 1 10 12 1 10 12 1 1 11 12 1 1 10 12 1 10 12 10 10 10 12 1 10 5 0 10 10 12 1 1 100 1 8 1 10 10 12 1 1 10 100 12 1 1 1 10 12 1 10 12 1 1 100 1 10 12 100 1 10 100 1 10 7 1 1 1 1 1 1 1 1 1 1 1 100 1 1 1 1 1 1 1 1 1 1 1 1 1 1 1 1 1 1 1 1 1 1 1 1 1 1 1 1 1 1 1 1 1 1 1 1 1 1 1 1 1 1 1 1 1 1 1 1 1 1 1 1 1 1 1 1 1 1 1 1 1 1 1 1 1 1 1 1 1 1 1 1 1 1 1 1 1 1 1 1 1 1 1 1 1 1 1 1 1 1 1 1 1 1 1 1 1 1 1 100 1 1 1 1 1 1 1 1 1 1 1 1 1 1 1 1 1 100 1 1 1 1 1 1 7 1 1 16 1 15 10 12 16 15 10 12 15 10 100 12 1 1 1 1 1 1 1 100 1 100 1 1
staticfield java/lang/AbstractStringBuilder EMPTYVALUE [B 0
ciInstanceKlass java/lang/Appendable 1 0 14 100 1 100 1 1 1 1 100 1 1 1 1 1
ciInstanceKlass java/lang/CharSequence 1 1 131 11 7 12 1 1 1 18 12 1 1 100 1 10 100 12 1 1 1 18 10 100 12 1 1 1 11 12 1 1 11 7 1 11 12 1 1 10 100 12 1 1 1 11 12 1 1 100 1 10 12 1 1 10 100 12 1 1 1 100 1 10 10 12 1 1 7 1 1 1 1 1 1 1 1 1 1 1 1 1 1 1 1 1 1 1 1 1 1 1 1 1 1 1 1 1 1 1 1 1 16 1 15 11 12 16 15 11 12 15 10 100 12 1 1 1 1 1 100 1 100 1 1 100 1 1 100 1 100 1 1
ciInstanceKlass java/lang/AutoCloseable 1 0 12 100 1 100 1 1 1 1 100 1 1 1
ciInstanceKlass java/io/Closeable 1 0 14 100 1 100 1 100 1 1 1 1 100 1 1 1
instanceKlass java/util/zip/DataFormatException
instanceKlass android/os/ZygoteStartFailedEx
instanceKlass java/util/concurrent/TimeoutException
instanceKlass android/system/ErrnoException
instanceKlass android/util/AndroidException
instanceKlass sun/nio/fs/WindowsException
instanceKlass org/robolectric/android/internal/AndroidTestEnvironment$UnExecutedRunnablesException
instanceKlass org/junit/runner/manipulation/InvalidOrderingException
instanceKlass org/robolectric/manifest/RoboNotFoundException
instanceKlass java/net/URISyntaxException
instanceKlass java/util/concurrent/ExecutionException
instanceKlass org/xml/sax/SAXException
instanceKlass javax/xml/parsers/ParserConfigurationException
instanceKlass org/junit/runners/model/InitializationError
instanceKlass org/junit/runner/manipulation/NoTestsRemainException
instanceKlass java/security/PrivilegedActionException
instanceKlass sun/security/pkcs11/wrapper/PKCS11Exception
instanceKlass java/security/GeneralSecurityException
instanceKlass java/lang/CloneNotSupportedException
instanceKlass java/lang/InterruptedException
instanceKlass java/io/IOException
instanceKlass java/lang/ReflectiveOperationException
instanceKlass java/lang/RuntimeException
ciInstanceKlass java/lang/Exception 1 1 40 10 7 12 1 1 1 10 12 1 10 12 1 10 12 1 10 12 1 100 1 1 1 1 5 0 1 1 1 1 1 1 1 1 1 1 1 1 1 1
instanceKlass org/junit/Test$None
instanceKlass java/lang/Exception
instanceKlass java/lang/Error
ciInstanceKlass java/lang/Throwable 1 1 404 10 7 12 1 1 1 9 7 12 1 1 1 9 12 1 1 9 12 1 9 12 1 1 9 12 1 10 12 1 1 9 12 1 1 10 12 1 1 10 12 1 100 1 7 1 10 8 1 10 12 1 1 8 1 10 100 12 1 1 10 10 12 1 100 1 8 1 10 10 12 1 1 10 7 12 1 1 10 12 1 8 1 9 7 12 1 1 1 10 12 1 1 100 1 10 12 10 12 1 10 100 12 1 1 1 100 1 10 12 10 12 1 10 12 1 100 1 10 10 7 12 1 1 1 11 100 12 1 1 1 10 12 1 1 10 12 1 1 8 1 10 12 1 10 12 1 1 8 1 8 1 10 12 1 1 10 12 1 8 1 8 1 9 12 1 1 10 12 1 1 100 1 10 11 12 1 8 1 8 1 10 7 12 1 1 8 1 10 12 1 8 1 100 1 10 12 1 9 12 1 1 10 12 1 10 100 12 1 9 12 1 1 10 12 1 1 100 1 8 1 10 12 1 10 100 12 1 1 10 12 1 1 7 1 10 100 12 1 1 1 10 12 1 11 7 12 1 1 1 11 7 12 1 1 11 12 1 8 1 10 12 1 1 8 1 10 10 9 100 12 1 1 1 8 1 10 12 1 1 11 10 100 1 8 1 10 11 12 1 1 8 1 9 12 1 10 100 12 1 1 11 9 12 1 1 11 12 1 1 100 10 12 1 10 12 1 1 7 1 1 1 1 5 0 1 1 1 1 1 1 1 1 1 1 1 1 1 7 1 1 1 1 1 1 1 1 1 1 1 1 1 1 1 1 1 1 1 1 1 1 1 1 1 1 1 1 1 1 1 1 1 1 1 1 1 1 1 1 1 1 1 1 100 1 7 1 1 1 1 1 1 1 1 1 1 1 1 1 1 1 1 1 1
staticfield java/lang/Throwable UNASSIGNED_STACK [Ljava/lang/StackTraceElement; 0 [Ljava/lang/StackTraceElement;
staticfield java/lang/Throwable SUPPRESSED_SENTINEL Ljava/util/List; java/util/Collections$EmptyList
staticfield java/lang/Throwable EMPTY_THROWABLE_ARRAY [Ljava/lang/Throwable; 0 [Ljava/lang/Throwable;
staticfield java/lang/Throwable $assertionsDisabled Z 1
instanceKlass java/security/Provider
ciInstanceKlass java/util/Properties 1 1 690 10 7 12 1 1 1 100 1 10 7 12 1 1 7 1 10 12 1 9 12 1 1 9 12 1 1 9 12 1 1 10 7 12 1 1 1 10 12 1 1 8 1 10 7 12 1 1 1 7 1 10 12 1 10 12 1 1 8 1 10 12 1 7 1 10 12 10 12 1 1 9 12 1 1 10 12 1 1 7 1 10 12 1 10 12 1 10 12 1 1 100 1 8 1 10 12 1 10 12 1 10 12 1 1 10 12 1 7 1 3 10 10 100 12 1 1 1 10 12 1 10 12 1 1 8 1 10 12 1 10 12 1 1 8 1 10 100 12 1 1 10 12 1 1 10 12 1 10 12 1 1 100 1 10 12 1 10 12 1 1 100 1 9 100 12 1 1 1 10 12 1 10 12 1 1 10 12 1 1 10 12 1 1 100 1 9 12 1 1 7 1 7 1 10 12 1 7 1 11 7 12 1 1 1 11 12 1 1 11 7 12 1 1 1 11 7 12 1 1 1 11 12 1 1 11 12 1 11 12 1 10 12 1 1 8 1 10 12 1 10 100 12 1 1 10 12 1 100 1 10 10 12 1 10 12 1 100 1 10 10 12 1 1 10 7 12 1 1 9 100 12 1 1 10 12 1 1 10 100 12 1 1 1 100 1 100 1 100 1 10 8 1 8 1 10 12 1 10 12 1 10 12 1 1 10 10 12 1 1 10 12 1 1 7 1 10 10 12 1 11 7 12 1 1 10 7 12 1 1 1 8 1 10 100 12 1 1 11 11 7 1 8 1 10 100 1 11 10 12 1 10 10 12 1 10 12 1 1 10 12 1 1 10 12 1 1 10 12 1 10 12 1 10 10 12 1 10 12 1 10 12 1 10 10 12 1 1 10 12 1 1 10 10 12 1 10 12 1 10 12 1 10 12 1 10 12 1 1 10 12 1 1 10 12 1 10 12 1 10 12 1 1 10 12 10 12 1 1 10 12 1 1 10 12 1 10 12 1 1 10 12 1 1 10 12 10 11 12 1 4 11 10 12 1 1 10 100 12 1 1 11 12 1 10 12 1 1 10 100 12 1 1 10 12 1 100 1 8 1 10 12 1 10 10 100 12 1 1 1 100 1 6 0 10 12 1 1 11 100 12 1 1 1 10 12 1 10 12 1 1 1 1 1 5 0 1 1 1 1 1 1 1 1 1 1 1 1 1 1 1 1 1 1 1 1 1 1 1 1 1 1 1 1 1 1 1 1 1 1 1 1 1 1 1 100 1 1 1 1 1 1 1 1 1 1 1 1 1 1 1 1 1 1 1 1 100 1 1 1 1 1 1 1 1 1 1 1 1 7 1 7 1 1 1 1 1 100 1 1 1 1 1 1 1 1 1 1 1 1 1 1 1 1 1 1 1 1 1 1 1 1 1 1 1 1 1 1 1 1 1 1 1 1 1 1 1 1 1 1 1 1 1 1 1 1 1 1 1 1 1 1 1 1 1 1 1 1 1 1 1 1 1 1 1 1 1 1 1 1 1 1 1 1 1 7 1 1 1 1 1 1 1 1 1 1 1 100 1 1
staticfield java/util/Properties UNSAFE Ljdk/internal/misc/Unsafe; jdk/internal/misc/Unsafe
instanceKlass java/util/Hashtable
ciInstanceKlass java/util/Dictionary 1 1 36 10 7 12 1 1 1 100 1 1 1 1 1 1 1 1 1 1 1 1 1 1 1 1 1 1 1 1 1 1 1 1 1 1 1 1
instanceKlass java/util/Properties
ciInstanceKlass java/util/Hashtable 1 1 516 7 1 10 7 12 1 1 1 9 7 12 1 1 1 100 1 7 1 10 8 1 10 12 1 1 10 12 1 10 12 1 1 10 12 1 10 7 12 1 1 1 8 1 10 12 1 9 12 1 1 7 1 9 12 1 1 4 10 7 12 1 1 1 9 12 1 4 10 12 1 11 7 12 1 1 1 10 12 1 1 10 12 1 1 9 12 1 10 12 1 1 100 1 10 9 12 1 1 10 7 12 1 1 1 9 12 1 1 10 12 1 10 12 1 3 9 12 1 9 12 1 3 10 12 1 10 12 1 10 12 1 1 11 12 1 1 11 100 12 1 1 1 11 7 12 1 1 1 11 12 1 100 1 11 12 1 11 12 1 10 12 1 1 10 12 1 1 10 12 1 9 12 1 1 9 12 9 12 1 1 10 100 1 7 1 10 12 1 10 8 1 10 10 12 1 8 1 10 8 1 10 100 12 1 1 1 7 1 10 12 1 10 12 1 100 1 10 12 1 10 12 1 1 100 1 10 100 1 10 10 12 1 1 11 12 1 1 11 12 1 7 1 10 10 10 100 12 1 1 11 100 12 1 1 1 100 1 10 11 100 12 1 1 11 100 12 1 10 12 1 10 12 1 1 10 100 12 1 1 10 12 1 1 10 12 1 1 10 12 1 1 10 100 12 1 1 1 8 10 100 12 1 1 100 1 8 1 10 4 4 10 12 1 1 10 12 1 8 1 4 10 12 10 100 12 1 1 1 100 1 11 100 12 1 1 1 10 100 12 1 1 1 10 12 1 10 12 1 1 10 7 1 7 1 1 1 1 1 1 5 0 1 1 1 1 1 3 1 3 1 3 1 1 1 1 1 1 1 1 1 1 1 1 1 1 1 1 1 1 1 1 1 1 1 1 1 100 1 1 1 1 1 1 1 1 1 1 1 1 1 1 1 1 1 1 1 1 1 1 1 1 1 1 1 1 1 7 1 1 1 1 1 1 1 1 1 1 1 1 1 1 7 1 1 1 1 1 1 1 1 1 1 1 1 1 1 1 1 1 1 1 1 1 1 1 1 1 1 1 1 1 1 1 1 1 1 1 1 1 1 1 1 1 1 1 1 100 1 1 1 7 1 1 1 1 1 7 1 1 1 1 1 1 1 1 1 1 1 1 1 1 1 1 1 1
ciInstanceKlass java/lang/String 1 1 1451 10 7 12 1 1 1 8 1 9 7 12 1 1 1 9 12 1 1 9 12 1 1 9 12 1 1 10 12 1 10 12 1 1 10 12 1 1 9 12 1 10 7 12 1 1 1 10 12 1 1 10 12 1 10 7 12 1 1 1 10 12 1 1 10 12 1 1 10 12 1 10 12 1 1 10 12 1 10 7 12 1 1 1 7 1 9 7 12 1 1 1 10 7 12 1 1 1 10 12 1 1 10 12 1 1 10 7 12 1 1 1 10 12 1 1 9 7 12 1 1 10 12 9 7 12 1 1 10 12 1 1 3 10 12 1 1 7 1 11 12 1 1 11 12 1 11 12 1 1 10 100 12 1 1 1 10 12 1 1 9 100 12 1 1 1 10 12 1 1 10 12 1 11 12 1 1 10 12 1 10 12 10 12 1 1 10 7 12 1 1 1 10 7 12 1 1 1 10 12 1 1 100 1 7 1 10 12 1 10 12 1 10 12 1 1 10 12 1 1 100 1 10 12 1 1 100 1 10 12 1 1 10 12 1 1 10 12 1 10 10 12 1 100 1 100 1 7 1 10 12 1 10 12 1 1 10 12 1 1 10 12 1 10 12 1 1 10 12 1 1 10 100 12 1 1 100 1 11 10 7 12 1 1 11 12 1 11 12 1 10 12 1 1 10 12 1 10 12 10 12 1 1 10 10 100 12 1 1 1 10 100 12 1 1 10 12 1 1 10 100 12 1 1 10 12 1 10 12 1 1 10 12 1 1 10 12 1 10 12 1 10 12 1 1 100 1 10 12 1 1 10 12 10 12 1 10 12 1 1 10 12 1 1 10 7 12 1 1 1 10 12 1 10 12 1 1 10 12 1 10 12 1 3 3 10 12 1 1 10 12 1 10 12 1 1 10 12 1 1 10 12 1 1 10 12 1 10 12 1 1 10 12 1 1 10 12 1 10 12 1 10 12 1 10 12 1 1 10 12 1 10 12 1 10 12 1 10 12 1 10 12 1 10 12 1 10 7 1 10 8 1 10 12 1 1 10 12 1 8 1 10 12 1 1 10 12 10 12 1 8 1 10 10 12 1 1 10 12 1 1 10 12 1 1 10 7 1 10 10 12 1 10 12 1 10 12 1 10 10 12 1 10 12 1 10 12 1 10 12 1 10 12 1 10 12 1 10 12 1 1 10 12 1 1 10 12 1 1 10 10 12 1 1 10 10 12 1 100 1 10 10 12 1 1 10 12 1 1 10 7 1 10 12 1 10 12 1 10 7 12 1 1 1 10 12 1 10 12 1 1 10 12 1 11 7 1 11 12 10 12 1 10 12 1 1 10 12 1 1 10 10 12 1 10 12 1 9 12 1 1 11 7 12 1 1 1 10 12 10 10 12 1 10 12 1 1 10 10 12 1 10 12 1 10 12 1 1 10 12 1 1 10 10 12 1 1 10 12 1 10 10 12 1 10 12 10 10 12 10 10 12 1 10 12 1 10 10 12 10 7 12 1 1 1 10 12 10 10 12 10 12 1 10 12 10 12 10 10 12 1 10 12 1 1 10 12 1 1 10 10 12 1 10 7 12 1 1 1 10 12 1 1 10 10 7 12 1 1 1 11 10 12 1 10 12 1 1 10 12 1 1 10 7 12 1 1 1 10 12 1 10 12 1 10 12 1 10 12 1 10 12 1 10 12 1 100 1 7 1 8 1 10 10 10 12 1 10 12 1 1 8 1 10 12 1 3 3 10 12 1 10 12 1 1 10 12 7 1 10 10 12 1 1 10 12 1 10 12 1 10 12 1 1 10 12 1 1 11 7 12 1 1 1 7 1 10 12 1 10 12 1 1 8 1 10 12 1 1 10 12 1 11 7 12 1 1 1 11 7 12 1 1 11 12 1 10 12 1 10 12 1 1 10 10 7 12 1 1 1 10 12 1 10 12 1 10 10 12 10 12 1 1 10 10 12 1 10 10 12 1 10 10 12 1 10 10 12 1 10 12 1 1 10 10 12 1 8 1 10 12 1 1 18 12 1 1 11 100 12 1 1 1 7 1 3 18 12 1 18 12 1 8 1 10 100 12 1 1 1 11 12 1 1 10 12 10 10 12 1 10 11 12 1 1 10 12 1 1 11 12 1 18 3 11 10 12 1 11 11 10 12 1 10 12 1 1 8 1 10 12 1 10 12 1 10 12 1 1 10 10 12 1 11 100 12 1 100 1 100 1 10 12 100 1 10 10 100 12 1 1 1 100 1 10 7 1 10 10 12 1 10 10 12 1 8 1 10 10 12 1 8 1 8 1 10 12 1 10 12 1 10 10 12 10 7 12 1 1 10 7 12 1 1 10 7 12 1 1 8 1 10 12 1 10 12 1 10 9 12 1 10 12 9 7 12 1 1 1 10 12 1 10 12 1 10 12 1 10 12 10 12 1 10 12 1 8 1 10 100 12 1 1 1 10 12 10 12 1 1 10 12 10 10 12 10 12 7 1 9 12 1 1 7 1 10 7 1 7 1 7 1 7 1 1 1 1 1 1 5 0 1 1 1 1 1 3 1 3 1 1 1 1 1 1 1 1 1 1 1 1 1 1 1 100 1 1 1 1 1 1 1 1 1 1 1 1 1 1 1 1 1 1 1 1 1 1 1 1 1 1 1 1 1 1 1 100 1 1 1 1 1 1 1 1 1 1 1 1 7 1 1 1 1 1 1 1 1 1 1 1 1 1 1 1 1 1 1 1 1 1 1 1 1 1 1 1 1 1 1 1 1 1 1 1 1 1 1 1 1 1 1 1 1 1 1 1 1 1 1 1 1 1 1 1 1 1 1 1 1 1 1 1 1 1 1 1 1 1 1 1 1 1 1 1 1 1 1 1 1 1 1 1 1 1 1 1 1 1 1 1 1 1 1 1 1 1 1 1 1 1 1 1 1 1 1 1 1 1 1 1 1 1 1 1 1 1 1 1 1 1 1 1 1 1 1 1 1 1 1 1 1 1 1 1 1 1 1 1 1 1 1 1 1 1 1 1 1 1 1 1 1 1 1 1 1 1 1 1 1 1 1 1 1 1 1 1 1 1 1 1 1 1 1 100 1 1 1 1 1 1 1 1 1 1 1 1 1 1 1 1 1 1 1 1 1 1 1 100 1 1 1 1 1 1 1 1 1 1 1 1 1 1 1 7 1 1 1 1 1 1 1 1 1 1 1 1 1 1 1 16 15 10 12 16 15 10 12 15 10 12 15 10 12 15 10 100 12 1 1 1 1 1 1 1 100 1 100 1 1 1
staticfield java/lang/String COMPACT_STRINGS Z 1
staticfield java/lang/String serialPersistentFields [Ljava/io/ObjectStreamField; 0 [Ljava/io/ObjectStreamField;
staticfield java/lang/String CASE_INSENSITIVE_ORDER Ljava/util/Comparator; java/lang/String$CaseInsensitiveComparator
ciInstanceKlass java/lang/constant/ConstantDesc 1 0 37 100 1 100 1 1 1 1 100 1 1 1 1 100 1 100 1 100 1 100 1 100 1 100 1 100 1 100 1 100 1 1 100 1 100 1 1
ciInstanceKlass java/lang/InternalError 0 0 34 10 100 12 1 1 1 10 12 1 10 12 1 10 12 1 100 1 1 1 1 5 0 1 1 1 1 1 1 1 1 1 1 1
instanceKlass kotlin/NotImplementedError
instanceKlass java/lang/AssertionError
instanceKlass java/util/ServiceConfigurationError
instanceKlass java/lang/VirtualMachineError
instanceKlass java/lang/LinkageError
ciInstanceKlass java/lang/Error 1 1 40 10 7 12 1 1 1 10 12 1 10 12 1 10 12 1 10 12 1 100 1 1 1 1 5 0 1 1 1 1 1 1 1 1 1 1 1 1 1 1
instanceKlass java/lang/StackOverflowError
instanceKlass java/lang/OutOfMemoryError
instanceKlass java/lang/InternalError
ciInstanceKlass java/lang/VirtualMachineError 1 1 34 10 7 12 1 1 1 10 12 1 10 12 1 10 12 1 100 1 1 1 1 5 0 1 1 1 1 1 1 1 1 1 1 1
ciInstanceKlass java/util/Iterator 1 1 53 100 1 8 1 10 12 1 1 10 7 12 1 1 1 11 7 12 1 1 1 11 12 1 1 11 7 12 1 1 1 7 1 1 1 1 1 1 1 1 1 1 1 1 1 1 1 1 1 1 1 1 1
instanceKlass jdk/nio/zipfs/ZipFileSystem$EntryInputStream
instanceKlass java/util/jar/JarVerifier$VerifierStream
instanceKlass com/sun/org/apache/xerces/internal/impl/XMLEntityManager$RewindableInputStream
instanceKlass sun/nio/ch/ChannelInputStream
instanceKlass com/esotericsoftware/kryo/io/Input
instanceKlass org/gradle/internal/serialize/kryo/KryoBackedDecoder$1
instanceKlass org/gradle/internal/remote/internal/inet/SocketConnection$SocketInputStream
instanceKlass java/io/ObjectInputStream$PeekInputStream
instanceKlass java/io/ObjectInputStream$BlockDataInputStream
instanceKlass org/gradle/internal/serialize/AbstractDecoder$DecoderStream
instanceKlass java/io/ObjectInputStream
instanceKlass worker/org/gradle/internal/stream/EncodedStream$EncodedInput
instanceKlass java/util/zip/ZipFile$ZipFileInputStream
instanceKlass java/io/FilterInputStream
instanceKlass java/io/FileInputStream
instanceKlass java/io/ByteArrayInputStream
ciInstanceKlass java/io/InputStream 1 1 195 7 1 10 7 12 1 1 1 100 1 10 10 7 12 1 1 1 10 7 12 1 1 1 10 12 1 100 1 3 10 12 1 1 100 1 8 1 10 12 1 10 7 12 1 1 1 3 7 1 8 1 10 10 7 12 1 1 1 7 1 10 11 7 12 1 1 1 10 12 1 1 11 12 1 1 11 7 12 1 1 1 11 12 1 1 7 1 10 7 12 1 1 1 5 0 10 12 1 10 12 1 1 100 1 10 8 1 10 8 1 8 1 10 12 1 1 10 100 12 1 1 1 7 1 5 0 10 12 1 100 1 7 1 1 1 1 3 1 3 1 1 1 1 1 1 1 1 1 1 1 1 1 1 1 1 1 1 1 1 1 1 1 1 1 1 1 1 1 1 1 1 1 1 1 1 1 1 1 1 1 1 1 1 1 1 1 1 1 1 1 1 1 1 1
ciInstanceKlass jdk/internal/misc/Unsafe 1 1 1287 10 7 12 1 1 1 9 7 12 1 1 1 9 12 1 1 10 12 1 1 10 7 12 1 1 1 10 12 1 1 10 12 1 1 10 12 1 1 10 12 1 1 10 12 1 1 10 12 1 1 10 12 1 1 10 12 1 1 10 12 1 1 10 12 1 1 10 12 1 1 10 12 1 1 10 12 1 1 10 12 1 10 12 1 100 1 10 10 12 1 1 10 12 1 1 5 0 10 12 1 1 10 12 1 1 10 7 12 1 1 1 10 12 1 1 10 12 1 10 12 1 10 12 1 1 10 12 1 1 10 12 1 10 12 1 7 1 7 1 10 8 1 10 12 1 1 10 12 1 8 1 10 12 1 1 10 12 1 10 12 1 10 12 1 1 10 12 1 10 12 1 1 10 12 1 1 10 12 1 10 12 1 10 12 1 10 12 1 1 10 12 1 10 12 1 10 12 1 1 10 12 1 5 0 5 0 5 0 10 12 1 10 12 1 10 12 1 10 12 1 10 12 1 10 12 1 10 12 1 10 12 1 10 12 1 1 10 12 1 10 12 1 7 1 8 1 10 100 1 10 10 12 1 1 10 12 1 1 10 12 1 10 12 1 1 10 12 1 1 10 12 1 10 12 1 1 10 12 1 9 7 12 1 1 9 12 1 100 1 10 10 12 1 1 8 1 10 8 1 8 1 10 12 1 1 9 7 12 1 1 1 9 7 1 9 7 1 9 7 1 9 9 7 1 9 7 1 9 7 1 10 12 1 1 10 12 1 1 10 12 1 1 10 12 1 1 5 0 5 0 9 12 1 1 10 12 1 10 12 1 10 12 1 1 10 12 1 1 10 12 1 8 1 3 10 12 1 1 10 12 1 1 10 12 1 10 12 1 1 10 12 1 1 10 12 1 10 12 1 10 12 1 10 12 1 10 12 1 10 12 1 1 10 12 1 1 10 12 1 10 12 1 10 12 1 10 12 1 10 12 1 10 12 1 1 10 12 1 1 10 12 1 10 12 1 10 12 1 10 12 1 10 12 1 10 12 1 1 10 12 1 1 10 12 1 1 10 12 1 1 10 12 1 10 12 1 10 12 1 10 12 1 10 12 1 10 12 1 10 12 1 1 10 12 1 1 10 12 1 10 12 1 10 12 1 10 12 1 10 12 1 10 12 1 10 12 1 1 10 12 1 1 10 12 1 10 12 1 10 12 1 10 12 1 10 12 1 10 12 1 10 12 1 10 12 1 1 10 12 1 10 12 1 10 12 1 10 12 1 10 12 1 1 10 12 1 10 12 1 10 12 1 10 12 1 10 12 1 10 12 1 10 12 1 10 12 1 1 10 12 1 10 12 1 10 12 1 10 12 1 10 12 1 10 12 1 1 10 12 1 10 12 1 10 12 1 1 10 12 1 10 12 1 10 12 1 10 12 1 10 12 1 10 12 1 10 12 1 10 12 1 10 12 1 10 12 1 10 12 1 10 12 1 10 12 1 10 12 1 10 12 1 10 12 1 10 12 1 10 12 1 10 12 1 10 12 1 10 12 1 10 12 1 10 12 1 100 1 10 100 1 10 9 12 1 5 0 10 12 1 1 5 0 10 12 1 5 0 10 12 1 10 12 1 10 12 1 1 10 12 1 1 10 12 1 10 12 1 10 12 1 10 12 1 1 10 12 1 10 12 1 10 12 1 10 12 1 10 12 1 1 10 12 1 10 12 1 10 12 1 10 12 1 1 10 12 1 10 12 1 10 12 1 1 10 12 1 10 12 1 10 12 1 10 12 1 1 10 12 1 10 10 12 1 1 10 12 1 10 12 1 1 10 12 1 10 12 5 0 5 0 5 0 10 12 1 1 10 12 1 10 12 1 10 12 10 100 12 1 1 8 1 100 1 11 12 1 1 8 1 11 12 1 1 10 100 12 1 1 10 12 1 10 12 1 10 12 1 10 12 1 10 12 1 1 10 12 1 10 12 1 10 12 1 10 12 1 10 12 1 10 12 1 10 7 1 10 12 1 9 12 1 7 1 9 12 1 7 1 9 12 1 7 1 9 12 1 7 1 9 12 1 7 1 9 12 1 7 1 9 12 1 7 1 9 12 1 7 1 9 12 1 10 12 1 9 12 1 9 12 1 9 12 1 9 12 1 9 12 1 9 12 1 9 12 1 9 12 1 9 12 1 9 12 1 1 1 3 1 1 1 1 1 1 1 1 1 1 1 1 1 1 1 1 1 1 1 1 1 1 1 1 1 1 1 1 1 1 1 1 1 1 1 1 1 1 1 1 1 1 1 1 1 1 1 1 1 1 1 1 1 1 1 1 1 1 1 1 1 1 1 1 1 1 1 1 1 1 1 1 1 1 1 1 1 1 1 1 1 1 1 1 1 1 1 1 1 100 1 1 1 1 1 1 1 1 1 1 1 1 1 1 1 1 1 1 1 1 1 1 1 1 1 1 1 1 1 1 1 1 1 1 1 1 1 1 1 1 1 1 1 1 1 1 1 1 1 1 1 1 1 1 1 1 1 1 1 1 1 1 1 1 1 1 1 1 1 1 1 1 1 1 1 1 1 1 1 1 1 1 1 1 1 1 1 1 1 1 1 1 1 1 1 1 1 1 1 1 1 1 1 1 1 1 1 1 1 1 1 1 1 1 1 1 1 1 1 1 1 1 1 1 1 1 1 1 1 1 1 1 1 1 1 1 1 1 1 1 1 1 1 1 1 1 1 1 1 1 1 1 1 1 1 1 1 1 1 1 1 1 1 1 1 1 1 1 1 1 1 1 1 1 1 1 1 1 1 1 1 1 1 1 1 1 1 1 1 1 1 1 1 1 1 1 1 1 1 1 1 1 1 1 1 1 3 1 1 1 1 1 1 1 1 1 1 1 1 1 1 1 1 1 1 1 1 1
staticfield jdk/internal/misc/Unsafe theUnsafe Ljdk/internal/misc/Unsafe; jdk/internal/misc/Unsafe
staticfield jdk/internal/misc/Unsafe ARRAY_BOOLEAN_BASE_OFFSET I 16
staticfield jdk/internal/misc/Unsafe ARRAY_BYTE_BASE_OFFSET I 16
staticfield jdk/internal/misc/Unsafe ARRAY_SHORT_BASE_OFFSET I 16
staticfield jdk/internal/misc/Unsafe ARRAY_CHAR_BASE_OFFSET I 16
staticfield jdk/internal/misc/Unsafe ARRAY_INT_BASE_OFFSET I 16
staticfield jdk/internal/misc/Unsafe ARRAY_LONG_BASE_OFFSET I 16
staticfield jdk/internal/misc/Unsafe ARRAY_FLOAT_BASE_OFFSET I 16
staticfield jdk/internal/misc/Unsafe ARRAY_DOUBLE_BASE_OFFSET I 16
staticfield jdk/internal/misc/Unsafe ARRAY_OBJECT_BASE_OFFSET I 16
staticfield jdk/internal/misc/Unsafe ARRAY_BOOLEAN_INDEX_SCALE I 1
staticfield jdk/internal/misc/Unsafe ARRAY_BYTE_INDEX_SCALE I 1
staticfield jdk/internal/misc/Unsafe ARRAY_SHORT_INDEX_SCALE I 2
staticfield jdk/internal/misc/Unsafe ARRAY_CHAR_INDEX_SCALE I 2
staticfield jdk/internal/misc/Unsafe ARRAY_INT_INDEX_SCALE I 4
staticfield jdk/internal/misc/Unsafe ARRAY_LONG_INDEX_SCALE I 8
staticfield jdk/internal/misc/Unsafe ARRAY_FLOAT_INDEX_SCALE I 4
staticfield jdk/internal/misc/Unsafe ARRAY_DOUBLE_INDEX_SCALE I 8
staticfield jdk/internal/misc/Unsafe ARRAY_OBJECT_INDEX_SCALE I 4
staticfield jdk/internal/misc/Unsafe ADDRESS_SIZE I 8
instanceKlass org/gradle/internal/classloader/CachingClassLoader
instanceKlass org/gradle/internal/classloader/MultiParentClassLoader
instanceKlass worker/org/gradle/internal/classloader/FilteringClassLoader$RetrieveSystemPackagesClassLoader
instanceKlass worker/org/gradle/internal/classloader/FilteringClassLoader
instanceKlass jdk/internal/reflect/DelegatingClassLoader
instanceKlass java/security/SecureClassLoader
ciInstanceKlass java/lang/ClassLoader 1 1 1108 9 7 12 1 1 1 10 7 12 1 1 1 9 12 1 1 10 7 12 1 1 1 7 1 10 12 1 1 10 12 1 1 9 12 1 1 10 12 1 1 100 1 10 12 1 10 12 1 1 10 7 12 1 1 1 100 1 8 1 10 12 1 10 7 12 1 1 1 10 7 12 1 10 7 1 10 7 1 7 1 7 1 10 12 1 10 12 1 9 12 1 1 10 10 7 12 1 1 1 9 12 1 1 9 12 1 9 12 1 1 9 12 1 9 12 1 1 9 12 1 1 7 1 10 12 1 9 12 1 1 10 12 1 1 10 7 12 1 1 1 9 12 1 9 12 1 1 9 12 1 10 12 1 1 9 12 10 12 1 1 7 1 10 8 1 10 12 1 1 10 12 1 10 7 1 7 1 10 12 1 1 10 7 12 1 1 1 8 1 10 12 1 10 12 1 10 12 1 1 10 12 1 1 10 12 1 1 10 12 1 1 10 12 1 1 10 12 1 7 1 10 12 1 10 7 12 1 1 1 10 12 1 1 10 12 1 10 12 1 10 12 1 10 12 1 10 12 1 1 10 10 12 1 10 12 1 10 100 12 1 1 10 12 1 1 10 12 1 1 10 12 1 100 1 10 12 1 7 1 10 12 1 10 7 12 1 1 1 10 10 12 1 1 10 12 1 1 7 1 8 1 10 8 1 10 12 1 10 12 1 100 1 8 1 10 12 1 1 10 12 1 1 10 10 12 1 1 10 12 1 1 10 12 1 1 10 7 1 10 12 1 1 10 12 1 1 10 12 1 1 10 12 1 1 10 12 1 1 10 12 1 1 10 12 1 10 7 12 1 1 1 10 12 1 10 12 1 10 12 1 1 10 12 1 10 12 1 10 12 1 10 12 1 1 10 12 1 10 12 1 1 8 1 9 12 1 10 12 1 1 8 1 8 1 10 7 12 1 1 100 1 10 10 12 10 12 1 10 12 1 10 12 1 10 12 1 1 10 7 12 1 1 10 12 1 10 7 1 7 1 10 12 1 1 10 12 1 10 7 1 10 12 1 100 1 18 12 1 10 100 12 1 1 1 10 100 12 1 1 1 10 7 12 1 1 10 12 1 10 12 1 100 1 10 12 1 8 1 10 10 12 1 1 10 12 1 10 12 1 1 100 1 10 12 1 10 12 1 1 10 7 12 1 1 10 12 1 8 1 100 1 10 10 12 1 9 12 1 10 7 12 1 1 10 12 1 7 1 8 1 10 12 1 10 8 1 8 1 10 12 1 1 10 12 1 1 10 12 1 1 10 7 12 1 1 7 1 100 1 10 12 1 1 7 1 7 1 10 7 12 1 1 10 12 1 10 12 1 1 10 12 1 10 12 1 1 10 12 1 1 9 100 12 1 1 1 10 12 1 1 10 12 1 10 12 1 10 12 1 1 10 12 1 8 1 7 1 18 12 1 1 10 12 1 1 10 12 1 10 12 1 10 12 1 8 1 10 12 1 10 12 1 18 12 1 11 7 12 1 1 1 7 1 10 12 1 1 10 12 1 10 11 12 1 1 10 18 10 12 1 1 11 7 12 1 18 12 1 11 12 1 1 10 12 10 12 1 1 10 12 1 1 100 1 8 1 10 10 12 1 8 1 8 1 10 100 12 1 1 10 12 1 100 1 10 10 12 1 8 1 8 1 8 1 10 12 1 10 12 1 1 10 12 1 10 7 12 1 1 1 11 7 12 1 1 100 1 10 11 10 12 1 10 12 1 10 12 1 1 9 7 12 1 1 9 12 1 1 9 12 9 12 1 9 12 1 9 12 1 8 10 12 1 1 10 7 12 1 1 1 10 12 1 1 10 12 1 1 10 12 1 10 10 12 1 11 12 1 1 10 100 12 1 1 1 100 1 10 12 1 10 12 1 10 12 1 1 1 1 1 1 1 1 1 1 1 1 1 1 1 1 1 1 1 1 1 1 1 1 1 1 1 1 100 1 1 1 1 1 1 1 1 1 1 1 1 1 1 1 1 1 1 1 1 1 100 1 1 1 1 1 1 1 1 1 1 100 1 1 1 1 1 1 1 1 1 1 1 1 1 1 1 1 1 1 1 1 1 1 1 1 1 1 1 1 1 1 1 1 1 1 1 1 1 1 1 1 1 100 1 1 1 1 1 1 1 1 1 1 1 1 1 1 1 1 1 1 1 7 1 1 1 1 1 1 1 1 1 1 1 1 1 1 1 1 1 1 1 1 1 1 1 1 1 1 1 1 1 1 1 1 1 1 1 1 1 1 1 1 1 1 1 1 1 1 1 1 1 1 100 1 1 1 1 1 1 1 1 1 1 1 1 1 1 1 1 1 1 1 1 1 1 1 1 1 1 1 1 1 1 1 1 1 1 1 1 1 1 1 1 1 1 1 1 1 1 16 1 15 10 12 16 1 16 15 10 12 16 1 16 1 15 10 12 16 15 10 12 16 15 10 12 16 15 10 7 12 1 1 1 1 1 100 1 100 1 1
staticfield java/lang/ClassLoader nocerts [Ljava/security/cert/Certificate; 0 [Ljava/security/cert/Certificate;
staticfield java/lang/ClassLoader $assertionsDisabled Z 1
ciInstanceKlass java/lang/reflect/Constructor 1 1 439 10 7 12 1 1 1 10 7 12 1 1 9 7 12 1 1 1 10 12 1 1 10 12 1 1 10 7 12 1 1 9 12 1 1 10 7 12 1 1 1 9 12 1 1 9 12 1 1 9 12 1 9 12 1 1 9 12 1 9 12 1 1 9 12 1 1 9 12 1 7 1 8 1 10 12 1 10 12 1 9 12 1 1 10 7 12 1 1 10 7 12 1 1 1 10 12 1 1 10 12 1 1 10 12 1 7 1 100 1 8 1 10 10 12 1 10 12 1 10 12 1 1 10 12 1 1 9 100 12 1 1 1 10 7 12 1 1 10 12 1 1 10 12 1 10 12 1 1 10 7 12 1 1 1 10 100 12 1 1 10 12 1 1 10 12 1 10 7 12 1 1 1 8 1 10 10 12 1 100 1 8 1 10 12 1 10 12 1 1 10 12 1 1 10 12 1 10 12 1 10 12 1 1 10 12 1 1 9 12 1 1 10 12 1 1 10 12 1 1 10 12 1 1 11 7 12 1 1 1 10 12 1 1 10 12 1 10 12 1 10 12 1 8 1 9 12 1 1 10 7 12 1 1 1 10 7 12 1 1 10 12 1 1 10 12 1 1 10 12 1 1 10 12 1 1 10 12 1 9 7 12 1 1 10 12 1 10 12 1 10 12 1 100 1 8 1 10 10 12 1 1 10 12 1 10 10 12 1 1 10 12 1 1 10 100 12 1 1 1 11 100 12 1 1 1 10 12 1 1 9 100 12 1 1 1 10 100 12 1 1 1 10 12 1 1 1 1 1 1 1 1 1 1 1 1 1 1 1 1 1 1 1 1 1 1 1 1 1 1 1 1 1 1 1 1 1 1 1 1 1 1 1 1 1 1 1 1 1 1 1 1 1 1 1 1 100 1 7 1 7 1 7 1 1 1 1 1 1 1 1 1 1 1 1 1 1 1 1 1 1 1 1 1 1 1 1 1 1 1 1 1 1 1 1 1 100 1 1
instanceKlass java/lang/reflect/Executable
instanceKlass java/lang/reflect/Field
ciInstanceKlass java/lang/reflect/AccessibleObject 1 1 400 10 7 12 1 1 1 9 100 12 1 1 1 10 7 12 1 1 1 10 7 12 1 1 10 7 12 1 1 1 10 100 12 1 1 1 10 12 1 1 10 12 1 1 9 12 1 1 7 1 10 7 12 1 1 1 11 12 1 7 1 10 12 1 7 1 100 1 10 12 1 10 12 1 1 10 12 1 1 10 12 1 1 10 12 1 1 7 1 10 7 12 1 1 1 10 12 1 1 11 10 7 12 1 1 1 10 12 1 1 10 12 1 10 12 1 10 12 1 1 10 12 1 8 1 7 1 7 1 10 10 12 1 1 8 1 10 12 1 10 12 1 8 1 8 1 8 1 8 1 8 1 8 1 8 1 8 1 8 1 100 1 10 12 1 10 12 1 9 12 1 1 10 12 1 1 10 12 1 10 7 1 100 1 8 1 10 8 1 10 12 1 8 1 10 12 1 10 12 1 1 10 100 1 8 1 10 11 7 12 1 1 1 10 12 1 1 10 12 1 1 10 12 1 1 9 12 1 1 100 1 10 12 1 7 1 10 12 1 10 12 1 1 10 100 1 10 12 1 10 12 10 12 1 10 12 1 10 12 1 1 10 12 1 9 12 1 10 100 12 1 1 8 1 10 100 12 1 1 1 8 1 10 7 12 1 1 1 9 12 1 7 1 10 7 1 10 10 7 12 1 1 1 7 1 10 10 7 12 1 1 1 7 1 9 12 1 1 1 1 1 1 1 1 1 1 1 1 1 1 1 1 1 1 1 1 1 1 1 1 1 1 1 1 1 1 1 1 1 1 1 1 1 1 1 1 1 1 1 1 1 1 1 1 1 1 1 1 1 1 1 1 1 1 1 1 1 1 1 1 1 1 1 1 1 1 1 1 1 1 1 1 1 1 1 1 1 1 1 1
staticfield java/lang/reflect/AccessibleObject reflectionFactory Ljdk/internal/reflect/ReflectionFactory; jdk/internal/reflect/ReflectionFactory
instanceKlass java/lang/reflect/Constructor
instanceKlass java/lang/reflect/Method
ciInstanceKlass java/lang/reflect/Executable 1 1 581 10 7 12 1 1 1 10 7 12 1 1 1 10 7 12 1 1 1 11 7 12 1 1 1 10 7 12 1 1 1 10 12 1 1 10 7 12 1 1 1 10 7 12 1 1 1 10 12 1 8 1 10 10 12 1 1 10 12 1 1 10 7 12 1 1 1 18 12 1 1 11 7 12 1 1 1 8 1 8 1 8 1 10 7 12 1 1 1 11 12 1 1 7 1 8 1 8 1 10 12 1 7 1 8 1 10 12 1 8 1 11 100 12 1 1 1 7 1 11 7 12 1 1 1 11 12 1 8 1 18 8 1 10 12 1 10 12 1 1 18 8 1 10 12 1 100 1 10 12 1 10 12 1 11 12 1 10 12 1 1 8 1 8 1 10 12 1 1 10 12 1 1 10 10 12 1 9 100 12 1 1 1 10 100 12 1 1 1 10 12 1 10 12 1 1 10 7 12 1 1 10 12 1 10 12 1 10 12 1 10 7 12 1 1 7 1 10 100 12 1 1 1 10 12 1 1 10 7 12 1 1 10 12 1 10 12 1 1 9 7 12 1 1 1 10 7 10 12 1 8 1 10 12 1 10 12 1 3 100 1 8 1 10 12 1 10 12 1 10 10 12 1 10 12 1 1 8 1 8 1 8 1 9 12 1 1 9 12 1 10 12 1 100 1 8 1 10 12 1 10 12 1 10 12 1 1 10 12 1 1 10 12 1 10 12 10 12 1 7 1 10 12 1 10 12 1 1 100 1 10 7 12 1 1 1 7 1 10 7 12 1 1 1 10 12 1 1 11 7 12 1 1 10 12 1 10 100 12 1 1 1 10 12 1 1 9 12 1 10 12 1 1 10 12 1 10 12 1 1 9 7 12 1 1 1 10 7 12 1 1 1 10 12 1 10 12 1 1 9 12 1 10 10 10 10 100 12 1 1 1 10 12 1 9 12 1 10 12 1 1 9 12 1 7 1 7 1 1 1 1 1 1 1 1 1 1 1 1 1 1 1 1 1 1 1 1 1 1 1 1 1 1 1 1 1 1 1 1 1 1 1 1 100 1 1 1 1 1 1 1 1 1 1 1 1 1 1 1 1 1 1 1 100 1 1 1 1 1 1 1 1 1 1 1 1 1 1 1 1 1 1 1 1 1 1 1 1 1 1 1 1 1 1 1 1 1 1 1 1 1 1 1 1 1 1 1 7 1 1 1 1 1 1 1 1 1 1 1 1 1 1 1 1 1 1 1 1 1 1 7 1 1 16 15 16 1 16 1 15 10 12 16 15 10 7 12 1 1 1 1 1 1 100 1 1 100 1 100 1 1
ciInstanceKlass java/lang/reflect/Member 1 1 37 100 1 10 12 1 1 100 1 100 1 1 1 1 3 1 3 1 1 1 1 1 1 1 1 1 1 1 1 1 1 1 1 1 1 1 1
instanceKlass java/util/logging/LogManager$Cleaner
instanceKlass jdk/internal/misc/InnocuousThread
instanceKlass java/util/concurrent/ForkJoinWorkerThread
instanceKlass java/lang/ref/Finalizer$FinalizerThread
instanceKlass java/lang/ref/Reference$ReferenceHandler
instanceKlass java/lang/BaseVirtualThread
ciInstanceKlass java/lang/Thread 1 1 870 10 7 12 1 1 1 9 12 1 1 10 7 12 1 1 10 12 1 10 100 12 1 1 100 1 8 1 10 12 1 1 9 12 1 9 12 1 1 9 12 1 1 7 1 10 12 1 1 10 12 1 10 100 12 1 1 1 10 12 9 12 1 1 10 12 1 7 1 10 12 1 100 1 8 1 10 9 100 12 1 1 1 10 12 1 1 10 12 1 1 10 12 1 1 10 12 1 10 12 1 1 3 8 1 7 1 5 0 10 7 12 1 1 1 9 12 1 10 12 1 1 10 7 12 1 1 1 10 7 12 1 1 1 10 12 1 1 10 12 1 1 9 12 1 1 10 7 1 8 1 10 7 1 10 12 1 9 12 1 1 10 7 12 1 1 1 10 10 12 1 1 9 100 12 1 1 1 10 12 1 1 10 12 1 1 10 7 12 1 1 10 12 1 10 12 1 10 7 12 1 1 9 12 1 10 7 12 1 1 1 10 12 1 1 9 12 1 1 9 12 1 1 10 7 12 1 1 1 9 12 1 1 10 100 12 1 1 10 100 12 1 1 1 10 12 1 10 12 1 10 7 12 1 1 9 12 1 8 1 9 7 12 1 1 9 12 1 1 5 0 100 1 10 100 1 10 100 1 10 7 1 10 8 1 10 12 1 1 10 7 12 1 10 12 1 10 12 1 100 1 8 1 10 10 12 1 10 12 1 1 10 100 12 1 1 1 10 100 12 1 1 1 10 12 1 7 1 9 12 1 1 100 1 10 10 12 1 9 12 1 1 10 12 1 1 10 12 1 1 10 12 1 10 12 1 9 12 1 1 10 10 12 1 1 10 12 1 1 11 7 12 1 1 10 7 12 1 1 9 12 1 9 12 1 1 9 12 1 1 10 100 12 1 1 10 12 1 1 9 7 12 1 1 1 10 7 12 1 1 10 12 1 10 12 1 100 1 10 10 12 9 12 1 1 10 12 1 11 100 12 1 1 10 12 1 10 12 1 10 12 1 9 12 1 10 10 12 1 10 12 1 1 9 12 1 9 12 10 12 1 8 1 10 12 1 10 12 1 10 12 1 10 12 1 10 12 1 1 10 12 1 10 12 1 1 10 12 1 10 12 1 10 12 1 10 12 1 10 12 1 1 9 7 12 1 1 1 8 1 10 9 12 1 10 12 1 7 1 8 1 10 10 12 1 8 1 10 12 1 1 9 12 10 12 8 1 10 10 12 1 10 12 1 8 1 10 12 1 10 8 1 10 100 12 1 1 10 12 1 1 100 1 8 1 10 9 12 1 9 12 1 1 10 12 1 1 10 10 12 1 10 12 1 100 10 7 12 1 1 1 9 12 1 10 12 1 1 10 12 1 1 10 100 12 1 1 1 11 7 12 1 1 1 9 100 12 1 1 1 10 100 12 1 1 1 7 1 10 12 1 100 1 10 12 1 10 12 1 1 10 12 1 1 8 1 9 12 1 10 12 1 10 12 1 1 11 7 12 1 1 1 10 12 1 1 1 1 3 1 3 1 3 1 3 1 1 1 1 1 1 1 1 1 1 1 1 1 1 1 1 1 1 1 1 1 7 1 1 1 1 1 1 1 1 1 1 1 1 1 1 1 1 1 1 1 1 1 1 100 1 1 1 1 1 1 1 1 1 1 1 1 1 1 1 1 7 1 7 1 1 1 1 1 1 1 1 1 1 1 1 1 1 1 1 1 1 1 1 1 1 1 1 1 1 1 1 1 1 1 1 1 1 1 1 1 1 1 1 1 1 1 1 1 1 1 1 1 1 1 1 1 1 1 1 1 1 1 1 1 1 1 1 1 1 1 1 1 1 1 1 1 1 1 1 100 100 1 1 1 1 1 1 1 1 1 1 1 1 1 1 1 1 1 1 1 1 1 1 1 1 1 1 100 1 100 1 100 1 100 1 100 1 1 100 1 1 1 1 1 1 1 1 1 1 1 1 1 1 1
staticfield java/lang/Thread NEW_THREAD_BINDINGS Ljava/lang/Object; java/lang/Class
staticfield java/lang/Thread EMPTY_STACK_TRACE [Ljava/lang/StackTraceElement; 0 [Ljava/lang/StackTraceElement;
ciInstanceKlass java/lang/Runnable 1 0 11 100 1 100 1 1 1 1 1 1 1
ciInstanceKlass java/net/URL 1 1 771 10 7 12 1 1 1 10 12 1 10 7 12 1 1 9 12 1 1 9 12 1 10 7 12 1 1 1 10 12 1 1 10 12 1 1 9 12 1 1 10 7 12 1 1 1 8 1 10 12 1 1 7 1 10 10 12 1 1 8 1 10 12 1 1 9 12 1 100 1 8 1 10 12 1 10 12 1 8 1 9 12 1 10 12 1 1 9 12 1 10 12 1 10 12 1 9 12 1 9 12 1 8 1 9 12 1 10 12 1 1 8 1 9 12 1 1 10 12 1 1 10 7 12 1 1 1 8 1 10 12 1 7 1 10 12 1 10 12 1 10 12 1 10 12 1 1 10 12 1 1 8 1 10 12 1 1 10 12 1 8 1 9 12 1 8 1 10 12 1 10 7 12 1 1 1 7 1 10 12 1 10 12 1 1 10 7 12 1 1 1 100 1 8 1 10 10 12 1 8 1 10 12 1 1 10 12 1 10 12 1 10 12 1 10 12 1 10 12 1 10 12 1 8 1 10 12 1 8 1 10 10 100 1 10 10 12 1 8 1 10 7 12 1 1 1 10 12 1 9 100 12 1 1 1 10 7 12 1 1 1 9 12 1 1 10 12 1 10 100 12 1 1 1 100 1 100 1 10 12 1 10 12 1 10 12 1 10 12 1 10 12 1 10 12 10 10 12 1 10 12 1 10 12 1 1 8 1 9 100 12 1 1 1 10 100 12 1 1 1 10 12 1 1 9 100 12 1 1 1 10 12 1 1 100 1 10 12 1 10 12 1 10 10 12 1 1 10 12 1 1 10 12 1 10 12 1 10 12 1 10 7 12 1 1 1 10 12 1 1 10 12 1 9 12 1 1 9 12 1 1 7 1 8 1 10 10 12 1 9 12 1 1 10 7 12 1 1 8 1 10 7 12 1 1 8 1 10 12 1 1 10 12 1 8 1 8 1 10 7 12 1 1 1 7 1 10 7 12 1 1 1 10 12 1 10 12 1 100 1 10 9 100 12 1 1 1 10 100 12 1 1 10 12 1 1 10 12 1 8 1 100 1 10 10 7 12 1 1 1 10 12 1 8 9 100 12 1 1 1 10 12 1 1 10 12 1 10 12 1 1 10 7 12 1 1 11 7 12 1 1 10 12 1 10 12 1 9 12 1 10 12 1 1 10 100 12 1 1 10 100 12 1 1 1 8 10 100 12 1 1 100 1 10 8 8 10 12 1 8 8 8 100 1 10 12 1 9 12 1 1 10 12 1 10 12 1 1 10 12 1 10 12 10 12 1 1 10 12 1 1 10 10 10 12 1 10 12 1 10 12 1 10 12 1 10 12 1 10 10 12 1 100 1 8 1 10 10 10 12 1 1 10 12 1 10 12 1 1 8 1 7 1 10 10 7 1 10 12 1 9 7 12 1 1 1 9 12 1 1 7 1 10 10 7 12 1 1 1 7 1 1 1 1 1 5 0 1 1 1 1 1 1 1 1 1 1 1 1 1 1 1 1 1 1 1 1 1 1 1 1 1 1 1 1 1 1 1 1 1 1 1 1 1 1 1 1 1 1 1 1 1 1 1 1 7 1 1 1 1 1 1 1 1 1 1 1 1 1 1 1 1 1 1 1 1 1 1 1 1 1 1 1 1 1 1 1 1 1 1 1 1 1 100 1 1 1 1 1 1 1 1 1 1 1 1 1 1 1 1 1 100 1 1 1 1 1 1 1 1 1 1 1 1 1 1 1 1 1 1 1
staticfield java/net/URL defaultFactory Ljava/net/URLStreamHandlerFactory; java/net/URL$DefaultFactory
staticfield java/net/URL streamHandlerLock Ljava/lang/Object; java/lang/Object
staticfield java/net/URL serialPersistentFields [Ljava/io/ObjectStreamField; 7 [Ljava/io/ObjectStreamField;
ciInstanceKlass java/lang/Module 1 1 1070 10 7 12 1 1 1 9 7 12 1 1 1 10 7 12 1 1 1 9 12 1 9 12 1 1 9 12 1 1 10 12 1 1 10 12 1 10 12 1 1 10 7 12 1 1 1 7 1 10 7 12 1 1 1 10 12 1 1 11 7 12 1 1 1 10 12 1 1 10 7 12 1 1 1 10 12 1 1 10 7 12 1 1 1 9 100 12 1 1 1 10 7 12 1 1 1 10 12 1 8 1 10 7 12 1 1 1 10 7 12 1 1 1 10 7 12 1 1 1 10 12 1 10 12 1 9 12 1 1 10 100 12 1 1 100 1 7 1 10 8 1 10 12 1 1 10 12 1 10 12 10 12 1 10 7 12 1 1 8 1 8 1 10 8 1 8 1 9 12 1 1 8 1 10 100 12 1 1 1 10 12 1 9 12 1 1 11 12 1 9 7 12 1 1 10 7 12 1 1 1 10 100 12 1 1 1 10 12 1 1 8 1 10 12 1 1 10 12 1 10 12 1 1 9 7 12 1 1 1 10 12 1 1 10 12 1 1 9 12 1 10 12 1 10 12 1 9 12 1 1 11 7 12 1 1 10 12 1 1 9 12 1 9 12 1 10 12 1 10 12 1 100 1 8 1 10 10 12 1 1 10 12 1 8 1 10 12 1 1 8 1 8 1 10 12 1 1 10 12 1 10 12 1 1 18 12 1 1 10 12 1 1 11 12 1 9 12 1 11 12 10 100 12 1 1 100 1 8 1 10 11 12 1 1 10 7 12 1 1 1 10 12 1 10 12 1 1 11 12 1 1 11 7 12 1 1 11 12 1 1 9 12 1 11 12 1 10 12 1 1 10 12 1 1 9 12 1 10 12 10 7 12 1 1 10 7 1 18 12 1 1 11 100 12 1 1 1 18 12 1 11 12 1 1 10 100 12 1 1 1 11 12 1 1 10 7 12 1 1 7 1 11 12 1 7 1 7 1 10 12 1 10 7 12 1 1 1 10 11 7 12 1 8 1 10 10 12 1 1 10 7 12 1 1 10 12 1 10 12 1 7 1 10 12 1 10 11 12 1 1 10 12 10 12 1 1 9 12 1 1 100 1 10 10 12 1 1 11 7 1 10 12 1 1 11 12 1 10 10 12 1 11 10 12 1 1 10 12 1 1 10 12 1 1 10 7 12 1 1 10 12 1 10 12 1 1 10 10 12 1 1 10 12 1 18 12 1 11 12 1 18 12 1 10 12 1 10 12 1 10 12 7 1 10 12 1 10 12 1 10 12 1 9 12 1 7 1 10 10 10 10 12 1 10 12 1 10 12 1 10 12 1 1 10 12 1 1 10 12 1 9 12 1 18 12 1 1 10 7 12 1 1 1 100 1 8 1 10 12 1 1 10 12 1 1 10 7 12 1 1 7 1 10 12 1 1 7 1 8 1 10 12 1 1 100 1 11 12 1 1 10 100 12 1 1 1 18 12 1 1 11 100 12 1 1 1 100 1 10 12 1 10 12 1 1 7 1 7 1 10 12 8 1 10 12 1 1 10 12 1 1 10 100 12 1 1 10 12 1 1 10 12 1 10 12 10 12 1 1 7 1 10 10 12 1 1 10 7 12 1 1 1 100 1 10 12 1 1 10 7 12 1 1 8 1 18 12 1 1 100 1 100 1 9 12 1 1 9 12 1 9 12 1 11 100 12 1 1 1 100 1 11 12 1 1 100 1 10 12 1 8 1 10 12 1 10 12 10 12 1 8 1 10 10 100 12 1 1 7 1 10 10 12 1 10 7 12 1 1 9 12 1 9 12 1 9 12 1 9 12 1 10 12 11 12 1 10 12 1 7 1 1 1 1 1 1 1 1 1 1 1 1 1 1 1 1 1 1 1 100 1 1 1 1 1 1 1 1 1 1 1 1 1 1 1 1 1 1 1 1 1 1 1 1 1 1 1 1 1 1 1 1 1 1 1 1 1 1 1 1 1 1 1 1 1 1 1 1 1 1 1 1 1 1 1 1 1 1 1 1 1 1 1 1 1 1 1 1 1 1 1 1 1 1 1 1 1 1 1 1 1 1 1 1 1 1 1 1 1 1 1 1 1 1 1 100 100 1 1 1 1 1 1 1 1 1 1 1 1 1 1 1 1 1 1 1 1 1 1 1 1 1 1 1 100 1 100 1 1 1 1 1 1 1 1 1 1 1 1 1 1 1 1 1 1 1 1 100 1 1 1 1 1 1 1 1 1 1 1 1 1 1 1 1 1 1 1 1 1 1 1 16 15 10 12 16 16 15 10 12 16 16 15 10 16 1 15 10 12 16 1 15 10 12 16 1 16 15 10 12 16 16 1 15 10 12 16 15 10 7 12 1 1 1 15 10 100 12 1 1 1 1 1 1 1 1 1 1 1 100 1 100 1 1 100 1 100 1 1
staticfield java/lang/Module ALL_UNNAMED_MODULE Ljava/lang/Module; java/lang/Module
staticfield java/lang/Module ALL_UNNAMED_MODULE_SET Ljava/util/Set; java/util/ImmutableCollections$Set12
staticfield java/lang/Module EVERYONE_MODULE Ljava/lang/Module; java/lang/Module
staticfield java/lang/Module EVERYONE_SET Ljava/util/Set; java/util/ImmutableCollections$Set12
staticfield java/lang/Module $assertionsDisabled Z 1
ciInstanceKlass java/lang/Character 1 1 604 7 1 7 1 100 1 9 12 1 1 8 1 9 12 1 1 7 1 9 12 1 1 10 7 12 1 1 1 10 100 12 1 1 1 10 100 12 1 1 1 10 7 12 1 1 1 9 7 12 1 1 1 10 12 1 10 12 1 1 10 12 1 1 10 7 12 1 1 10 12 1 1 3 3 3 3 3 10 12 1 1 10 12 1 3 11 7 12 1 1 1 11 12 1 1 10 12 1 1 10 12 1 1 100 1 10 10 12 1 3 10 12 1 1 10 12 1 10 12 1 1 100 1 8 1 10 12 1 1 10 12 1 10 12 1 10 12 1 10 100 12 1 1 1 10 12 1 10 12 1 10 12 1 1 10 12 1 10 7 12 1 1 10 10 12 1 10 10 12 1 10 12 1 1 10 12 1 10 10 12 1 10 12 1 10 12 1 10 12 1 10 12 1 10 12 1 10 12 1 10 12 10 10 12 10 10 12 1 10 10 12 1 10 10 12 1 10 10 12 1 10 12 1 10 12 1 10 12 1 10 12 1 10 12 1 10 12 1 10 10 12 1 10 10 12 1 10 10 12 1 1 10 10 12 1 10 5 0 10 12 1 10 12 1 10 10 12 1 10 10 12 1 1 10 10 12 1 10 10 12 1 9 12 1 1 100 1 10 10 12 1 10 12 1 1 3 10 100 12 1 1 1 10 12 1 10 100 12 1 1 7 1 10 10 12 1 1 10 12 1 1 10 12 1 1 8 1 10 12 1 9 100 12 1 1 1 10 12 1 10 10 12 1 10 12 1 1 10 12 1 10 10 12 1 1 10 10 12 1 1 7 1 8 1 10 12 1 1 10 7 12 1 1 1 8 1 10 12 1 1 9 12 1 1 7 1 7 1 7 1 1 1 1 3 1 3 1 3 1 3 1 1 1 1 1 3 1 1 3 1 3 1 3 1 3 1 3 1 3 1 3 1 3 1 3 1 3 1 3 1 3 1 3 1 3 1 3 1 3 1 3 1 3 1 3 1 3 1 3 1 3 1 3 1 3 1 3 1 3 1 3 1 3 1 1 1 1 1 1 1 1 1 1 1 1 1 1 1 1 1 1 1 3 1 1 1 1 1 1 1 3 1 1 3 1 1 1 1 1 3 1 1 5 0 1 1 1 1 1 1 1 1 1 1 1 1 1 1 1 1 1 1 1 1 1 1 1 1 1 1 1 1 1 1 1 1 1 1 1 1 1 1 1 1 1 1 1 1 1 1 1 1 1 1 1 1 1 1 1 1 1 1 1 1 1 1 1 1 1 1 1 1 1 1 1 1 1 1 1 1 1 1 1 1 1 1 1 1 1 1 1 1 1 1 100 1 100 1 1 1 1 1 1
staticfield java/lang/Character TYPE Ljava/lang/Class; java/lang/Class
staticfield java/lang/Character $assertionsDisabled Z 1
ciInstanceKlass java/lang/OutOfMemoryError 1 1 26 10 7 12 1 1 1 10 12 1 100 1 1 1 1 5 0 1 1 1 1 1 1 1 1 1
ciInstanceKlass java/lang/Integer 1 1 453 7 1 7 1 7 1 7 1 10 12 1 1 9 12 1 1 9 12 1 1 10 100 12 1 1 1 10 12 1 1 10 100 12 1 1 1 10 10 12 1 1 10 7 12 1 1 1 10 12 1 10 12 1 1 10 7 12 1 1 1 10 12 1 1 10 12 1 1 10 12 1 10 12 1 10 12 1 1 10 10 12 1 9 12 1 1 9 12 1 7 1 8 1 10 12 1 7 1 10 12 1 8 1 10 12 1 1 10 12 1 8 1 10 12 1 8 1 10 12 1 1 3 10 12 1 1 3 10 12 1 1 10 12 1 1 10 7 12 1 1 1 11 7 1 10 12 1 1 11 10 12 1 1 8 1 10 12 1 1 8 1 7 1 10 12 1 1 10 12 1 1 5 0 8 1 10 12 1 10 12 1 10 12 1 10 12 1 1 7 1 9 12 1 1 9 12 1 1 10 12 1 10 7 1 9 12 1 10 12 1 10 12 1 10 12 1 1 10 7 12 1 1 1 100 1 100 1 10 12 1 1 10 12 1 1 8 1 8 1 10 12 1 1 8 1 8 1 8 1 8 1 8 1 8 1 10 12 1 10 12 1 5 0 3 3 3 3 10 12 1 10 12 1 3 10 12 1 10 100 12 1 1 1 10 12 1 1 10 12 1 1 8 1 10 7 12 1 1 1 9 12 1 1 7 1 7 1 7 1 1 1 1 3 1 1 1 3 1 3 1 1 5 0 1 1 1 1 1 1 1 1 1 100 1 1 1 1 1 1 1 1 1 1 1 1 1 1 1 1 1 1 1 1 1 1 1 1 1 1 1 1 1 1 1 1 1 1 1 1 1 1 1 1 3 1 1 1 1 1 1 1 1 1 1 1 1 1 1 1 1 7 1 1 1 1 1 1 1 1 1 1 1 1 1 1 1 1 1 1 1 1 1 1 1 1 1 1 1 1 1 1 1 1 1 1 1 1 1 1 1 1 1 1 1 1 1 1 7 1 1 1 1 1 1 1 1 1 100 1 100 1 1
staticfield java/lang/Integer TYPE Ljava/lang/Class; java/lang/Class
staticfield java/lang/Integer digits [C 36
staticfield java/lang/Integer DigitTens [B 100
staticfield java/lang/Integer DigitOnes [B 100
instanceKlass java/math/BigInteger
instanceKlass java/util/concurrent/atomic/Striped64
instanceKlass java/util/concurrent/atomic/AtomicLong
instanceKlass java/util/concurrent/atomic/AtomicInteger
instanceKlass java/lang/Long
instanceKlass java/lang/Integer
instanceKlass java/lang/Short
instanceKlass java/lang/Byte
instanceKlass java/lang/Double
instanceKlass java/lang/Float
ciInstanceKlass java/lang/Number 1 1 37 10 7 12 1 1 1 10 100 12 1 1 1 100 1 1 1 1 5 0 1 1 1 1 1 1 1 1 1 1 1 1 1 1 1 1 1
ciInstanceKlass java/lang/Thread$FieldHolder 1 1 48 10 7 12 1 1 1 9 7 12 1 1 1 9 12 1 1 9 12 1 1 9 12 1 1 9 12 1 1 1 1 1 1 1 1 1 1 100 1 100 1 1 1 1 100 1 1 1
ciInstanceKlass java/lang/Thread$Constants 0 0 59 7 1 10 7 12 1 1 1 100 1 10 10 7 12 1 1 1 7 1 8 1 10 12 1 9 7 12 1 1 1 7 1 7 1 10 12 1 10 12 1 9 12 1 1 1 1 1 1 1 1 1 1 1 1 1 1 1 1
ciInstanceKlass java/lang/ThreadGroup 1 1 411 10 7 12 1 1 1 9 7 12 1 1 1 8 1 9 12 1 1 7 1 9 12 1 1 9 12 1 1 10 7 12 1 1 1 10 12 1 1 10 12 1 10 12 1 10 12 1 10 12 1 1 10 12 1 1 10 12 1 10 12 1 1 10 12 1 10 12 1 10 100 12 1 1 1 10 12 1 1 18 12 1 1 11 7 12 1 1 1 10 7 12 1 1 1 10 7 12 1 10 12 1 1 10 12 1 1 10 12 1 1 10 100 12 1 1 1 10 12 1 11 12 1 1 11 7 12 1 1 11 12 1 1 10 12 1 1 10 12 1 10 12 1 11 12 1 11 12 1 1 100 1 10 10 12 1 100 1 10 18 12 1 1 11 7 12 1 1 1 11 12 1 1 9 12 1 1 10 12 1 1 8 1 10 7 12 1 1 1 10 100 12 1 1 1 10 12 1 1 11 12 10 12 1 1 10 12 1 1 11 7 1 9 12 1 7 1 10 8 1 10 12 1 1 10 12 1 1 8 1 10 12 1 10 7 12 1 1 1 10 12 1 1 10 7 1 8 1 10 8 1 10 12 1 10 12 1 8 1 9 12 1 1 9 12 1 10 100 12 1 1 1 100 9 12 1 1 7 1 9 12 1 10 12 10 12 1 1 100 10 12 9 12 1 10 12 1 100 1 10 11 12 1 1 7 1 10 10 12 1 10 12 1 1 1 1 1 1 1 1 1 1 1 1 1 1 1 1 1 1 3 1 1 1 1 1 1 1 1 1 1 1 1 100 1 1 1 1 1 1 1 1 1 1 1 1 1 1 1 1 1 1 1 1 1 1 1 1 1 1 1 1 1 1 1 1 1 1 1 1 1 1 1 1 1 1 1 16 15 10 12 16 16 15 10 12 16 15 10 100 12 1 1 1 1 1 100 1 100 1 1
staticfield java/lang/ThreadGroup $assertionsDisabled Z 1
ciInstanceKlass java/lang/Thread$UncaughtExceptionHandler 1 0 16 100 1 100 1 1 1 1 1 1 1 1 100 1 1 1
ciInstanceKlass java/security/AccessControlContext 1 1 374 9 7 12 1 1 1 9 12 1 1 10 100 12 1 1 1 8 1 10 100 12 1 1 1 10 7 12 1 1 1 9 12 1 9 12 1 1 9 12 1 1 10 7 12 1 1 7 1 10 12 1 11 7 12 1 1 1 11 12 1 11 12 1 11 12 1 1 7 1 11 12 1 1 10 12 1 10 7 12 1 1 1 9 100 12 1 1 1 10 7 12 1 1 1 11 100 12 1 1 1 10 7 1 100 1 8 1 10 12 1 10 12 1 1 7 1 10 7 12 1 1 1 9 12 1 9 12 1 9 12 1 9 12 1 1 9 12 1 1 9 12 1 9 12 1 10 7 12 1 1 1 9 12 1 10 12 1 1 10 12 1 1 8 1 10 12 1 1 10 12 1 1 10 7 12 1 1 1 7 1 10 10 12 1 1 10 7 12 1 1 1 10 8 1 10 7 12 1 1 8 1 10 7 12 1 1 8 1 8 1 10 12 1 8 1 10 12 1 8 1 10 12 1 10 12 1 10 12 1 1 8 1 8 1 100 1 10 12 1 10 12 1 1 100 1 10 12 1 8 1 10 12 1 10 12 1 10 8 1 10 12 1 1 10 12 1 1 10 12 1 1 10 12 1 1 10 12 1 10 12 1 11 10 12 1 10 12 1 1 10 10 10 12 1 1 1 1 1 1 1 1 1 1 1 1 1 1 1 1 1 1 1 1 1 1 1 1 100 1 1 1 1 1 1 1 1 1 1 1 1 1 1 1 1 1 1 1 1 1 1 1 1 1 1 1 1 1 1 1 1 1 1 1 1 1 1 1 1 1 1 1 1 1 1 1 1 1 1 1 1 3 1 1
instanceKlass java/lang/ThreadBuilders$BoundVirtualThread
instanceKlass java/lang/VirtualThread
ciInstanceKlass java/lang/BaseVirtualThread 0 0 36 10 100 12 1 1 1 100 1 1 1 1 1 1 1 1 1 1 1 1 1 1 1 1 1 1 1 1 100 1 100 1 1 100 1 1
ciInstanceKlass java/lang/VirtualThread 0 0 907 9 7 12 1 1 1 10 7 12 1 1 1 10 100 12 1 1 1 10 7 12 1 1 1 9 12 1 1 9 12 1 1 100 1 10 12 1 9 12 1 1 18 12 1 1 9 12 1 1 10 12 1 1 100 1 10 12 1 10 12 1 1 10 12 1 1 10 12 1 1 10 12 1 10 7 12 1 10 12 1 10 12 1 10 12 1 10 12 1 11 100 12 1 1 1 100 1 10 12 1 1 10 100 12 1 1 1 10 100 12 1 1 1 10 12 1 100 1 10 10 12 1 10 12 1 1 9 12 1 1 10 12 1 1 9 12 1 1 10 12 1 9 12 1 1 9 12 1 100 1 10 10 12 1 10 100 12 1 1 10 9 10 10 12 1 1 10 12 1 1 10 100 12 1 1 10 100 1 10 9 10 10 12 1 7 1 10 12 1 1 10 12 1 10 12 1 10 12 1 1 9 12 1 10 12 1 10 12 1 9 12 1 1 10 12 1 10 12 1 9 12 1 1 10 12 1 10 12 1 10 12 1 11 100 12 1 1 10 12 1 1 10 12 1 1 10 12 1 1 9 12 1 10 100 1 10 12 1 1 10 12 1 1 10 12 1 10 12 1 10 12 1 10 12 9 12 1 1 10 100 12 1 1 10 12 1 10 12 1 1 10 100 12 1 1 10 12 1 100 1 8 1 10 12 1 10 12 1 1 10 12 1 10 12 1 10 100 12 1 1 10 12 1 10 12 1 1 10 12 1 10 12 1 1 10 7 12 1 1 10 12 1 1 10 12 1 1 100 1 10 10 12 1 7 1 9 12 1 1 10 7 12 1 1 10 9 12 1 1 18 9 100 12 1 1 1 11 100 12 1 1 1 11 100 1 11 12 10 12 1 10 12 1 1 10 12 1 100 1 10 10 12 1 10 12 1 1 10 12 1 1 10 12 1 10 12 1 10 12 1 9 12 1 1 11 100 12 1 1 10 12 9 100 12 1 1 1 9 12 1 10 12 1 1 9 12 1 9 12 1 9 12 1 7 1 10 10 12 1 1 10 12 1 10 12 7 1 7 1 10 8 1 10 12 1 1 10 12 1 10 12 1 10 10 12 1 8 1 10 10 12 1 10 12 1 10 7 12 1 1 8 1 8 1 10 9 100 12 1 1 1 10 12 1 1 10 12 1 10 10 10 12 9 12 1 10 12 1 1 9 12 1 10 12 1 1 9 12 1 10 12 1 1 18 12 1 1 18 12 1 10 7 12 1 1 1 8 1 10 100 12 1 1 1 10 7 12 1 1 1 18 12 1 10 100 12 1 1 1 100 1 10 12 1 8 1 10 12 1 8 1 10 12 1 1 8 1 8 1 10 100 12 1 1 8 1 10 12 1 8 1 8 1 10 100 12 1 1 1 10 12 1 10 12 1 1 10 12 1 18 12 1 1 18 12 1 1 5 0 9 12 1 10 12 1 18 12 1 100 1 10 12 10 7 12 1 1 10 12 1 1 7 1 8 1 10 10 12 1 10 12 1 1 10 12 1 9 12 1 8 10 12 1 1 8 8 9 12 1 8 10 12 1 1 3 1 3 1 3 1 3 1 3 1 3 1 3 1 3 1 3 1 3 1 3 1 3 3 1 3 1 1 1 1 1 1 1 1 1 1 1 1 1 1 7 1 1 1 1 1 1 1 1 1 1 1 1 1 1 7 1 1 1 1 1 1 1 1 1 1 1 7 1 1 1 1 1 1 1 1 1 1 1 1 1 1 1 1 1 1 1 1 1 1 1 1 1 1 1 1 1 1 1 1 1 1 1 1 1 1 1 100 1 1 1 1 1 1 1 1 1 1 1 1 1 1 1 1 1 1 1 1 1 1 1 1 1 1 1 1 1 1 1 1 1 1 1 100 1 1 1 1 1 1 1 1 1 1 1 1 1 1 100 1 1 16 15 10 12 15 16 15 10 12 16 15 10 12 16 16 15 10 12 16 15 10 12 16 15 10 12 16 15 10 12 16 1 15 10 100 12 1 1 1 1 1 1 1 7 1 1 100 1 100 1 1
ciInstanceKlass java/lang/ThreadBuilders$BoundVirtualThread 0 0 132 10 7 12 1 1 1 9 7 12 1 1 1 10 7 12 1 1 1 9 12 1 1 10 12 1 1 10 12 1 1 9 12 1 1 10 7 12 1 1 1 10 12 1 1 7 1 8 1 10 12 1 10 12 1 1 10 12 1 1 10 12 1 1 10 7 12 1 1 1 8 1 10 12 1 8 1 10 12 1 1 10 100 12 1 1 9 100 12 1 1 1 10 12 1 1 10 10 12 1 1 1 1 1 1 1 1 1 1 1 1 1 1 1 1 1 1 1 1 1 1 1 1 1 1 1 1 100 1 1 1 1
ciInstanceKlass jdk/internal/vm/ContinuationScope 0 0 50 10 100 12 1 1 1 10 100 12 1 1 1 100 1 9 100 12 1 1 1 10 12 1 1 10 100 12 1 1 1 10 12 1 1 10 12 1 1 1 1 1 1 1 1 1 1 1 1 1
ciInstanceKlass jdk/internal/vm/StackChunk 0 0 32 10 100 12 1 1 1 9 100 12 1 1 1 9 12 1 1 9 12 1 1 1 1 1 1 1 1 1 1 1 1 1
ciInstanceKlass java/lang/Float 1 1 279 7 1 7 1 10 100 12 1 1 1 10 100 12 1 1 1 4 7 1 10 12 1 1 10 12 1 1 8 1 8 1 10 7 12 1 1 1 10 12 1 1 10 12 1 1 10 100 1 4 10 7 12 1 1 9 12 1 1 10 12 1 1 10 12 1 10 10 12 1 1 10 12 1 10 12 1 3 3 100 1 4 4 4 3 10 12 1 1 9 12 1 1 100 1 10 3 3 4 4 10 12 1 3 3 3 10 12 1 1 10 12 1 1 10 12 1 10 100 12 1 1 1 10 12 1 1 10 12 1 1 10 7 12 1 1 1 8 1 10 12 1 1 9 12 1 1 7 1 7 1 7 1 1 1 1 4 1 4 1 1 1 4 1 1 3 1 3 1 3 1 3 1 3 1 1 1 1 5 0 1 1 1 1 1 1 1 1 1 1 100 1 1 1 1 1 1 1 1 1 1 1 1 1 3 1 1 1 1 1 1 1 1 1 1 1 1 1 1 1 1 1 1 1 1 1 1 1 1 1 1 1 1 1 1 1 1 1 1 1 1 1 1 1 1 1 1 1 1 1 1 1 1 1 1 1 1 1 1 1 1 1 1 1 1 1 7 1 1 1 1 1 1 1 100 1 100 1 1
staticfield java/lang/Float TYPE Ljava/lang/Class; java/lang/Class
staticfield java/lang/Float $assertionsDisabled Z 1
ciInstanceKlass java/lang/Double 1 1 290 7 1 7 1 10 7 12 1 1 1 10 12 1 1 10 7 1 10 12 1 1 10 100 12 1 1 1 6 0 8 1 10 12 1 1 8 1 10 12 1 1 8 1 6 0 10 12 1 1 100 1 5 0 5 0 8 1 8 1 10 7 12 1 1 1 10 7 12 1 1 1 8 1 10 12 1 1 8 1 8 1 8 1 10 12 1 1 10 12 1 10 12 1 1 10 12 1 10 12 1 10 12 1 1 10 12 1 10 7 1 6 0 10 7 12 1 1 9 12 1 1 10 12 1 10 12 1 10 12 1 10 12 1 10 12 1 5 0 10 12 1 1 10 12 1 10 12 1 10 100 12 1 1 1 10 12 1 1 10 12 1 1 8 1 10 7 12 1 1 1 9 12 1 1 7 1 7 1 7 1 1 1 6 0 1 6 0 1 6 0 1 1 1 6 0 1 1 3 1 3 1 3 1 3 1 3 1 1 1 1 5 0 1 1 1 1 1 1 1 1 1 1 1 1 1 1 1 1 100 1 1 1 1 1 1 1 1 1 1 1 1 3 1 1 1 1 1 1 1 1 1 1 1 1 1 1 1 1 1 1 1 1 1 1 1 1 1 1 1 1 1 1 1 1 1 1 7 1 1 1 1 1 1 1 100 1 100 1 1
staticfield java/lang/Double TYPE Ljava/lang/Class; java/lang/Class
ciInstanceKlass java/lang/Byte 1 1 213 7 1 100 1 10 7 12 1 1 1 9 12 1 1 8 1 9 12 1 1 7 1 10 12 1 1 10 12 1 1 10 100 12 1 1 1 10 100 12 1 1 1 9 7 12 1 1 1 10 12 1 1 100 1 7 1 10 12 1 1 8 1 10 12 1 1 8 1 10 12 1 10 12 1 10 12 1 10 12 1 1 10 12 1 10 12 1 10 12 1 1 10 8 1 8 1 10 7 1 9 12 1 1 10 12 1 1 10 12 1 1 10 12 1 1 10 12 1 5 0 10 12 1 1 8 1 10 7 12 1 1 1 9 12 1 1 7 1 7 1 1 1 3 1 3 1 1 1 1 3 1 3 1 1 5 0 1 1 1 1 1 1 1 1 1 1 1 1 1 1 1 1 1 1 1 1 1 1 1 1 1 1 1 1 1 1 1 1 1 1 1 1 1 1 1 1 1 1 1 1 1 1 1 1 1 1 1 1 1 1 1 1
staticfield java/lang/Byte TYPE Ljava/lang/Class; java/lang/Class
ciInstanceKlass java/lang/Short 1 1 222 7 1 7 1 100 1 10 7 12 1 1 1 10 12 1 1 100 1 7 1 10 12 1 1 8 1 10 12 1 1 8 1 10 12 1 10 12 1 10 12 1 10 12 1 1 10 12 1 1 10 12 1 9 12 1 1 8 1 9 12 1 1 7 1 10 12 1 1 10 12 1 10 100 12 1 1 1 10 100 12 1 1 1 9 7 12 1 1 1 10 12 1 10 12 1 1 10 8 1 8 1 10 7 1 9 12 1 1 10 12 1 1 10 12 1 1 10 12 1 1 10 12 1 3 3 5 0 10 12 1 1 8 1 10 7 12 1 1 1 9 12 1 1 7 1 7 1 1 1 3 1 3 1 1 1 1 3 1 3 1 1 5 0 1 1 1 1 1 1 1 1 1 1 1 1 1 1 1 1 1 1 1 1 1 1 1 1 1 1 1 3 1 1 1 1 1 1 1 1 1 1 1 1 1 1 1 1 1 1 1 1 1 1 1 1 1 1 1 1 1 1
staticfield java/lang/Short TYPE Ljava/lang/Class; java/lang/Class
ciInstanceKlass java/lang/Long 1 1 524 7 1 7 1 7 1 7 1 10 12 1 1 9 12 1 1 9 7 12 1 1 1 10 100 12 1 1 1 10 12 1 1 10 100 12 1 1 1 10 10 12 10 12 1 10 12 1 10 12 1 5 0 5 0 7 1 10 12 1 1 10 12 1 1 10 12 1 10 12 1 10 12 1 10 12 1 1 10 100 12 1 1 10 12 1 10 12 1 1 10 12 1 1 10 12 1 1 10 12 1 1 10 100 12 1 1 1 10 12 1 1 10 12 1 10 12 1 10 12 1 10 12 1 1 10 10 12 1 5 0 5 0 9 12 1 1 9 12 1 5 0 7 1 8 1 10 12 1 8 1 10 12 1 8 1 8 1 10 12 1 1 5 0 10 12 1 1 5 0 10 12 1 1 10 12 1 1 10 100 12 1 1 1 11 7 1 10 12 1 1 11 10 12 1 1 8 1 10 12 1 1 8 1 7 1 10 12 1 1 10 12 1 8 1 8 1 11 12 1 1 10 12 1 10 12 1 10 12 1 5 0 5 0 9 7 12 1 1 1 10 12 1 10 12 1 1 8 1 8 1 10 12 1 1 8 1 8 1 8 1 8 1 8 1 8 1 10 12 1 10 7 1 9 12 1 1 10 12 1 10 12 1 1 10 12 1 1 10 7 12 1 1 1 100 1 100 1 10 12 1 1 10 12 1 1 5 0 10 12 1 10 12 1 5 0 5 0 5 0 10 12 1 1 10 12 1 5 0 5 0 10 12 1 10 12 1 10 100 12 1 1 1 10 12 1 1 10 12 1 1 8 1 10 7 12 1 1 1 9 12 1 1 7 1 7 1 7 1 1 1 1 5 0 1 1 1 1 3 1 3 1 5 0 1 1 1 1 1 1 1 1 1 100 1 1 1 1 1 1 1 1 1 1 1 1 1 1 1 1 1 1 1 1 1 1 1 1 1 1 1 1 1 1 1 1 1 1 1 1 1 1 1 1 1 1 1 1 1 1 1 1 1 1 1 1 1 1 1 3 1 1 1 1 1 1 1 1 1 1 1 1 1 1 1 7 1 1 1 1 1 1 1 1 1 1 1 1 1 1 1 1 1 1 1 1 1 1 1 1 1 1 1 1 1 1 1 1 1 1 1 1 1 1 1 1 1 1 1 7 1 1 1 1 1 1 1 1 1 100 1 100 1 1
staticfield java/lang/Long TYPE Ljava/lang/Class; java/lang/Class
ciInstanceKlass jdk/internal/vm/vector/VectorSupport 0 0 573 100 1 10 100 12 1 1 1 9 12 1 1 10 12 1 1 100 1 10 12 1 11 100 12 1 1 1 11 100 12 1 1 1 11 100 12 1 1 11 100 12 1 1 11 100 12 1 1 1 11 100 12 1 1 11 100 12 1 1 11 100 12 1 1 11 100 12 1 1 11 100 12 1 1 11 100 12 1 1 11 100 12 1 1 1 11 100 12 1 1 11 100 12 1 1 1 11 100 12 1 1 1 11 100 12 1 1 11 100 12 1 1 1 11 100 12 1 1 100 1 10 12 1 1 11 100 12 1 1 11 100 12 1 1 11 100 12 1 1 11 100 12 1 1 11 100 12 1 1 11 100 12 1 1 9 12 1 1 10 100 12 1 1 11 100 12 1 1 10 12 1 1 10 100 12 1 1 1 10 12 1 10 12 1 1 10 12 1 1 1 1 1 3 1 3 1 3 1 3 1 3 1 3 1 3 1 3 1 3 1 3 1 3 1 3 1 3 1 3 1 3 1 3 1 3 1 3 1 3 1 3 1 3 1 3 1 3 1 3 1 3 1 3 1 3 1 3 1 3 1 3 1 3 1 3 1 3 1 3 1 3 1 3 1 3 1 3 1 3 1 3 1 3 1 3 1 3 1 3 1 3 1 3 1 3 1 3 1 3 1 3 1 3 1 3 1 3 1 1 1 1 1 1 1 1 1 1 1 1 1 1 1 1 1 1 1 1 1 1 1 1 1 1 1 1 1 1 1 1 1 1 1 1 1 1 1 1 1 1 1 1 1 1 1 1 1 1 1 1 1 1 1 1 1 1 1 1 1 1 1 1 1 1 1 1 1 1 1 1 1 1 1 1 1 1 1 1 1 1 1 1 1 1 1 1 1 1 1 1 1 1 1 1 1 1 1 1 1 1 1 1 1 1 1 1 1 1 1 1 1 1 1 1 1 1 1 1 1 1 1 1 1 1 1 1 1 1 1 1 1 1 1 1 1 1 1 1 1 1 1 1 1 1 1 1 1 1 1 1 1 1 1 1 1 1 1 1 1 1 1 1 1 1 1 1 1 1 1 1 1 1 1 1 1 1 1 1 1 1 1 1 1 1 1 1 1 1 1 1 1 1 1 1 1 1 1 1 1 1 1 1 1 1 1 1 1 1 1 1 1 1 1 1 1 1 1 1 1 1 1 1 1 1 1 1 1 1 1 1 1 1 1 100 1 100 1 100 1 100 1 100 1 1 1 1 1 1 1 1 1 1 1 1 1 1 1 1 1 1 1 1 1 1 1 1 1 1 1 1 1 1 1
instanceKlass jdk/internal/vm/vector/VectorSupport$VectorShuffle
instanceKlass jdk/internal/vm/vector/VectorSupport$VectorMask
instanceKlass jdk/internal/vm/vector/VectorSupport$Vector
ciInstanceKlass jdk/internal/vm/vector/VectorSupport$VectorPayload 0 0 32 10 100 12 1 1 1 9 100 12 1 1 1 10 100 12 1 1 1 1 1 1 1 1 1 1 1 1 1 1 1 1
ciInstanceKlass jdk/internal/vm/vector/VectorSupport$Vector 0 0 28 10 100 12 1 1 1 100 1 1 1 1 1 1 1 1 1 1 1 1 1 1 1 100 1 1 1 1
ciInstanceKlass jdk/internal/vm/vector/VectorSupport$VectorMask 0 0 28 10 100 12 1 1 1 100 1 1 1 1 1 1 1 1 1 1 1 1 1 1 1 100 1 1 1 1
ciInstanceKlass jdk/internal/vm/vector/VectorSupport$VectorShuffle 0 0 28 10 100 12 1 1 1 100 1 1 1 1 1 1 1 1 1 1 1 1 1 1 1 100 1 1 1 1
ciInstanceKlass jdk/internal/vm/FillerObject 0 0 16 10 100 12 1 1 1 100 1 1 1 1 1 1 1 1
instanceKlass java/lang/ref/PhantomReference
instanceKlass java/lang/ref/FinalReference
instanceKlass java/lang/ref/WeakReference
instanceKlass java/lang/ref/SoftReference
ciInstanceKlass java/lang/ref/Reference 1 1 190 9 7 12 1 1 1 9 7 12 1 1 10 12 1 1 10 12 1 1 9 12 1 1 10 12 1 1 9 12 1 1 9 12 1 1 7 1 10 12 1 10 7 12 1 1 10 12 1 10 12 1 1 10 12 1 7 1 8 1 10 12 1 1 7 1 10 12 1 1 10 12 1 1 10 12 1 9 12 1 10 12 1 1 10 12 1 10 12 1 9 12 1 7 1 100 1 10 12 9 12 1 9 12 1 100 1 10 10 12 1 10 10 7 12 1 1 7 1 10 10 7 12 1 1 1 1 1 1 1 1 1 1 1 1 1 1 1 1 1 1 1 7 1 1 1 100 1 1 1 1 1 1 1 1 1 1 1 1 1 1 1 1 1 1 1 1 1 1 1 1 1 1 1 1 1 1 1 1 1 1 1 7 1 7 1 7 1 1 1
staticfield java/lang/ref/Reference processPendingLock Ljava/lang/Object; java/lang/Object
staticfield java/lang/ref/Reference $assertionsDisabled Z 1
instanceKlass sun/security/util/MemoryCache$SoftCacheEntry
instanceKlass sun/util/locale/provider/LocaleResources$ResourceReference
instanceKlass sun/util/resources/Bundles$BundleReference
instanceKlass sun/util/locale/LocaleObjectCache$CacheEntry
instanceKlass java/io/ClassCache$CacheRef
instanceKlass java/lang/invoke/LambdaFormEditor$Transform
ciInstanceKlass java/lang/ref/SoftReference 1 1 47 10 7 12 1 1 1 9 7 12 1 1 1 9 12 1 10 12 1 10 12 1 1 1 1 1 1 1 1 1 1 1 1 1 1 1 1 1 1 1 1 100 1 1 1 1 1
instanceKlass sun/nio/ch/FileLockTable$FileLockReference
instanceKlass java/util/logging/LogManager$LoggerWeakRef
instanceKlass java/util/logging/Level$KnownLevel
instanceKlass java/lang/ClassValue$Entry
instanceKlass java/lang/ThreadLocal$ThreadLocalMap$Entry
instanceKlass java/lang/WeakPairMap$WeakRefPeer
instanceKlass jdk/internal/util/WeakReferenceKey
instanceKlass java/util/WeakHashMap$Entry
ciInstanceKlass java/lang/ref/WeakReference 1 1 31 10 7 12 1 1 1 10 12 1 100 1 1 1 1 1 1 1 1 1 1 1 1 1 1 1 1 1 1 1 1
instanceKlass java/lang/ref/Finalizer
ciInstanceKlass java/lang/ref/FinalReference 1 1 50 10 7 12 1 1 1 10 7 12 1 1 1 10 12 1 1 7 1 8 1 10 12 1 1 1 1 1 1 1 1 1 1 1 1 1 1 1 1 1 1 1 1 1 1 1 1 1 7 1
instanceKlass jdk/internal/ref/PhantomCleanable
instanceKlass jdk/internal/ref/Cleaner
ciInstanceKlass java/lang/ref/PhantomReference 1 1 39 10 100 12 1 1 1 10 7 12 1 1 1 1 1 1 1 1 1 1 1 1 1 1 1 1 1 1 1 1 1 1 1 1 1 1 1 1 1
ciInstanceKlass java/lang/ref/Finalizer 1 1 155 9 7 12 1 1 1 10 7 12 1 1 1 9 12 1 1 9 12 1 1 9 12 1 9 12 1 9 12 1 1 10 12 1 7 1 8 1 10 12 1 10 12 1 1 9 12 1 100 1 10 12 1 7 1 11 100 12 1 1 10 12 1 7 1 10 12 1 100 1 10 12 1 10 7 12 1 1 1 10 100 12 1 1 1 100 1 10 10 12 1 7 1 10 12 1 7 1 10 12 1 1 10 12 1 1 10 12 1 10 7 12 1 1 1 7 1 10 7 1 10 10 12 1 1 1 1 1 1 1 1 1 1 1 1 1 1 1 1 1 1 1 1 1 1 1 1 1 1 1 1 1 1 1 1
staticfield java/lang/ref/Finalizer lock Ljava/lang/Object; java/lang/Object
staticfield java/lang/ref/Finalizer ENABLED Z 1
staticfield java/lang/ref/Finalizer $assertionsDisabled Z 1
instanceKlass com/google/common/io/FileWriteMode
instanceKlass java/nio/file/FileTreeWalker$EventType
instanceKlass java/time/zone/ZoneOffsetTransitionRule$TimeDefinition
instanceKlass java/time/DayOfWeek
instanceKlass java/time/Month
instanceKlass java/nio/file/FileVisitOption
instanceKlass java/nio/file/attribute/PosixFilePermission
instanceKlass android/net/LocalSocketAddress$Namespace
instanceKlass android/text/TextUtils$TruncateAt
instanceKlass com/google/common/base/StandardSystemProperty
instanceKlass org/robolectric/internal/bytecode/MethodCallSite$Kind
instanceKlass java/security/Provider$OPType
instanceKlass jdk/internal/icu/util/CodePointTrie$ValueWidth
instanceKlass jdk/internal/icu/util/CodePointTrie$Type
instanceKlass java/text/Normalizer$Form
instanceKlass java/time/temporal/ChronoUnit
instanceKlass java/time/temporal/ChronoField
instanceKlass sun/security/util/DisabledAlgorithmConstraints$Constraint$Operator
instanceKlass sun/security/rsa/RSAUtil$KeyType
instanceKlass com/google/common/base/StandardSystemProperty
instanceKlass com/google/common/base/AbstractIterator$State
instanceKlass org/gradle/api/internal/tasks/testing/junit/JUnitTestEventAdapter$RegistrationMode
instanceKlass org/robolectric/manifest/MetaData$VALUE_TYPE
instanceKlass com/sun/org/apache/xerces/internal/impl/XMLScanner$NameType
instanceKlass com/sun/org/apache/xerces/internal/util/Status
instanceKlass com/sun/org/apache/xerces/internal/utils/XMLSecurityManager$NameMap
instanceKlass com/sun/org/apache/xerces/internal/utils/XMLSecurityManager$Limit
instanceKlass javax/xml/catalog/CatalogFeatures$Feature
instanceKlass com/sun/org/apache/xerces/internal/utils/XMLSecurityPropertyManager$Property
instanceKlass com/sun/org/apache/xerces/internal/utils/XMLSecurityPropertyManager$State
instanceKlass jdk/xml/internal/XMLSecurityManager$NameMap
instanceKlass jdk/xml/internal/JdkProperty$State
instanceKlass jdk/xml/internal/XMLSecurityManager$Processor
instanceKlass jdk/xml/internal/XMLSecurityManager$Limit
instanceKlass java/nio/file/AccessMode
instanceKlass org/robolectric/annotation/GetInstallerPackageNameMode$Mode
instanceKlass org/robolectric/annotation/TextLayoutMode$Mode
instanceKlass org/robolectric/annotation/LooperMode$Mode
instanceKlass org/robolectric/annotation/experimental/LazyApplication$LazyLoad
instanceKlass org/robolectric/annotation/GraphicsMode$Mode
instanceKlass org/robolectric/annotation/ConscryptMode$Mode
instanceKlass javax/annotation/meta/When
instanceKlass org/robolectric/annotation/SQLiteMode$Mode
instanceKlass org/robolectric/annotation/ResourcesMode$Mode
instanceKlass sun/reflect/annotation/TypeAnnotation$TypeAnnotationTarget
instanceKlass java/util/Comparators$NaturalOrderComparator
instanceKlass kotlin/annotation/AnnotationTarget
instanceKlass kotlin/annotation/AnnotationRetention
instanceKlass java/lang/annotation/ElementType
instanceKlass org/gradle/internal/remote/internal/hub/protocol/InterHubMessage$Delivery
instanceKlass java/security/DrbgParameters$Capability
instanceKlass org/gradle/api/tasks/testing/TestOutputEvent$Destination
instanceKlass org/gradle/api/tasks/testing/TestResult$ResultType
instanceKlass org/gradle/internal/logging/text/StyledTextOutput$Style
instanceKlass org/gradle/internal/remote/internal/hub/MessageHub$State
instanceKlass java/net/StandardProtocolFamily
instanceKlass jdk/internal/util/OperatingSystem
instanceKlass java/math/RoundingMode
instanceKlass java/util/regex/Pattern$Qtype
instanceKlass sun/util/locale/provider/LocaleProviderAdapter$Type
instanceKlass java/util/Locale$Category
instanceKlass java/lang/invoke/MethodHandleImpl$ArrayAccess
instanceKlass org/gradle/internal/nativeintegration/services/NativeServices$NativeFeatures
instanceKlass org/gradle/internal/collect/Modification$Kind
instanceKlass org/gradle/internal/service/DefaultServiceRegistry$SingletonService$BindState
instanceKlass java/lang/annotation/RetentionPolicy
instanceKlass org/gradle/internal/service/DefaultServiceRegistry$State
instanceKlass sun/security/util/KnownOIDs
instanceKlass java/util/stream/Collector$Characteristics
instanceKlass org/gradle/api/internal/tasks/testing/worker/TestWorker$State
instanceKlass sun/util/logging/PlatformLogger$Level
instanceKlass java/lang/System$Logger$Level
instanceKlass jdk/internal/logger/BootstrapLogger$LoggingBackend
instanceKlass org/gradle/internal/nativeintegration/services/NativeServices$NativeServicesMode
instanceKlass org/slf4j/helpers/Reporter$Level
instanceKlass org/slf4j/helpers/Reporter$TargetChoice
instanceKlass java/lang/reflect/ProxyGenerator$PrimitiveTypeInfo
instanceKlass org/gradle/api/logging/LogLevel
instanceKlass java/util/stream/StreamShape
instanceKlass java/util/stream/StreamOpFlag$Type
instanceKlass java/util/stream/StreamOpFlag
instanceKlass worker/org/gradle/api/JavaVersion
instanceKlass java/util/zip/ZipCoder$Comparison
instanceKlass java/nio/file/LinkOption
instanceKlass sun/nio/fs/WindowsPathType
instanceKlass java/nio/file/StandardOpenOption
instanceKlass java/util/concurrent/TimeUnit
instanceKlass java/lang/invoke/MethodHandles$Lookup$ClassOption
instanceKlass java/lang/invoke/VarHandle$AccessType
instanceKlass java/lang/invoke/VarHandle$AccessMode
instanceKlass java/lang/invoke/MethodHandleImpl$Intrinsic
instanceKlass java/lang/invoke/LambdaForm$BasicType
instanceKlass java/lang/invoke/LambdaForm$Kind
instanceKlass sun/invoke/util/Wrapper
instanceKlass java/io/File$PathStatus
instanceKlass java/lang/module/ModuleDescriptor$Requires$Modifier
instanceKlass java/lang/reflect/AccessFlag$Location
instanceKlass java/lang/reflect/AccessFlag
instanceKlass java/lang/module/ModuleDescriptor$Modifier
instanceKlass java/lang/reflect/ClassFileFormatVersion
instanceKlass java/lang/Thread$State
ciInstanceKlass java/lang/Enum 1 1 204 9 7 12 1 1 1 9 12 1 1 10 7 12 1 1 1 9 12 1 10 7 12 1 1 1 100 1 10 10 12 1 1 10 12 1 7 1 10 10 7 12 1 1 10 12 1 1 18 12 1 1 10 100 12 1 1 1 10 12 1 1 11 7 12 1 1 1 100 1 8 1 10 12 1 100 1 7 1 10 8 1 10 12 1 1 10 12 1 1 8 1 10 12 1 10 100 1 8 1 10 10 12 1 1 10 100 12 1 1 1 7 1 7 1 7 1 1 1 1 1 1 1 1 1 1 1 1 1 1 1 1 1 1 1 1 1 1 1 1 1 1 1 1 1 1 1 1 1 1 1 1 1 1 1 1 1 1 1 1 1 1 1 3 1 1 1 1 100 1 7 1 1 100 1 1 1 1 1 1 1 1 1 1 1 16 15 10 12 16 15 10 100 12 1 1 1 1 1 100 1 100 1 1
ciInstanceKlass java/lang/reflect/Method 1 1 472 9 7 12 1 1 1 10 7 12 1 1 1 10 7 12 1 1 9 12 1 1 10 12 1 1 10 12 1 1 10 7 12 1 1 10 7 12 1 1 1 9 12 1 1 9 12 1 9 12 1 1 9 12 1 9 12 1 9 12 1 1 9 12 1 9 12 1 1 9 12 1 9 12 1 9 12 1 1 100 1 8 1 10 12 1 10 12 1 9 12 1 1 8 1 10 7 12 1 1 10 7 12 1 1 1 10 12 1 1 10 12 1 1 10 12 1 10 12 1 1 10 12 1 1 9 100 12 1 1 1 10 12 1 1 10 12 10 7 12 1 1 10 12 1 1 10 12 1 10 12 1 10 12 1 10 7 12 1 1 1 10 12 1 1 10 7 1 10 7 12 1 1 1 10 7 12 1 1 10 12 1 1 10 12 1 1 10 12 1 10 7 12 1 1 1 10 12 1 10 8 1 10 12 1 10 12 1 7 1 8 1 8 1 8 1 10 12 1 10 12 1 1 10 12 1 1 10 10 12 1 1 10 12 1 11 7 1 10 12 1 9 12 1 1 10 12 1 1 10 12 1 10 12 1 1 10 12 1 1 11 7 12 1 1 1 11 12 1 9 12 1 1 10 12 1 10 12 1 10 12 1 10 12 1 10 12 1 10 12 1 9 12 1 1 10 7 12 1 1 1 10 7 12 1 1 10 12 1 1 10 7 12 1 1 1 10 7 12 1 1 1 10 7 12 1 1 1 11 7 12 1 1 1 10 7 12 1 1 1 7 1 100 1 100 1 10 12 1 10 12 1 1 10 12 1 100 1 8 1 10 12 1 10 10 12 1 1 10 12 1 1 10 12 1 1 10 12 1 1 8 1 10 12 1 1 1 1 1 1 1 1 1 1 1 1 1 1 1 1 1 1 1 1 1 1 1 1 1 1 1 1 1 1 1 1 1 1 1 1 1 1 1 1 1 1 1 1 1 1 1 1 1 1 1 1 1 100 1 7 1 7 1 1 1 1 1 1 1 1 1 1 1 1 1 1 1 1 1 1 1 1 1 1 1 1 1 1 1 1 1 1
ciInstanceKlass java/lang/reflect/Field 1 1 457 9 7 12 1 1 1 10 12 1 1 10 100 12 1 1 1 10 100 12 1 1 9 12 1 1 10 12 1 1 10 12 1 1 10 100 12 1 1 10 7 12 1 1 1 9 12 1 1 9 12 1 9 12 1 9 12 1 1 9 12 1 1 9 12 1 9 12 1 1 9 12 1 1 7 1 8 1 10 12 1 10 12 1 9 12 1 1 9 12 1 10 12 1 10 7 12 1 1 10 12 1 1 10 12 1 1 10 12 1 10 12 1 1 9 100 12 1 1 1 10 100 12 1 1 1 100 1 10 12 1 1 10 12 1 1 10 12 1 1 10 12 1 10 12 1 10 7 1 10 7 12 1 1 7 1 10 8 1 10 12 1 1 10 12 1 1 8 1 10 12 10 12 1 8 1 8 1 10 11 7 1 9 12 1 10 12 1 1 10 12 1 1 11 7 12 1 1 1 10 12 1 11 12 1 1 11 12 1 1 11 12 1 1 11 12 1 1 11 12 1 1 11 12 1 1 11 12 1 1 11 12 1 1 11 12 1 1 11 12 1 1 11 12 1 1 11 12 1 1 11 12 1 1 11 12 1 1 11 12 1 1 11 12 1 1 11 12 1 1 10 12 1 10 7 12 1 1 10 12 1 10 12 1 10 12 1 9 12 1 1 10 7 12 1 1 1 10 12 1 1 10 12 1 10 7 12 1 1 10 12 1 1 11 7 1 10 12 1 7 1 10 100 12 1 1 1 10 7 12 1 1 1 9 12 1 10 7 12 1 1 1 11 7 12 1 1 1 10 12 1 1 10 12 1 1 9 100 12 1 1 10 100 12 1 1 1 10 12 1 1 7 1 1 1 1 1 1 1 1 1 1 1 1 1 1 1 1 1 1 1 1 1 1 1 1 1 1 1 1 1 1 1 1 1 1 1 1 1 1 1 7 1 1 1 1 1 1 1 1 1 1 1 1 1 1 1 1 1 1 1 1 1 1 1 1 1 1 1 1 1 1 1 1 7 1 1 1 1 1 1 1 1 1 100 1 1
ciInstanceKlass java/lang/reflect/Parameter 1 1 243 10 7 12 1 1 1 9 7 12 1 1 1 9 12 1 1 9 12 1 1 9 12 1 10 12 1 1 10 12 1 1 10 7 12 1 1 1 7 1 10 10 12 1 1 11 7 12 1 1 1 10 12 1 10 100 12 1 1 1 10 12 1 1 10 12 1 10 12 1 8 1 8 1 10 7 12 1 1 1 10 12 1 10 12 9 100 12 1 1 1 10 100 12 1 1 1 10 12 1 8 1 10 12 1 9 12 1 1 10 12 1 1 9 12 1 1 10 12 1 1 10 12 1 1 10 12 1 1 10 12 1 10 10 12 1 10 100 12 1 1 1 10 12 1 1 11 7 12 1 1 10 7 12 1 1 7 1 10 100 12 1 1 1 10 12 1 1 10 12 1 1 10 12 1 1 10 12 1 1 9 12 1 100 1 10 11 12 1 1 11 12 1 1 7 1 1 1 1 1 1 1 1 1 1 1 1 1 1 1 1 1 1 1 1 1 1 1 1 1 1 1 1 1 1 1 1 1 1 1 1 1 1 1 1 1 100 1 1 1 1 1 1
ciInstanceKlass java/lang/reflect/RecordComponent 0 0 196 10 7 12 1 1 1 9 7 12 1 1 1 9 12 1 1 9 12 1 10 12 1 1 10 12 1 1 10 100 12 1 1 1 10 12 1 1 9 12 1 1 10 12 1 1 10 12 1 1 10 12 1 10 100 12 1 1 10 100 12 1 1 9 12 1 1 10 100 12 1 1 1 11 100 12 1 1 1 10 9 100 12 1 1 1 10 100 12 1 1 1 9 12 1 1 10 100 12 1 1 1 10 12 1 1 11 7 12 1 1 10 7 12 1 1 7 1 9 12 1 9 12 1 1 9 12 1 10 100 12 1 1 1 10 12 1 1 10 12 1 1 7 1 10 10 12 1 10 12 1 1 8 1 10 12 1 10 12 1 9 12 1 7 1 1 1 1 1 1 1 1 1 1 1 1 1 1 1 1 1 1 1 1 1 1 7 1 1 1 1 1 1 100 1 1
ciInstanceKlass java/lang/StringBuffer 1 1 483 10 7 12 1 1 1 10 12 1 10 12 1 10 12 1 1 9 7 12 1 1 1 10 12 1 1 10 12 1 10 12 1 1 9 12 1 1 10 12 1 10 12 1 1 10 12 1 1 10 12 1 10 12 1 1 10 12 1 10 12 1 1 10 12 1 1 10 7 12 1 1 1 10 12 1 1 10 12 1 10 12 1 10 12 1 10 12 1 10 12 1 10 12 1 10 12 1 10 12 1 10 12 1 10 12 1 10 12 1 10 12 1 10 12 1 10 12 1 1 10 12 1 10 12 1 1 10 12 1 1 10 10 12 1 1 10 12 1 10 12 1 10 12 1 10 12 1 10 12 1 10 12 1 10 12 10 12 1 10 12 1 10 12 1 10 12 1 1 10 12 1 10 12 1 10 10 12 1 1 10 12 1 10 12 1 10 12 1 10 10 100 12 1 1 1 10 10 12 1 1 9 12 1 1 10 100 12 1 1 10 100 1 8 10 100 12 1 1 1 8 10 12 1 8 1 10 12 1 10 12 1 10 100 12 1 1 1 10 100 12 1 1 1 7 1 10 12 100 1 8 1 10 10 12 1 1 10 12 1 1 10 12 1 10 12 1 10 12 1 1 10 12 1 10 12 1 10 12 1 10 12 1 10 12 1 10 12 10 12 1 10 12 1 10 12 1 10 12 1 10 12 1 10 12 1 10 12 1 10 12 1 10 12 1 10 12 1 10 12 10 12 10 12 1 10 12 1 10 12 1 10 12 10 12 1 10 12 1 10 12 1 10 12 1 10 12 1 10 12 1 10 12 1 10 12 1 10 12 1 10 12 1 10 12 1 7 1 10 12 1 9 7 12 1 1 1 9 7 1 9 12 1 1 7 1 7 1 7 1 7 1 1 1 1 5 0 1 1 1 1 1 1 1 1 1 1 1 1 1 1 1 1 1 1 1 1 1 1 1 1 1 1 1 1 1 1 1 1 1 1 1 1 1 1 1 1 1 1 1 1 1 1 1 1 1 1 1 1 1 1 1 1 1 1 1 1 1 100 1 1 1 1 1 7 1 1 1 1 1 1 1 1 1 1 1 1 1 1 1 1 1 1
staticfield java/lang/StringBuffer serialPersistentFields [Ljava/io/ObjectStreamField; 3 [Ljava/io/ObjectStreamField;
instanceKlass java/net/URLClassLoader
instanceKlass jdk/internal/loader/BuiltinClassLoader
ciInstanceKlass java/security/SecureClassLoader 1 1 102 10 7 12 1 1 1 7 1 10 12 1 9 7 12 1 1 1 10 12 1 10 12 1 10 12 1 1 10 12 1 1 10 12 1 7 1 10 7 1 10 12 1 7 1 10 12 1 11 7 12 1 1 1 7 1 11 12 1 10 12 1 1 1 1 1 1 1 1 1 1 1 1 1 1 1 1 1 1 1 1 1 1 1 1 1 1 1 1 1 1 1 1 1 1 1 1 100 1 1 1 1
ciInstanceKlass java/util/jar/Manifest 1 1 339 10 7 12 1 1 1 7 1 10 9 7 12 1 1 1 7 1 10 9 12 1 1 9 12 1 1 10 12 1 10 12 1 1 10 12 1 1 10 12 1 1 10 12 1 1 11 7 1 11 12 1 1 10 12 1 1 10 100 12 1 1 1 100 1 7 1 10 8 1 10 12 1 1 10 12 1 1 10 12 1 10 12 1 11 100 1 10 12 1 10 12 1 1 11 12 1 1 10 12 1 11 12 1 1 11 100 12 1 1 1 11 7 12 1 1 11 12 1 1 100 1 10 12 1 8 1 11 12 1 7 1 10 12 1 1 11 12 1 10 12 1 10 12 1 10 7 12 1 1 1 8 1 10 12 1 1 10 9 7 12 1 1 1 10 12 1 1 10 100 12 1 10 12 1 10 12 1 9 100 12 1 1 1 8 1 10 12 1 8 1 8 1 7 1 10 12 1 10 12 1 10 12 1 1 100 1 8 1 10 12 1 1 8 1 10 10 12 1 1 8 1 10 12 1 1 10 7 12 1 1 1 10 12 1 10 11 12 1 1 10 12 1 10 7 12 1 1 1 10 12 1 1 10 12 1 10 12 1 1 11 10 12 1 11 10 12 1 7 1 1 1 1 1 1 1 1 1 1 1 1 1 1 1 1 1 1 1 1 1 1 1 1 1 1 1 1 1 1 1 1 1 1 1 1 1 1 1 1 1 1 1 100 1 1 1 1 1 1 1 1 1 1 1 1 1 1 7 1 1 1 1 1 1 1 1 1 1 1
ciInstanceKlass java/io/ByteArrayInputStream 1 1 117 10 7 12 1 1 1 9 7 12 1 1 1 9 12 1 1 9 12 1 9 12 1 10 100 12 1 1 1 10 7 12 1 1 1 10 7 12 1 1 1 10 100 12 1 1 1 10 12 1 1 3 10 100 1 10 100 12 1 1 1 9 12 1 1 100 1 10 10 7 12 1 1 1 1 1 1 1 1 1 1 1 1 1 1 1 1 1 1 1 1 1 1 1 1 1 1 1 1 1 1 1 100 1 1 1 1 1 1 1 1 1 1 1 1 1 1
staticfield java/io/ByteArrayInputStream $assertionsDisabled Z 1
instanceKlass java/nio/CharBuffer
instanceKlass java/nio/IntBuffer
instanceKlass java/nio/LongBuffer
instanceKlass java/nio/ByteBuffer
ciInstanceKlass java/nio/Buffer 1 1 256 100 1 10 7 12 1 1 1 9 7 12 1 1 1 9 12 1 9 12 1 1 9 12 1 9 12 1 1 10 12 1 1 10 12 1 1 10 12 100 1 7 1 10 8 1 10 12 1 1 10 12 1 8 1 8 1 10 12 1 1 10 12 1 8 1 9 12 1 1 100 1 8 1 10 12 1 8 1 8 1 9 12 10 12 1 8 1 8 1 8 1 10 12 1 8 1 8 1 8 1 100 1 10 100 1 10 100 1 10 9 12 1 1 10 7 12 1 1 1 100 1 10 12 1 1 10 12 1 10 100 12 1 1 10 7 12 1 1 1 10 7 12 1 1 1 9 12 1 1 10 7 12 1 1 1 9 12 1 1 7 1 10 10 12 1 1 7 1 10 10 7 12 1 1 1 1 1 3 1 1 1 1 1 1 1 1 1 1 1 1 1 1 100 1 1 1 1 1 1 1 7 1 1 1 1 1 1 1 1 1 1 1 1 1 1 1 1 1 1 1 1 1 1 1 1 1 1 1 1 1 1 1 1 1 1 1 1 1 1 1 100 1 100 1 100 1 100 1 100 1 100 1 100 1 1
staticfield java/nio/Buffer UNSAFE Ljdk/internal/misc/Unsafe; jdk/internal/misc/Unsafe
staticfield java/nio/Buffer SCOPED_MEMORY_ACCESS Ljdk/internal/misc/ScopedMemoryAccess; jdk/internal/misc/ScopedMemoryAccess
staticfield java/nio/Buffer IOOBE_FORMATTER Ljava/util/function/BiFunction; jdk/internal/util/Preconditions$4
staticfield java/nio/Buffer $assertionsDisabled Z 1
instanceKlass java/util/Collections$CopiesList
instanceKlass sun/security/jca/ProviderList$ServiceList
instanceKlass com/google/common/collect/Lists$Partition
instanceKlass java/util/AbstractSequentialList
instanceKlass com/google/common/collect/Lists$TransformingRandomAccessList
instanceKlass sun/security/jca/ProviderList$3
instanceKlass java/util/Collections$SingletonList
instanceKlass java/util/Arrays$ArrayList
instanceKlass java/util/Vector
instanceKlass java/util/ArrayList$SubList
instanceKlass java/util/Collections$EmptyList
instanceKlass java/util/ArrayList
ciInstanceKlass java/util/AbstractList 1 1 218 10 7 12 1 1 1 9 7 12 1 1 1 10 12 1 1 10 12 1 1 100 1 10 10 12 1 1 11 7 12 1 1 1 11 12 1 1 11 12 1 10 7 12 1 1 1 10 12 1 11 12 1 11 12 1 11 12 1 10 12 1 1 10 12 1 1 11 7 12 1 1 1 11 7 1 11 7 1 10 12 1 7 1 10 12 1 10 12 1 1 7 1 100 1 10 12 1 100 1 10 100 1 7 1 10 8 1 10 12 1 1 10 12 1 10 12 1 1 10 12 1 8 1 100 1 8 1 8 1 8 1 10 7 1 11 10 10 12 1 11 12 1 10 12 1 1 8 1 8 1 1 1 1 1 1 1 1 1 1 1 1 1 1 1 1 1 1 1 1 1 1 1 1 1 1 1 1 1 1 1 1 1 1 1 1 1 1 1 1 1 1 1 1 1 1 1 1 1 1 1 1 1 1 1 1 1 1 100 1 100 1 1 1 1 1 1 1
ciInstanceKlass java/util/List 1 1 251 10 100 12 1 1 1 11 100 12 1 1 1 11 100 12 1 1 1 11 12 1 1 11 100 12 1 1 11 12 1 1 11 12 1 1 10 100 12 1 1 1 100 1 100 1 10 12 1 1 100 1 10 100 12 1 1 1 11 12 1 1 11 12 1 11 12 1 100 1 10 12 1 11 12 1 1 11 12 1 1 11 12 1 10 100 12 1 1 1 9 7 12 1 1 1 7 1 10 12 10 12 1 7 1 10 12 1 1 10 12 1 10 12 1 1 11 12 1 1 100 1 1 1 1 1 1 1 1 1 1 1 1 1 1 1 1 1 1 1 1 1 1 1 1 1 1 1 1 1 1 1 1 1 1 1 1 1 1 1 1 1 1 1 1 100 1 100 1 1 1 1 1 1 1 1 1 1 1 1 1 1 1 1 1 1 1 1 1 1 1 1 1 1 1 1 1 1 1 1 1 1 1 1 1 1 1 1 1 1 1 1 1 1 1 1 1 1 1 1 1 1 1 1 1 1 1 1 1 1 1 1 1 1 1 1 1 1 1 1 1 1 1 1 100 1 1 100 1 1 1
ciInstanceKlass java/util/SequencedCollection 1 1 109 100 1 10 12 1 1 11 7 12 1 1 1 11 7 12 1 1 1 11 12 1 1 11 12 1 7 1 7 1 1 1 1 1 1 1 1 1 1 1 1 1 1 1 1 1 1 1 1 1 1 1 1 1 1 1 1 1 100 1 8 1 1 12 10 1 1 1 8 1 1 1 8 1 1 1 8 1 1 1 8 1 1 8 1 1 1 8 1 1 8 1 1 1 8 1 1 8 1 1 1 8 1 1 8 1 1 8 1
ciInstanceKlass java/util/Collection 1 1 115 11 100 12 1 1 1 100 1 11 7 12 1 1 1 10 100 12 1 1 1 11 12 1 1 11 100 12 1 1 1 11 12 1 1 11 100 12 1 1 1 11 12 1 1 10 100 12 1 1 1 11 12 1 10 7 12 1 1 1 100 1 100 1 1 1 1 1 1 1 1 1 1 1 1 1 1 1 1 1 1 1 1 1 1 1 1 1 1 1 1 1 1 1 1 1 1 1 1 1 1 1 1 1 1 1 1 1 1 1 1 1 1 1 1
ciInstanceKlass java/lang/Iterable 1 1 62 10 7 12 1 1 1 11 7 12 1 1 1 11 7 12 1 1 1 11 12 1 1 11 7 12 1 1 1 10 100 12 1 1 1 100 1 1 1 1 1 1 1 1 1 1 1 1 1 1 1 1 1 1 1 1 1 1 1 1 1 1
instanceKlass com/google/common/collect/ImmutableCollection
instanceKlass java/util/TreeMap$Values
instanceKlass com/google/common/collect/AbstractMapBasedMultimap$WrappedCollection
instanceKlass com/google/common/collect/ImmutableCollection
instanceKlass java/util/IdentityHashMap$Values
instanceKlass java/util/LinkedHashMap$LinkedValues
instanceKlass java/util/HashMap$Values
instanceKlass java/util/AbstractQueue
instanceKlass java/util/ArrayDeque
instanceKlass java/util/AbstractSet
instanceKlass java/util/ImmutableCollections$AbstractImmutableCollection
instanceKlass java/util/AbstractList
ciInstanceKlass java/util/AbstractCollection 1 1 160 10 7 12 1 1 1 10 7 12 1 1 1 10 12 1 1 11 7 12 1 1 1 11 12 1 1 10 12 1 1 10 100 12 1 1 1 10 12 1 1 10 12 1 1 10 7 12 1 1 10 7 12 1 1 1 7 1 10 7 12 1 1 1 10 100 12 1 1 1 100 1 10 11 12 1 11 7 1 10 12 1 10 12 1 10 100 12 1 1 1 11 8 1 7 1 10 10 12 1 1 8 1 10 12 1 10 12 1 1 1 1 1 1 1 1 1 1 1 1 1 1 1 1 1 1 1 1 1 1 1 1 1 1 1 1 1 1 1 1 1 1 1 1 1 1 1 1 1 1 1 1 1 1 1 1 1 1 1 1
ciInstanceKlass java/lang/AssertionStatusDirectives 0 0 24 10 100 12 1 1 1 100 1 1 1 1 1 1 1 1 1 1 1 1 1 1 1 1
instanceKlass java/time/DateTimeException
instanceKlass java/nio/file/FileSystemAlreadyExistsException
instanceKlass java/nio/file/FileSystemNotFoundException
instanceKlass android/util/AndroidRuntimeException
instanceKlass java/lang/invoke/WrongMethodTypeException
instanceKlass org/bouncycastle/crypto/CryptoServiceConstraintsException
instanceKlass java/util/ConcurrentModificationException
instanceKlass kotlin/UninitializedPropertyAccessException
instanceKlass org/robolectric/util/inject/Injector$UnsatisfiedDependencyException
instanceKlass org/robolectric/util/inject/InjectionException
instanceKlass org/junit/runner/notification/StoppedByUserException
instanceKlass org/junit/internal/AssumptionViolatedException
instanceKlass com/esotericsoftware/kryo/KryoException
instanceKlass java/security/ProviderException
instanceKlass org/gradle/internal/remote/internal/MessageIOException
instanceKlass java/util/MissingResourceException
instanceKlass org/gradle/internal/remote/internal/ConnectException
instanceKlass org/gradle/internal/nativeintegration/NativeIntegrationException
instanceKlass net/rubygrapefruit/platform/NativeException
instanceKlass java/util/NoSuchElementException
instanceKlass org/gradle/internal/reflect/NoSuchMethodException
instanceKlass java/lang/TypeNotPresentException
instanceKlass java/lang/IndexOutOfBoundsException
instanceKlass org/gradle/internal/service/ServiceLookupException
instanceKlass java/lang/reflect/UndeclaredThrowableException
instanceKlass org/gradle/internal/operations/BuildOperationInvocationException
instanceKlass org/gradle/internal/UncheckedException
instanceKlass java/lang/SecurityException
instanceKlass java/lang/UnsupportedOperationException
instanceKlass java/lang/IllegalStateException
instanceKlass org/gradle/api/GradleException
instanceKlass java/lang/IllegalArgumentException
instanceKlass java/lang/ArithmeticException
instanceKlass java/lang/NullPointerException
instanceKlass java/lang/IllegalMonitorStateException
instanceKlass java/lang/ArrayStoreException
instanceKlass java/lang/ClassCastException
ciInstanceKlass java/lang/RuntimeException 1 1 40 10 7 12 1 1 1 10 12 1 10 12 1 10 12 1 10 12 1 100 1 1 1 1 5 0 1 1 1 1 1 1 1 1 1 1 1 1 1 1
instanceKlass sun/security/pkcs/SignerInfo$AlgorithmInfo
instanceKlass jdk/internal/misc/ThreadTracker$ThreadRef
instanceKlass java/lang/reflect/Executable$ParameterData
instanceKlass java/nio/DirectByteBuffer$Deallocator
instanceKlass jdk/net/UnixDomainPrincipal
instanceKlass java/util/stream/Collectors$CollectorImpl
instanceKlass java/lang/reflect/Proxy$ProxyBuilder$ProxyClassContext
instanceKlass java/security/SecureClassLoader$CodeSourceKey
instanceKlass jdk/internal/reflect/ReflectionFactory$Config
instanceKlass jdk/internal/foreign/abi/UpcallLinker$CallRegs
instanceKlass jdk/internal/foreign/abi/VMStorage
ciInstanceKlass java/lang/Record 1 1 22 10 7 12 1 1 1 100 1 1 1 1 1 1 1 1 1 1 1 1 1 1
ciInstanceKlass java/lang/invoke/MethodType 1 1 780 7 1 10 7 12 1 1 1 9 12 1 1 9 12 1 1 9 12 1 1 10 7 12 1 1 1 9 7 12 1 1 8 1 10 100 12 1 1 1 9 7 1 9 7 1 10 12 1 1 7 1 10 8 1 10 12 1 1 10 12 1 10 12 1 1 7 1 8 1 10 12 1 100 1 10 10 12 1 10 12 1 1 10 12 1 1 11 7 12 1 1 1 9 12 1 11 12 1 1 7 10 12 1 1 10 12 1 1 7 1 7 1 10 7 12 1 1 1 10 12 1 10 12 1 9 12 1 1 10 7 12 1 1 10 12 1 1 10 7 12 1 1 1 10 7 12 1 1 1 10 12 1 9 12 1 1 10 12 1 1 10 12 1 1 10 12 1 1 10 12 1 1 10 12 1 1 10 12 1 10 12 1 10 12 1 1 10 12 1 8 1 8 1 10 12 1 1 9 12 1 1 100 1 10 10 12 1 1 10 12 1 10 12 1 1 10 12 1 1 10 12 1 10 12 1 10 12 1 8 1 10 12 1 1 10 100 12 1 1 1 10 12 1 10 12 1 1 10 12 1 10 12 1 10 12 1 1 10 12 1 10 12 1 9 12 1 10 12 1 10 10 12 1 1 10 12 1 9 12 1 1 10 12 1 1 11 12 1 1 10 12 1 1 10 12 1 10 12 1 100 1 8 1 8 1 8 1 10 12 1 10 12 1 10 12 1 1 10 10 12 1 11 12 1 1 11 12 1 10 100 12 1 1 1 9 12 1 10 12 1 10 12 1 1 10 12 1 1 10 12 1 10 12 1 10 100 12 1 1 1 10 12 1 1 10 12 1 10 12 1 10 12 1 10 9 12 1 1 7 1 10 12 1 10 12 1 1 9 100 12 1 1 1 10 7 12 1 1 1 10 7 12 1 1 1 10 12 1 1 10 7 12 1 1 1 10 12 1 1 8 1 10 7 12 1 1 1 11 12 1 1 9 12 1 1 10 12 1 1 10 12 1 10 12 1 1 10 12 1 1 10 100 12 1 1 100 1 10 12 1 1 11 100 12 1 1 18 12 1 1 11 12 1 1 18 12 1 11 12 1 100 1 11 100 12 1 1 10 12 1 100 1 10 12 1 10 100 12 1 1 10 12 1 1 9 12 1 1 9 100 12 1 1 1 10 7 12 1 1 1 9 12 1 10 100 12 1 1 10 12 1 100 10 12 1 1 10 12 1 7 1 10 10 12 1 1 7 1 7 1 9 12 1 1 7 1 7 1 7 1 1 1 5 0 1 1 1 1 1 1 1 3 1 3 1 3 1 1 1 1 1 1 1 1 1 1 1 1 1 1 1 1 1 1 1 1 1 1 1 1 1 1 1 1 1 1 1 1 1 1 1 1 1 1 1 1 1 1 1 1 1 1 1 1 1 1 1 1 1 1 1 1 1 1 1 1 1 1 1 1 1 1 1 1 1 1 1 1 1 1 1 1 1 1 1 1 1 1 1 1 1 1 1 1 1 1 1 1 1 1 1 1 1 1 1 1 1 1 1 1 1 1 1 1 1 1 1 1 1 1 1 1 1 1 1 1 1 1 1 1 1 1 1 1 1 1 100 1 100 1 1 1 1 1 1 1 1 1 1 1 1 1 100 1 1 1 7 1 1 1 1 1 1 1 1 1 1 1 1 1 1 1 1 1 1 1 1 1 1 16 15 10 12 16 16 15 10 12 16 15 10 100 12 1 1 1 1 1 7 1 1 7 1 1 100 1 100 1 1
staticfield java/lang/invoke/MethodType internTable Ljdk/internal/util/ReferencedKeySet; jdk/internal/util/ReferencedKeySet
staticfield java/lang/invoke/MethodType NO_PTYPES [Ljava/lang/Class; 0 [Ljava/lang/Class;
staticfield java/lang/invoke/MethodType objectOnlyTypes [Ljava/lang/invoke/MethodType; 20 [Ljava/lang/invoke/MethodType;
staticfield java/lang/invoke/MethodType METHOD_HANDLE_ARRAY [Ljava/lang/Class; 1 [Ljava/lang/Class;
staticfield java/lang/invoke/MethodType serialPersistentFields [Ljava/io/ObjectStreamField; 0 [Ljava/io/ObjectStreamField;
staticfield java/lang/invoke/MethodType $assertionsDisabled Z 1
ciInstanceKlass java/lang/invoke/TypeDescriptor$OfMethod 1 0 43 100 1 100 1 100 1 1 1 1 1 1 1 1 1 1 1 1 1 1 1 1 1 1 1 1 1 1 1 1 1 1 1 1 1 1 1 1 1 1 100 1 1
instanceKlass java/lang/reflect/InvocationTargetException
instanceKlass java/lang/InstantiationException
instanceKlass java/lang/IllegalAccessException
instanceKlass java/lang/NoSuchFieldException
instanceKlass java/lang/NoSuchMethodException
instanceKlass java/lang/ClassNotFoundException
ciInstanceKlass java/lang/ReflectiveOperationException 1 1 34 10 7 12 1 1 1 10 12 1 10 12 1 10 12 1 100 1 1 1 1 5 0 1 1 1 1 1 1 1 1 1 1 1
instanceKlass java/lang/invoke/DelegatingMethodHandle
instanceKlass java/lang/invoke/BoundMethodHandle
instanceKlass java/lang/invoke/DirectMethodHandle
ciInstanceKlass java/lang/invoke/MethodHandle 1 1 733 100 1 9 7 12 1 1 1 10 7 12 1 1 1 10 7 12 1 1 1 7 1 7 1 10 12 1 1 9 12 1 1 10 12 1 10 12 1 1 10 12 1 1 10 7 12 1 1 1 10 12 1 1 10 12 1 1 11 7 12 1 1 1 10 12 1 1 10 12 1 10 12 1 10 12 1 1 9 12 1 1 9 12 1 1 10 7 12 1 1 1 10 12 1 1 10 12 1 10 12 1 100 1 7 1 10 8 1 10 12 1 1 10 12 1 8 1 10 12 1 1 10 12 1 10 7 12 1 1 1 10 12 1 1 10 12 1 1 10 12 1 1 10 7 12 1 1 1 10 12 1 1 10 12 1 1 10 12 1 10 12 1 1 10 7 12 1 1 10 7 12 1 1 10 12 1 10 12 1 10 12 1 1 10 12 1 1 10 12 1 1 10 12 1 1 10 7 12 1 1 1 10 7 12 1 1 1 10 12 1 1 10 12 1 1 10 12 1 1 8 1 10 7 12 1 1 1 8 1 10 12 1 10 12 1 1 10 12 1 1 10 12 1 8 1 10 12 1 1 8 1 10 12 1 8 1 10 7 12 1 1 1 9 12 1 1 100 1 10 9 7 12 1 1 1 9 7 1 8 1 10 12 1 1 10 12 1 10 12 1 1 10 12 1 10 12 1 1 10 12 1 10 12 1 1 10 12 1 10 12 1 1 10 12 1 1 8 1 10 12 1 1 8 1 10 12 1 10 12 1 1 10 12 1 10 12 1 10 12 1 1 9 100 12 1 1 1 10 12 1 1 11 12 1 10 12 1 10 12 1 1 10 100 12 1 1 100 1 11 12 1 10 100 1 11 12 1 7 1 10 12 1 11 12 1 9 100 12 1 1 1 11 12 1 1 11 100 12 1 1 1 10 12 1 1 9 12 1 11 12 1 9 12 1 9 12 1 9 12 1 11 12 1 1 9 12 1 9 12 1 9 12 1 9 12 1 9 12 1 9 12 1 9 12 1 8 1 10 12 1 10 12 1 8 1 10 12 1 10 12 1 10 12 1 1 10 10 10 7 12 1 1 10 12 1 1 100 1 100 1 8 1 8 1 10 10 12 1 1 10 12 1 10 12 1 7 1 10 100 12 1 1 1 10 9 7 12 1 1 1 10 12 1 1 10 12 1 1 8 1 8 1 10 7 12 1 1 9 12 1 9 12 1 1 9 12 1 1 10 12 1 7 1 10 12 1 10 12 1 1 9 12 1 1 9 12 1 1 10 7 12 1 1 1 11 7 12 1 1 9 12 1 10 12 1 1 9 12 1 10 12 1 8 10 12 1 1 8 1 1 1 1 1 1 1 1 7 1 1 1 1 1 1 1 1 1 1 1 1 1 1 1 1 1 1 1 1 1 1 1 1 1 1 1 1 1 1 100 1 1 1 1 1 1 1 1 1 1 1 1 1 1 1 1 1 1 1 1 1 1 1 1 1 1 1 1 1 1 1 1 1 1 1 1 1 1 1 1 1 1 1 1 1 1 1 1 1 1 1 1 1 1 1 1 1 1 1 1 1 1 1 1 1 1 1 1 1 1 1 1 1 1 1 1 1 1 1 1 1 1 1 1 1 1 100 1 1 100 1 7 1 100 1 1 100 1 1 100 1 1 1 1
staticfield java/lang/invoke/MethodHandle FORM_OFFSET J 20
staticfield java/lang/invoke/MethodHandle UPDATE_OFFSET J 13
staticfield java/lang/invoke/MethodHandle $assertionsDisabled Z 1
ciInstanceKlass java/util/concurrent/ConcurrentHashMap 1 1 1210 7 1 7 1 3 10 12 1 1 3 7 1 10 7 12 1 1 1 7 1 10 7 12 1 1 1 100 1 11 12 1 1 11 12 1 11 12 1 1 9 12 1 1 9 12 1 1 9 12 1 10 7 12 1 1 1 7 1 10 12 1 1 10 12 1 1 10 7 12 1 1 1 4 10 12 1 9 12 1 10 12 1 1 100 1 10 5 0 10 12 1 10 12 1 1 5 0 10 12 1 1 10 12 1 9 12 1 1 10 12 1 1 9 12 1 9 12 1 1 10 12 1 1 9 12 1 10 12 1 1 9 12 1 1 10 12 1 1 100 1 10 100 1 10 12 1 10 12 1 1 10 12 1 1 10 12 1 1 10 12 1 10 12 1 1 10 12 1 1 100 1 10 12 1 1 7 1 100 1 8 1 10 12 1 10 12 1 1 10 12 1 1 11 7 12 1 1 10 12 1 1 11 12 1 1 11 7 12 1 1 1 11 7 12 1 1 1 11 12 1 7 1 11 12 1 11 12 1 10 12 1 1 10 12 1 1 9 12 1 1 10 100 12 1 1 1 9 10 12 1 1 9 12 1 10 12 1 1 5 0 9 12 1 1 7 1 10 12 1 9 12 1 1 7 1 10 12 1 9 12 1 7 1 10 7 1 10 10 12 1 1 8 1 10 12 1 10 12 1 1 11 100 1 10 12 1 10 100 12 1 1 1 8 1 10 100 12 1 1 1 8 1 10 12 1 8 1 10 12 1 10 12 1 1 10 100 12 1 1 10 12 1 10 12 1 10 12 1 9 12 1 9 10 12 1 9 12 1 1 11 100 12 1 1 1 11 7 12 1 1 1 100 1 10 12 11 100 12 1 1 10 11 7 12 1 10 12 1 100 1 10 12 1 100 1 10 10 9 7 12 1 1 1 10 12 3 10 7 12 1 1 9 12 1 10 12 1 1 9 12 1 1 9 12 1 10 12 1 1 10 100 12 1 1 9 12 1 9 7 12 1 1 10 12 1 1 10 12 1 3 9 12 1 9 12 1 10 12 1 1 7 1 9 3 9 12 1 7 1 10 12 1 9 12 1 10 12 1 9 12 1 10 12 1 9 12 1 10 100 12 1 1 1 100 10 12 1 7 1 5 0 10 100 12 1 1 100 1 10 12 1 1 10 12 1 10 12 1 100 1 10 12 1 10 100 1 100 1 10 10 12 1 10 100 1 10 12 1 10 100 1 10 12 1 10 7 1 10 12 1 1 100 1 10 12 1 10 10 12 1 100 1 10 12 1 10 10 12 1 100 1 10 12 1 10 100 1 10 12 1 10 100 1 10 12 1 10 100 1 10 12 1 10 100 1 10 12 1 10 100 1 10 12 1 10 100 1 10 12 1 10 100 1 10 12 1 10 100 1 10 10 100 1 10 10 100 1 10 10 100 1 10 12 1 10 100 1 10 12 1 10 100 1 10 12 1 10 100 1 10 12 1 10 100 1 10 12 1 10 100 1 10 10 100 1 10 10 100 1 10 10 100 1 10 12 1 10 100 1 10 12 1 10 100 1 10 12 1 10 100 1 10 12 1 10 100 1 10 12 1 10 10 12 1 10 7 12 1 1 1 10 12 1 7 1 7 1 10 12 1 9 12 1 1 9 12 1 1 10 12 1 1 8 10 12 1 1 8 8 8 8 7 10 12 1 1 10 12 1 100 1 8 1 10 7 1 7 1 7 1 1 1 5 0 1 1 3 1 3 1 1 1 1 3 1 3 1 3 1 1 1 1 1 3 1 3 1 3 1 1 1 1 1 1 1 1 1 1 1 1 1 1 1 1 1 1 1 1 1 1 1 1 1 100 1 1 1 1 1 1 1 1 1 1 1 1 1 1 1 1 1 1 1 1 1 1 1 1 1 1 1 1 1 1 1 1 1 1 1 1 1 1 1 1 1 1 1 1 1 1 1 1 1 1 1 1 1 1 1 1 1 1 1 1 1 1 1 1 1 1 1 1 1 1 1 1 1 1 1 1 1 1 1 1 1 1 1 1 100 1 1 1 1 1 1 1 1 1 1 1 7 1 1 1 1 1 1 1 1 1 1 1 1 1 1 1 1 1 1 1 1 1 1 1 1 1 1 1 1 1 1 1 1 1 1 1 1 1 1 1 1 1 1 1 1 1 1 1 1 1 1 1 1 1 1 1 1 1 1 1 1 1 1 1 1 1 1 1 1 1 1 1 1 1 1 1 1 1 1 1 1 1 1 1 1 1 1 1 1 1 1 1 1 1 1 1 1 1 1 1 1 1 1 1 1 1 1 1 1 1 1 1 1 1 1 1 1 1 1 1 1 1 1 1 1 1 1 1 1 1 1 1 1 1 1 1 1 1 1 1 1 1 1 1 1 1 1 1 1 1 1 1 1 1 1 1 1 1 1 1 1 1 1 1 1 1 1 1 1 1 1 1 1 1 1 1 1 1 1 1 1 1 1 1 1 1 1 1 1 1 1 1 1 1 1 1 1 1 1 1 1 1 1 1 1 1 1 1 1 1 1 1 1 1 1 1 1 1 1 1 1 1 1 1 100 1 100 1 100 1 100 1 100 1 100 1 100 1 100 1 100 1 1 1 1 1 1 1 1 1 1 1 1 1 1 1 1 1 1 1 1 1 1 1 1 1 1 1 1 1 1 1 1 1 1 1 1 1 1 1 1 1 1 1 1 1 1 1 1 1 1 1 1 1 1 1 1 1 1
staticfield java/util/concurrent/ConcurrentHashMap NCPU I 18
staticfield java/util/concurrent/ConcurrentHashMap serialPersistentFields [Ljava/io/ObjectStreamField; 3 [Ljava/io/ObjectStreamField;
staticfield java/util/concurrent/ConcurrentHashMap U Ljdk/internal/misc/Unsafe; jdk/internal/misc/Unsafe
staticfield java/util/concurrent/ConcurrentHashMap SIZECTL J 20
staticfield java/util/concurrent/ConcurrentHashMap TRANSFERINDEX J 32
staticfield java/util/concurrent/ConcurrentHashMap BASECOUNT J 24
staticfield java/util/concurrent/ConcurrentHashMap CELLSBUSY J 36
staticfield java/util/concurrent/ConcurrentHashMap CELLVALUE J 144
staticfield java/util/concurrent/ConcurrentHashMap ABASE I 16
staticfield java/util/concurrent/ConcurrentHashMap ASHIFT I 2
instanceKlass com/google/common/collect/Maps$ViewCachingAbstractMap
instanceKlass com/google/common/collect/CompactHashMap
instanceKlass java/util/concurrent/ConcurrentSkipListMap
instanceKlass java/util/TreeMap
instanceKlass java/util/EnumMap
instanceKlass java/util/IdentityHashMap
instanceKlass java/util/WeakHashMap
instanceKlass java/util/Collections$EmptyMap
instanceKlass sun/util/PreHashedMap
instanceKlass java/util/HashMap
instanceKlass java/util/ImmutableCollections$AbstractImmutableMap
instanceKlass java/util/concurrent/ConcurrentHashMap
ciInstanceKlass java/util/AbstractMap 1 1 196 10 7 12 1 1 1 10 7 12 1 1 1 11 7 12 1 1 1 10 11 12 1 1 11 7 12 1 1 1 11 12 1 1 7 1 11 12 1 10 12 1 1 11 12 1 100 1 10 11 12 1 11 7 1 10 12 1 1 11 12 1 9 12 1 1 7 1 10 12 1 9 12 1 1 100 1 10 11 11 12 1 1 11 12 1 7 1 100 1 11 12 1 8 1 7 1 10 10 12 1 1 8 1 10 12 1 10 12 1 1 10 12 1 1 1 1 1 1 1 1 1 1 1 1 1 1 1 1 1 1 1 1 1 1 1 1 1 1 1 1 1 1 1 1 1 1 1 1 1 1 1 1 7 1 1 1 1 1 1 1 7 1 1 1 1 1 1 1 1 1 100 1 1 1 1 1 1 1 1 1 100 1 100 1 100 1 100 1 100 1 1 1 1 1 1
ciInstanceKlass java/util/concurrent/ConcurrentMap 1 1 208 11 7 12 1 1 1 10 100 12 1 1 11 12 1 1 11 100 12 1 1 1 11 7 12 1 1 1 11 12 1 1 100 1 11 12 1 11 12 1 100 1 11 100 12 1 1 1 18 12 1 11 12 1 1 11 100 12 1 1 11 12 1 1 11 100 12 1 11 12 1 1 11 12 1 1 7 1 7 1 1 1 1 1 1 1 1 1 1 1 1 1 1 1 1 1 1 1 1 1 1 1 1 1 1 1 1 1 1 1 1 1 1 1 1 1 1 1 1 1 1 1 1 1 1 1 1 1 1 1 1 1 1 1 1 1 1 1 1 16 15 11 12 15 10 100 12 1 1 1 1 1 100 1 100 1 1 1 100 1 8 1 1 12 10 1 1 1 8 1 1 1 8 1 1 8 1 1 1 8 1 1 1 8 1 1 1 8 1 1 1 8 1 1 1 8 1 1 1 8 1 1 1 8 1 1 8 1
ciInstanceKlass jdk/internal/loader/ClassLoaders 1 1 183 10 7 12 1 1 1 10 7 12 1 1 1 10 12 1 1 10 100 12 1 1 1 9 7 12 1 1 1 9 12 1 1 9 12 1 1 7 1 11 100 12 1 1 1 100 1 11 12 1 1 11 12 1 1 10 100 12 1 1 1 10 100 12 1 1 1 100 1 100 1 10 7 12 1 1 1 9 12 1 1 10 12 1 1 7 1 10 12 1 1 10 12 1 7 1 8 1 10 7 12 1 1 1 10 12 1 1 7 1 10 12 1 10 12 1 10 12 1 8 1 10 7 12 1 1 8 1 8 1 10 12 1 7 1 10 12 1 10 12 1 10 12 1 1 1 1 1 1 1 1 1 1 1 1 1 1 1 1 1 1 1 1 7 1 1 1 1 1 1 1 1 1 1 1 1 1 1 1 1 1 1 1
staticfield jdk/internal/loader/ClassLoaders JLA Ljdk/internal/access/JavaLangAccess; java/lang/System$2
staticfield jdk/internal/loader/ClassLoaders BOOT_LOADER Ljdk/internal/loader/ClassLoaders$BootClassLoader; jdk/internal/loader/ClassLoaders$BootClassLoader
staticfield jdk/internal/loader/ClassLoaders PLATFORM_LOADER Ljdk/internal/loader/ClassLoaders$PlatformClassLoader; jdk/internal/loader/ClassLoaders$PlatformClassLoader
staticfield jdk/internal/loader/ClassLoaders APP_LOADER Ljdk/internal/loader/ClassLoaders$AppClassLoader; jdk/internal/loader/ClassLoaders$AppClassLoader
instanceKlass jdk/internal/loader/ClassLoaders$BootClassLoader
instanceKlass jdk/internal/loader/ClassLoaders$PlatformClassLoader
instanceKlass jdk/internal/loader/ClassLoaders$AppClassLoader
ciInstanceKlass jdk/internal/loader/BuiltinClassLoader 1 1 737 9 7 12 1 1 1 10 7 12 1 1 1 10 7 12 1 1 1 9 12 1 1 9 12 1 1 7 1 10 12 1 9 12 1 10 12 1 9 12 1 10 7 12 1 1 1 10 7 12 1 1 1 10 7 12 1 1 1 11 7 12 1 1 1 7 1 7 1 10 10 12 1 1 8 1 10 12 1 10 12 7 1 10 12 1 10 12 1 1 11 7 12 1 1 1 11 7 12 1 1 1 11 12 1 1 7 1 8 1 8 1 10 9 12 1 1 10 7 12 1 1 11 12 1 1 10 12 1 1 10 12 1 1 10 12 1 1 10 7 12 1 1 1 10 12 1 10 7 12 1 1 1 10 12 1 1 11 7 12 1 1 1 10 7 12 1 1 7 1 10 7 12 1 1 1 10 12 1 100 1 8 1 10 12 1 1 10 8 1 10 12 1 1 10 12 1 1 10 12 1 1 11 7 12 1 1 11 12 1 7 1 10 11 12 1 1 11 10 12 1 1 7 1 10 12 1 10 7 12 1 10 12 1 7 1 10 12 1 10 7 12 1 1 1 100 1 10 12 1 1 11 12 1 100 1 100 1 10 12 1 10 12 1 1 100 1 100 1 10 12 1 10 12 1 18 12 1 1 10 12 1 10 12 1 1 18 100 1 10 7 12 1 1 1 7 1 10 10 12 1 1 10 12 1 1 10 12 1 1 10 12 1 9 12 1 1 100 1 10 10 12 1 1 10 12 1 1 10 12 1 10 12 10 12 1 1 10 12 1 1 10 12 1 1 10 12 1 10 12 1 1 18 12 1 7 1 10 12 1 1 10 12 1 10 12 1 1 10 12 1 100 1 10 12 1 7 1 10 12 1 10 7 12 1 1 1 10 12 1 11 12 1 7 1 10 12 1 7 1 100 1 10 12 1 10 12 1 11 12 1 1 10 12 1 1 10 12 1 1 10 12 1 1 10 12 1 1 10 12 1 10 12 1 10 12 1 10 12 1 8 1 10 12 1 1 10 7 12 1 1 10 12 1 100 1 8 1 8 1 10 10 12 1 8 1 8 1 10 7 12 1 1 1 11 7 12 1 1 1 9 7 12 1 1 1 10 7 12 1 1 1 9 12 1 9 12 1 9 12 1 9 12 1 9 12 1 9 12 1 10 7 12 1 1 1 8 1 10 12 1 7 1 10 12 1 1 10 12 1 7 1 10 11 12 1 1 10 12 10 12 1 10 12 1 100 1 10 12 1 10 12 1 10 10 12 1 10 7 12 1 1 8 1 10 7 12 1 1 10 12 1 1 1 1 1 1 1 1 1 1 1 1 1 1 1 1 1 1 1 1 1 1 1 1 1 1 1 1 1 1 1 1 1 1 1 1 1 1 1 1 1 1 1 1 1 1 1 1 1 1 1 1 1 1 1 1 7 1 1 1 1 1 1 1 1 1 1 1 1 1 1 1 1 1 1 7 1 7 1 1 1 1 1 1 1 1 1 1 1 1 1 1 1 1 1 1 1 1 1 1 1 1 1 1 1 1 1 1 1 1 1 1 1 1 1 1 1 1 1 1 1 1 1 1 1 1 1 1 1 100 1 1 16 15 10 12 16 15 10 12 16 15 10 12 16 1 15 10 100 12 1 1 1 1 1 100 1 1 1 1 1 100 1 100 1 1
staticfield jdk/internal/loader/BuiltinClassLoader packageToModule Ljava/util/Map; java/util/concurrent/ConcurrentHashMap
staticfield jdk/internal/loader/BuiltinClassLoader $assertionsDisabled Z 1
ciInstanceKlass jdk/internal/loader/ClassLoaders$AppClassLoader 1 1 119 8 1 10 7 12 1 1 1 10 7 12 1 1 1 10 7 12 1 1 1 10 12 1 1 10 7 12 1 1 1 10 12 1 1 10 12 1 1 7 1 8 1 10 12 10 7 12 1 1 1 10 7 12 1 1 10 12 1 1 10 12 1 1 10 7 12 1 1 1 7 1 10 12 1 1 1 1 1 1 1 1 1 1 1 1 1 1 1 1 1 1 1 1 1 7 1 1 1 1 1 1 1 1 1 1 1 1 1 1 1 1 1 1 1 7 1 1 1
ciInstanceKlass jdk/internal/loader/ClassLoaders$PlatformClassLoader 1 1 42 8 1 10 7 12 1 1 1 10 7 12 1 1 1 7 1 10 12 1 7 1 1 1 1 1 1 1 1 1 1 1 1 1 1 7 1 1 1 100 1 1
ciInstanceKlass java/lang/ArithmeticException 1 1 26 10 100 12 1 1 1 10 12 1 100 1 1 1 1 5 0 1 1 1 1 1 1 1 1 1
ciInstanceKlass java/lang/ArrayStoreException 1 1 26 10 100 12 1 1 1 10 12 1 100 1 1 1 1 5 0 1 1 1 1 1 1 1 1 1
ciInstanceKlass java/lang/ClassCastException 1 1 26 10 100 12 1 1 1 10 12 1 100 1 1 1 1 5 0 1 1 1 1 1 1 1 1 1
instanceKlass worker/org/gradle/internal/classloader/ClassNotFoundExceptionNoStackTrace
ciInstanceKlass java/lang/ClassNotFoundException 1 1 96 7 1 10 7 12 1 1 1 10 12 1 10 12 1 1 10 100 12 1 1 1 8 1 10 100 12 1 1 1 10 7 12 1 1 10 100 12 1 1 1 10 100 12 1 1 1 10 12 1 1 7 1 10 12 1 9 12 1 1 1 1 1 5 0 1 1 1 1 1 1 1 1 1 1 1 1 1 1 1 1 1 1 100 1 1 1 1 1 1 1 1 1 1 1 1
staticfield java/lang/ClassNotFoundException serialPersistentFields [Ljava/io/ObjectStreamField; 1 [Ljava/io/ObjectStreamField;
ciInstanceKlass java/lang/IllegalMonitorStateException 1 1 26 10 100 12 1 1 1 10 12 1 100 1 1 1 1 5 0 1 1 1 1 1 1 1 1 1
ciInstanceKlass java/lang/BootstrapMethodError 0 0 45 10 100 12 1 1 1 10 12 1 10 12 1 10 100 12 1 1 1 10 100 12 1 1 1 1 1 1 5 0 1 1 1 1 1 1 1 1 1 1 1 100 1 1 1
instanceKlass java/lang/ClassFormatError
instanceKlass java/lang/IncompatibleClassChangeError
instanceKlass java/lang/BootstrapMethodError
instanceKlass java/lang/NoClassDefFoundError
ciInstanceKlass java/lang/LinkageError 1 1 31 10 7 12 1 1 1 10 12 1 10 12 1 100 1 1 1 1 5 0 1 1 1 1 1 1 1 1 1 1 1
instanceKlass kotlin/KotlinNullPointerException
ciInstanceKlass java/lang/NullPointerException 1 1 52 10 100 12 1 1 1 10 12 1 9 100 12 1 1 1 10 12 1 1 9 12 1 1 10 12 1 1 10 12 1 1 1 1 5 0 1 1 1 1 1 1 1 1 100 1 100 1 100 1 1 1
ciInstanceKlass java/lang/NoClassDefFoundError 0 0 26 10 100 12 1 1 1 10 12 1 100 1 1 1 1 5 0 1 1 1 1 1 1 1 1 1
ciInstanceKlass java/lang/StackOverflowError 1 1 26 10 100 12 1 1 1 10 12 1 100 1 1 1 1 5 0 1 1 1 1 1 1 1 1 1
ciInstanceKlass java/lang/StackTraceElement 0 0 235 10 7 12 1 1 1 10 7 12 1 1 9 12 1 1 9 12 1 1 9 12 1 9 12 1 8 1 10 100 12 1 1 1 7 1 9 12 1 8 1 9 12 1 9 12 1 9 12 1 1 10 12 1 1 10 12 1 8 1 10 100 12 1 1 1 7 1 10 12 1 10 12 1 1 10 12 1 10 12 1 1 10 12 1 10 12 1 10 10 12 1 8 1 10 12 1 10 12 1 1 10 12 1 1 10 12 1 10 12 1 10 12 1 9 12 1 1 10 7 12 1 1 1 10 12 1 1 7 1 10 12 1 1 10 100 12 1 1 10 100 12 1 1 1 10 7 12 1 1 10 100 12 1 1 10 10 12 1 1 10 12 1 1 10 12 1 1 10 12 1 7 1 1 1 1 1 1 1 3 1 3 1 1 5 0 1 1 1 1 1 1 1 1 1 1 1 1 1 1 1 1 1 1 1 1 1 1 1 1 1 1 1 1 1 7 1 7 1 1 1 1 1 1 1 100 1 1 1 1 1 1 1 1 1
instanceKlass java/util/concurrent/locks/AbstractQueuedSynchronizer
ciInstanceKlass java/util/concurrent/locks/AbstractOwnableSynchronizer 1 1 32 10 7 12 1 1 1 9 7 12 1 1 1 100 1 1 1 1 5 0 1 1 1 1 1 1 1 1 1 1 1 1
ciInstanceKlass jdk/internal/vm/Continuation 0 0 549 9 100 12 1 1 1 9 12 1 9 12 1 100 1 7 1 10 12 1 1 8 1 10 12 1 1 10 12 1 10 12 1 1 10 12 1 9 7 12 1 1 1 11 100 12 1 1 1 10 7 1 9 12 1 1 9 12 1 1 10 8 1 10 12 1 9 12 1 1 10 11 12 1 1 100 1 10 100 12 1 1 1 10 12 1 1 10 12 1 10 12 1 1 11 12 1 1 9 12 1 1 10 12 1 1 18 12 1 1 10 7 12 1 1 1 100 1 10 12 1 11 100 12 1 1 1 10 12 1 9 12 1 10 12 1 1 100 1 8 1 10 12 1 10 12 1 1 9 12 1 1 11 12 1 1 9 12 1 1 8 1 10 11 12 1 1 11 12 1 1 10 12 1 1 10 12 1 1 9 12 1 10 12 1 10 10 12 1 8 1 10 12 1 8 1 8 1 10 7 12 1 1 1 10 7 12 1 1 1 10 12 1 9 12 1 11 12 1 7 1 10 12 1 10 12 1 1 9 12 1 1 7 1 10 12 1 1 9 12 1 1 10 12 1 10 12 1 11 7 12 1 1 10 7 1 10 12 1 8 1 9 12 1 10 12 1 1 9 12 1 1 10 7 12 1 1 8 1 8 1 8 1 8 1 10 12 1 1 10 12 1 10 12 1 10 12 1 10 12 1 1 10 12 1 1 8 1 10 12 1 1 9 12 1 1 10 12 1 1 9 12 1 8 1 10 7 12 1 1 1 10 12 1 8 1 100 1 8 1 10 9 12 1 1 8 1 10 7 12 1 1 10 100 12 1 1 8 1 8 1 10 12 10 100 12 1 1 1 10 7 1 10 7 12 1 1 1 18 11 100 12 1 1 1 18 12 1 11 12 1 1 7 1 10 7 12 1 1 10 12 1 1 8 10 12 1 1 10 100 12 1 1 1 10 100 12 1 1 10 12 1 8 1 10 12 1 7 1 7 1 10 12 1 1 1 1 1 1 1 1 1 1 1 1 1 1 1 1 1 1 1 1 1 1 1 1 1 1 1 1 1 1 1 1 1 1 1 1 1 1 1 1 1 1 1 1 1 1 1 1 1 1 1 1 1 1 1 1 1 1 1 1 1 1 1 1 1 1 1 1 1 1 1 1 1 1 1 100 1 1 16 1 15 10 12 16 15 11 7 12 1 1 1 16 1 16 1 15 10 12 16 15 10 100 12 1 1 1 1 1 1 1 1 100 1 100 1 1
ciInstanceKlass jdk/internal/misc/UnsafeConstants 1 1 34 10 100 12 1 1 1 9 7 12 1 1 1 9 12 1 9 12 1 1 9 12 1 9 12 1 1 1 1 1 1 1 1 1
staticfield jdk/internal/misc/UnsafeConstants ADDRESS_SIZE0 I 8
staticfield jdk/internal/misc/UnsafeConstants PAGE_SIZE I 4096
staticfield jdk/internal/misc/UnsafeConstants BIG_ENDIAN Z 0
staticfield jdk/internal/misc/UnsafeConstants UNALIGNED_ACCESS Z 1
staticfield jdk/internal/misc/UnsafeConstants DATA_CACHE_LINE_FLUSH_SIZE I 0
ciInstanceKlass java/lang/invoke/LambdaForm 1 1 1059 7 1 100 1 10 7 12 1 1 1 9 12 1 1 9 12 1 9 12 1 9 12 1 1 9 12 1 1 9 12 1 1 9 12 1 1 9 12 1 1 9 12 1 10 7 12 1 1 9 12 1 10 12 1 1 100 1 10 10 12 1 1 10 12 1 10 12 1 10 12 1 1 10 12 1 9 12 1 9 12 1 10 12 1 1 10 7 12 1 1 1 10 12 1 1 9 100 12 1 1 1 10 12 1 1 9 7 12 1 1 10 12 1 10 12 1 1 10 12 1 1 10 12 1 1 7 1 10 7 12 1 1 1 10 12 1 1 10 12 1 10 12 1 1 9 12 1 1 9 12 1 9 12 1 1 10 12 1 9 12 1 10 100 12 1 1 1 10 12 1 1 7 1 10 12 1 9 12 1 1 10 7 12 1 1 1 10 12 1 10 12 1 7 1 10 12 1 10 12 1 10 12 1 1 10 12 1 1 10 12 1 10 12 1 10 12 1 10 12 1 1 8 1 10 12 1 10 12 1 10 10 12 1 8 1 8 1 9 12 1 9 12 1 1 10 12 1 1 10 12 1 9 12 1 10 12 1 1 10 7 12 1 1 1 10 12 1 1 10 12 1 10 12 1 10 100 12 1 1 1 9 12 1 10 12 1 8 1 8 1 8 1 8 1 8 1 8 1 8 1 8 1 10 12 1 9 12 1 7 1 10 12 1 1 9 12 1 10 12 1 10 12 1 1 10 12 10 12 1 10 12 1 1 10 12 1 1 10 10 12 1 1 10 12 1 1 7 1 8 1 10 12 1 1 10 12 1 10 12 1 1 10 8 1 10 12 1 1 8 1 8 1 8 1 10 12 1 10 12 1 10 12 1 1 100 1 10 12 1 1 10 12 1 1 10 7 12 1 1 1 10 12 1 1 9 12 1 1 8 1 10 100 12 1 1 1 10 7 12 1 1 10 12 10 12 1 1 10 12 1 1 9 12 1 8 10 12 1 1 100 1 10 12 1 1 10 12 1 9 7 12 1 1 9 7 12 1 1 1 8 1 10 100 12 1 1 10 12 1 1 7 1 7 1 10 10 12 1 1 10 12 1 1 8 1 8 1 7 1 8 1 10 12 10 12 1 10 12 1 10 12 1 1 8 1 8 1 10 12 1 10 12 1 1 8 1 8 1 8 1 7 1 8 1 7 1 8 1 7 1 8 1 10 12 1 8 1 9 10 7 12 1 1 1 10 12 1 9 12 1 1 10 12 1 10 10 12 1 10 12 1 10 12 1 10 12 1 1 10 12 1 10 12 1 1 10 12 1 1 10 12 1 1 10 12 1 1 8 1 100 10 12 1 10 12 1 9 12 1 1 10 7 12 1 1 8 1 8 1 7 1 8 1 8 1 8 1 8 1 8 1 8 1 8 1 8 1 10 12 1 1 10 12 1 1 10 12 1 10 12 1 10 12 1 10 12 1 8 1 8 1 8 1 10 12 1 8 1 10 12 1 8 1 8 1 8 1 8 1 8 1 10 12 1 10 12 1 10 12 1 1 10 7 12 1 1 1 10 12 1 10 12 1 10 12 1 10 12 1 10 12 1 10 12 1 10 12 1 9 12 1 1 8 1 10 12 1 1 9 12 1 1 10 12 1 1 9 12 1 9 12 1 1 9 12 1 9 12 1 1 7 1 10 7 12 1 1 1 9 12 1 10 12 1 10 12 1 8 1 10 12 1 9 12 1 1 7 1 10 7 12 1 1 1 8 1 100 1 10 12 1 9 12 1 9 12 1 10 12 1 10 12 1 10 7 12 1 1 1 10 12 1 9 7 12 1 1 10 12 1 1 10 12 1 10 12 1 10 12 1 9 12 10 12 1 10 10 12 1 9 12 1 9 9 12 1 7 9 12 1 1 10 12 1 1 9 12 1 10 12 1 10 7 1 9 1 1 1 1 3 1 3 1 1 3 1 3 1 1 1 1 1 1 1 1 1 1 1 1 1 1 1 1 1 1 1 1 1 1 1 1 1 1 1 1 1 1 1 1 1 1 1 1 1 1 1 1 1 1 1 1 1 1 1 1 1 1 1 100 1 1 1 1 1 1 1 1 1 1 1 1 1 1 1 1 1 1 1 1 1 1 1 1 1 1 1 1 1 1 1 1 1 1 1 1 1 1 1 1 1 1 1 1 1 1 1 1 1 1 1 1 1 1 1 1 1 1 1 1 1 1 100 1 1 1 1 1 1 1 1 1 1 1 1 1 1 1 1 1 1 1 1 1 1 1 1 1 1 1 1 1 1 1 1 1 1 7 1 1 1 1 1 1 1 1 1 1 1 1 1 1 1 1 1 1 1 1 1 1 100 1 1 1 100 1 1 7 1 1 1 1 1 1 1 1 1 1 1
staticfield java/lang/invoke/LambdaForm DEFAULT_CUSTOMIZED Ljava/lang/invoke/MethodHandle; 
staticfield java/lang/invoke/LambdaForm DEFAULT_KIND Ljava/lang/invoke/LambdaForm$Kind; java/lang/invoke/LambdaForm$Kind
staticfield java/lang/invoke/LambdaForm COMPILE_THRESHOLD I 0
staticfield java/lang/invoke/LambdaForm INTERNED_ARGUMENTS [[Ljava/lang/invoke/LambdaForm$Name; 5 [[Ljava/lang/invoke/LambdaForm$Name;
staticfield java/lang/invoke/LambdaForm IMPL_NAMES Ljava/lang/invoke/MemberName$Factory; java/lang/invoke/MemberName$Factory
staticfield java/lang/invoke/LambdaForm LF_identity [Ljava/lang/invoke/LambdaForm; 6 [Ljava/lang/invoke/LambdaForm;
staticfield java/lang/invoke/LambdaForm LF_zero [Ljava/lang/invoke/LambdaForm; 6 [Ljava/lang/invoke/LambdaForm;
staticfield java/lang/invoke/LambdaForm NF_identity [Ljava/lang/invoke/LambdaForm$NamedFunction; 6 [Ljava/lang/invoke/LambdaForm$NamedFunction;
staticfield java/lang/invoke/LambdaForm NF_zero [Ljava/lang/invoke/LambdaForm$NamedFunction; 6 [Ljava/lang/invoke/LambdaForm$NamedFunction;
staticfield java/lang/invoke/LambdaForm createFormsLock Ljava/lang/Object; java/lang/Object
staticfield java/lang/invoke/LambdaForm DEBUG_NAME_COUNTERS Ljava/util/HashMap; 
staticfield java/lang/invoke/LambdaForm DEBUG_NAMES Ljava/util/HashMap; 
staticfield java/lang/invoke/LambdaForm TRACE_INTERPRETER Z 0
staticfield java/lang/invoke/LambdaForm $assertionsDisabled Z 1
ciInstanceKlass java/lang/invoke/MemberName 1 1 724 7 1 7 1 100 1 9 12 1 1 10 7 12 1 1 1 9 12 1 1 10 12 1 1 10 12 1 1 10 12 1 1 10 12 1 10 12 1 1 10 7 12 1 1 1 10 12 1 9 7 12 1 1 10 12 1 7 1 7 1 10 12 1 8 1 10 12 1 1 10 12 1 10 12 1 1 10 12 1 9 12 1 1 8 1 10 100 12 1 1 1 7 1 10 10 12 1 1 7 1 7 1 10 12 1 9 12 1 1 100 1 8 1 10 12 1 10 12 1 10 12 1 10 12 1 10 12 1 1 10 12 1 10 12 1 10 12 1 1 8 1 8 1 10 12 1 8 1 9 12 1 1 3 10 12 1 10 12 1 10 12 1 10 10 7 12 1 1 1 10 12 1 10 12 1 10 12 1 10 12 1 7 1 8 10 12 1 1 10 12 1 1 8 1 9 7 1 8 9 7 1 10 12 1 1 10 12 1 10 12 1 8 1 10 12 1 1 10 12 1 10 12 1 10 12 1 10 12 1 1 7 1 10 12 1 1 10 12 1 8 1 10 12 1 10 12 1 8 1 10 12 1 1 10 12 1 1 7 1 10 12 1 1 10 12 8 1 8 1 7 1 10 12 1 10 100 12 1 1 1 100 1 10 12 10 12 1 10 12 1 10 12 1 10 12 1 10 10 12 1 10 12 1 10 12 1 3 10 12 1 3 10 12 1 3 3 3 3 3 3 10 12 1 3 9 12 1 10 12 1 1 3 10 12 1 10 10 7 12 1 1 1 10 12 1 1 10 7 12 1 1 10 10 12 1 10 12 1 1 10 12 1 10 10 12 1 1 10 12 1 10 12 1 10 12 1 7 1 10 10 10 12 100 1 10 10 10 12 1 1 10 12 1 1 10 10 12 1 8 10 7 1 10 12 1 10 7 1 10 12 1 10 12 1 10 12 1 10 10 12 1 10 12 1 1 10 12 1 1 10 12 1 10 12 1 10 12 1 100 1 10 12 1 1 100 1 8 1 10 7 1 10 12 1 10 12 10 12 1 1 10 12 1 10 12 1 8 1 8 1 8 1 8 1 10 12 1 10 12 1 10 7 12 1 1 1 8 1 8 1 10 12 1 8 1 10 10 10 12 1 10 12 1 8 1 8 1 10 10 12 1 8 1 10 100 12 1 1 1 8 1 100 1 10 12 1 10 12 1 1 10 12 1 8 1 8 1 8 1 8 1 100 1 10 8 1 8 1 8 1 8 1 10 12 1 100 1 100 1 100 1 10 100 1 10 7 1 10 7 12 1 1 1 9 7 12 1 1 1 7 1 7 1 1 1 1 1 1 1 3 1 3 1 3 1 3 1 3 1 3 1 1 1 1 1 1 1 1 3 1 3 1 1 1 1 1 1 1 1 1 1 1 1 1 1 1 1 1 1 1 1 1 1 1 1 1 1 1 1 1 1 1 1 1 1 1 1 1 1 1 1 1 1 1 1 1 1 1 1 1 1 1 1 1 1 1 1 1 1 1 1 1 1 1 1 1 1 1 1 1 1 1 1 1 1 1 1 1 1 1 1 1 1 1 1 1 1 1 1 1 1 1 1 1 1 1 1 7 1 1 1 1 1 1 1 1 1 1 1 1 1 1 1
staticfield java/lang/invoke/MemberName $assertionsDisabled Z 1
instanceKlass java/lang/invoke/VarHandleReferences$FieldStaticReadOnly
instanceKlass java/lang/invoke/VarHandleLongs$FieldInstanceReadOnly
instanceKlass java/lang/invoke/VarHandleBooleans$FieldInstanceReadOnly
instanceKlass java/lang/invoke/VarHandleInts$FieldInstanceReadOnly
instanceKlass java/lang/invoke/VarHandleReferences$FieldInstanceReadOnly
instanceKlass java/lang/invoke/VarHandleByteArrayAsDoubles$ByteArrayViewVarHandle
instanceKlass java/lang/invoke/VarHandleByteArrayAsLongs$ByteArrayViewVarHandle
instanceKlass java/lang/invoke/VarHandleByteArrayAsFloats$ByteArrayViewVarHandle
instanceKlass java/lang/invoke/VarHandleByteArrayAsInts$ByteArrayViewVarHandle
instanceKlass java/lang/invoke/VarHandleByteArrayAsChars$ByteArrayViewVarHandle
instanceKlass java/lang/invoke/VarHandleByteArrayAsShorts$ByteArrayViewVarHandle
ciInstanceKlass java/lang/invoke/VarHandle 1 1 474 10 7 12 1 1 1 10 7 12 1 1 9 12 1 1 9 12 1 1 100 1 10 8 1 10 12 1 1 10 7 12 1 1 1 10 12 1 1 10 7 12 1 1 1 9 100 12 1 1 1 10 12 1 1 10 7 12 1 1 1 10 12 1 1 9 12 1 10 12 1 9 12 1 1 10 7 12 1 1 10 12 1 9 7 12 1 1 1 9 12 1 1 10 12 1 1 100 1 7 1 10 8 1 10 12 1 1 10 12 1 8 1 10 12 1 10 12 1 9 12 1 1 9 12 1 10 12 1 10 12 1 1 10 12 1 10 10 100 12 1 1 1 10 12 1 1 10 12 1 1 10 7 12 1 1 1 10 100 12 1 1 1 10 100 12 1 1 1 9 12 1 1 9 10 12 1 10 12 1 1 10 12 1 1 10 12 1 10 7 12 1 1 1 9 12 1 1 10 12 1 1 9 12 1 10 12 1 10 12 1 10 7 12 1 1 100 1 10 9 7 12 1 1 1 9 12 1 1 10 7 12 1 1 1 10 12 1 10 12 1 10 12 1 10 12 1 10 12 1 10 12 1 1 8 10 12 1 1 7 1 10 12 1 1 7 1 1 1 1 1 1 1 1 1 1 1 1 1 1 1 1 1 1 1 1 1 1 1 1 1 1 1 1 1 1 1 1 1 1 1 1 1 1 1 1 1 1 1 1 1 1 1 1 1 1 1 1 1 1 1 1 1 1 1 1 1 1 1 1 1 1 1 1 100 1 1 1 1 1 1 1 1 100 1 1 1 1 1 1 1 1 1 1 1 1 100 1 100 1 1 100 1 100 1 100 1 100 1 100 1 100 1 100 1 100 1 100 1 100 1 100 1 100 1 100 1 100 1 100 1 100 1 100 1 100 1 100 1 100 1 100 1 100 1 100 1 100 1 100 1 100 1 100 1 100 1 100 1 100 1 100 1 100 1 100 1 100 1 100 1 1 1 1 1 1 100 1 1 1 100 1 1 100 1 100 1 100 1 100 1 100 1 100 1 1 1 1 100 1 100 1 100 1 100 1 100 1 100 1 100 1 100 1
staticfield java/lang/invoke/VarHandle VFORM_OFFSET J 16
staticfield java/lang/invoke/VarHandle $assertionsDisabled Z 1
instanceKlass jdk/internal/reflect/FieldAccessorImpl
instanceKlass jdk/internal/reflect/ConstructorAccessorImpl
instanceKlass jdk/internal/reflect/MethodAccessorImpl
ciInstanceKlass jdk/internal/reflect/MagicAccessorImpl 1 1 16 10 7 12 1 1 1 100 1 1 1 1 1 1 1 1
instanceKlass jdk/internal/reflect/DirectMethodHandleAccessor
ciInstanceKlass jdk/internal/reflect/MethodAccessorImpl 1 1 38 10 7 12 1 1 1 10 100 12 1 1 1 100 1 1 1 1 1 1 1 100 1 100 1 1 1 1 1 1 1 1 1 1 1 1 1 1
ciInstanceKlass jdk/internal/reflect/MethodAccessor 1 0 17 100 1 100 1 1 1 1 100 1 100 1 1 1 1 1 1
instanceKlass jdk/internal/reflect/SerializationConstructorAccessorImpl
instanceKlass jdk/internal/reflect/DirectConstructorHandleAccessor$NativeAccessor
instanceKlass jdk/internal/reflect/DirectConstructorHandleAccessor
instanceKlass jdk/internal/reflect/NativeConstructorAccessorImpl
ciInstanceKlass jdk/internal/reflect/ConstructorAccessorImpl 1 1 27 10 7 12 1 1 1 100 1 100 1 1 1 1 1 1 1 1 1 100 1 100 1 100 1 1 1
ciInstanceKlass jdk/internal/reflect/ConstructorAccessor 1 0 16 100 1 100 1 1 1 1 100 1 100 1 100 1 1 1
ciInstanceKlass jdk/internal/reflect/DelegatingClassLoader 1 1 18 10 7 12 1 1 1 100 1 1 1 1 1 1 1 1 1 1
ciInstanceKlass jdk/internal/reflect/CallerSensitive 0 0 17 100 1 100 1 100 1 1 1 1 1 1 1 1 1 1 1
ciInstanceKlass jdk/internal/reflect/NativeConstructorAccessorImpl 0 0 125 10 7 12 1 1 1 9 7 12 1 1 1 100 1 10 12 1 9 12 1 1 9 12 1 1 10 100 12 1 1 1 10 7 12 1 1 1 10 7 12 1 1 1 9 12 1 9 12 1 1 9 12 1 1 10 7 12 1 1 1 100 1 10 10 12 1 1 10 12 1 10 12 1 1 10 12 1 7 1 10 12 1 1 10 12 1 1 8 10 12 1 1 1 1 1 1 1 1 1 1 1 1 1 1 1 1 1 1 1 1 1 1 100 1 100 1 100 1 1 1 1 1 1 1
ciInstanceKlass jdk/internal/reflect/ConstantPool 1 1 142 10 7 12 1 1 1 9 7 12 1 1 1 10 12 1 1 10 12 1 1 10 12 1 10 12 1 1 10 12 1 1 10 12 1 10 12 1 1 10 12 1 10 12 1 1 10 12 1 10 12 1 10 12 1 10 12 1 1 10 12 1 1 10 12 1 1 10 12 1 1 10 12 1 10 12 1 1 10 100 12 1 1 1 8 11 7 12 1 1 1 10 7 12 1 1 1 1 1 1 1 1 1 1 1 1 1 1 1 1 1 1 1 1 1 1 1 1 1 1 1 1 1 1 1 1 1 1 1 1 1 1 1 1 1 1 1 1 1 1 1 1
ciInstanceKlass jdk/internal/reflect/UnsafeStaticFieldAccessorImpl 0 0 47 10 7 12 1 1 1 9 7 12 1 1 1 10 7 12 1 1 1 9 12 1 1 8 11 100 12 1 1 1 10 100 12 1 1 1 1 1 1 1 1 1 1 1 1 1 1
ciInstanceKlass jdk/internal/reflect/FieldAccessor 1 0 48 100 1 100 1 1 1 1 100 1 1 1 1 1 1 1 1 1 1 1 1 1 1 1 1 1 1 1 100 1 1 1 1 1 1 1 1 1 1 1 1 1 1 1 1 1 1 1
instanceKlass jdk/internal/reflect/MethodHandleFieldAccessorImpl
instanceKlass jdk/internal/reflect/UnsafeFieldAccessorImpl
ciInstanceKlass jdk/internal/reflect/FieldAccessorImpl 1 1 269 10 7 12 1 1 1 9 7 12 1 1 1 10 7 12 1 1 1 10 7 12 1 1 10 7 12 1 1 1 10 12 1 1 7 1 10 10 12 1 1 10 12 1 1 8 1 10 10 12 1 100 1 8 1 10 12 1 8 1 10 12 1 8 1 10 12 1 100 1 10 12 1 1 10 8 1 10 12 1 1 8 1 10 7 12 1 1 8 1 10 7 12 1 1 8 1 10 7 12 1 1 8 1 10 7 12 1 1 8 1 10 7 12 1 1 8 1 10 7 12 1 1 8 1 10 7 12 1 1 8 1 10 7 12 1 1 10 12 1 1 8 1 10 12 1 1 10 100 12 1 1 1 8 1 10 12 1 8 1 8 1 8 1 8 1 10 7 12 1 1 1 8 1 8 1 8 1 10 12 7 1 1 1 1 1 1 1 1 1 1 1 1 1 1 1 1 1 1 1 1 1 1 1 1 1 1 1 1 1 1 1 1 1 1 1 1 1 1 1 1 1 1 1 1 1 1 1 1 1 1 1 1 1 1 1 1 1 1 1 1 1 1 1 1 1 1 1 1 1 1 1 1 1 1 1 1 1 1 1 1 1 1 1 1 1 1 1 1
instanceKlass jdk/internal/reflect/UnsafeStaticFieldAccessorImpl
ciInstanceKlass jdk/internal/reflect/UnsafeFieldAccessorImpl 0 0 62 10 100 12 1 1 1 10 100 12 1 1 1 10 100 12 1 1 1 9 100 12 1 1 10 12 1 9 12 1 1 10 100 12 1 1 1 9 12 1 1 10 12 1 10 12 1 1 1 1 1 1 1 1 1 1 1 1 1 1 1 1
instanceKlass java/lang/invoke/VolatileCallSite
instanceKlass java/lang/invoke/MutableCallSite
instanceKlass java/lang/invoke/ConstantCallSite
ciInstanceKlass java/lang/invoke/CallSite 1 1 296 10 7 12 1 1 1 10 7 12 1 1 1 9 12 1 1 10 7 12 1 1 1 10 12 1 7 1 10 12 1 1 10 12 1 1 9 100 12 1 1 1 10 7 12 1 1 10 12 1 1 100 1 7 1 10 10 7 12 1 1 1 10 12 1 1 8 1 10 12 1 10 12 1 1 10 12 1 10 12 1 1 10 12 1 1 10 10 7 12 1 1 10 12 1 1 9 12 1 9 7 12 1 1 1 8 1 10 7 12 1 1 1 10 12 1 1 7 1 10 12 1 1 9 12 1 8 1 7 1 10 12 1 10 12 1 100 1 8 1 10 10 12 1 10 12 1 1 7 1 10 12 1 1 10 12 1 10 12 1 10 12 1 1 10 12 1 1 9 12 1 1 8 10 12 1 1 9 12 1 1 100 1 10 10 12 1 10 7 12 1 1 1 10 12 1 1 10 12 1 1 10 12 1 10 7 12 1 1 1 7 1 8 1 10 10 12 10 12 1 1 7 1 7 1 7 1 8 1 10 12 1 10 7 12 1 1 1 1 1 1 1 1 1 1 1 1 1 1 1 1 1 1 1 1 1 1 1 1 1 1 1 1 1 1 1 1 1 1 1 1 1 1 1 1 1 1 1 1 1 1 1 1 1 1 1 1 1 1 1 7 1 7 1 1 1
staticfield java/lang/invoke/CallSite $assertionsDisabled Z 1
ciInstanceKlass java/lang/invoke/ConstantCallSite 1 1 65 10 7 12 1 1 1 9 7 12 1 1 1 9 12 1 1 10 7 12 1 1 1 10 12 1 100 1 10 12 9 12 1 1 100 1 10 10 12 1 1 10 12 1 1 1 1 1 1 1 1 1 1 1 1 1 100 1 1 1 1 1 1 1 1
staticfield java/lang/invoke/ConstantCallSite UNSAFE Ljdk/internal/misc/Unsafe; jdk/internal/misc/Unsafe
instanceKlass java/lang/invoke/DirectMethodHandle$Special
instanceKlass java/lang/invoke/DirectMethodHandle$StaticAccessor
instanceKlass java/lang/invoke/DirectMethodHandle$Interface
instanceKlass java/lang/invoke/DirectMethodHandle$Accessor
instanceKlass java/lang/invoke/DirectMethodHandle$Constructor
ciInstanceKlass java/lang/invoke/DirectMethodHandle 1 1 923 7 1 7 1 100 1 7 1 7 1 10 7 12 1 1 1 10 7 12 1 1 1 7 1 10 12 1 10 12 1 1 10 7 12 1 1 10 12 1 1 10 12 1 10 12 1 7 1 10 12 1 1 10 12 1 1 10 12 1 10 12 1 1 10 7 12 1 1 1 10 12 1 9 12 1 1 100 1 10 9 12 1 1 9 12 1 10 12 1 10 12 1 10 12 1 1 10 12 1 10 12 1 10 12 1 10 7 12 1 1 1 10 12 1 10 12 1 1 8 1 10 12 1 1 7 1 10 12 1 7 1 10 10 12 1 10 12 1 10 12 1 10 7 12 1 1 1 10 12 1 1 7 1 10 12 1 10 12 1 7 1 10 12 1 10 12 1 1 10 12 1 1 10 12 1 8 10 7 12 1 1 1 10 12 1 10 12 1 10 12 1 1 10 12 1 9 7 12 1 1 1 7 1 10 12 1 10 7 12 1 1 1 10 12 1 10 12 1 1 9 12 1 1 7 1 10 8 1 10 12 1 1 10 12 1 1 8 1 10 12 1 10 12 1 10 10 12 1 10 12 1 10 12 1 10 12 1 10 12 1 1 10 12 1 10 12 1 1 10 12 1 10 12 1 1 10 10 7 12 1 1 1 10 12 1 10 12 1 1 10 12 1 10 12 1 1 8 1 9 7 12 1 1 1 8 1 9 12 1 9 12 1 8 1 9 12 1 9 12 1 8 1 9 12 1 9 12 1 8 1 10 12 1 10 12 1 1 9 12 1 1 7 1 10 12 1 1 7 1 10 7 12 1 1 1 10 12 1 1 10 12 1 10 12 1 1 7 1 10 12 1 1 10 12 1 10 12 1 1 7 1 10 12 1 1 10 12 1 10 7 12 1 1 1 10 12 1 10 12 1 1 10 12 1 9 12 1 1 10 7 1 9 12 9 12 1 10 7 12 1 1 1 10 12 1 7 1 7 1 7 1 9 12 1 1 10 7 12 1 1 1 10 12 10 12 1 7 1 10 12 1 10 12 1 1 8 1 9 12 1 9 12 1 10 12 1 1 9 12 1 1 10 100 12 1 1 1 9 12 1 1 9 12 1 1 10 12 1 10 12 1 10 12 1 10 12 1 1 10 12 1 9 12 1 10 12 1 10 12 1 10 12 1 10 12 1 1 10 12 1 1 9 12 1 1 10 12 1 1 9 7 12 1 1 1 9 12 1 9 12 1 9 12 1 9 12 1 9 12 1 9 12 1 9 12 1 9 12 1 9 12 1 9 12 1 9 12 1 9 12 1 9 12 1 9 12 1 9 12 1 9 12 1 9 12 1 9 12 1 9 12 1 9 12 1 9 12 1 9 12 1 9 12 1 9 12 1 9 12 1 9 12 1 9 12 1 9 12 1 9 12 1 9 12 1 9 12 1 9 12 1 9 12 1 9 12 1 9 12 1 9 12 1 8 1 9 12 1 1 9 12 1 1 10 12 1 10 12 1 1 9 7 1 10 12 1 9 12 1 1 10 12 10 12 1 10 12 1 10 12 1 10 12 1 10 8 1 8 1 8 1 8 1 10 12 1 1 9 12 1 1 10 12 1 10 100 12 1 1 1 8 9 12 1 1 10 12 1 1 8 1 8 8 9 12 1 8 1 8 8 8 8 8 1 8 10 12 1 7 1 10 12 1 8 1 8 1 10 12 1 10 12 1 10 12 1 10 12 1 1 7 1 1 1 1 3 1 3 1 3 1 3 1 3 1 3 1 3 1 3 1 3 1 3 1 1 1 1 1 1 1 1 1 1 3 1 3 1 1 1 1 3 1 1 1 1 1 1 1 1 1 1 1 1 1 1 1 1 1 1 1 1 1 1 1 1 1 1 1 1 1 1 1 1 1 1 1 1 1 1 1 1 1 1 1 1 1 1 1 1 1 1 1 1 1 1 1 1 1 100 1 1 1 1 1 1 1 1 1 100 1 1 1 1 1 1 1 1 1 1 1 1 1 1 1 1 1 1 1 1 1 1 1 1 1 1 1 1 1 1 1 1 1 1 1 1 1 1 1 1 1 1 1 1 1 1 1 1 1 1 1 1
staticfield java/lang/invoke/DirectMethodHandle IMPL_NAMES Ljava/lang/invoke/MemberName$Factory; java/lang/invoke/MemberName$Factory
staticfield java/lang/invoke/DirectMethodHandle FT_UNCHECKED_REF I 8
staticfield java/lang/invoke/DirectMethodHandle ACCESSOR_FORMS [Ljava/lang/invoke/LambdaForm; 132 [Ljava/lang/invoke/LambdaForm;
staticfield java/lang/invoke/DirectMethodHandle ALL_WRAPPERS [Lsun/invoke/util/Wrapper; 10 [Lsun/invoke/util/Wrapper;
staticfield java/lang/invoke/DirectMethodHandle NFS [Ljava/lang/invoke/LambdaForm$NamedFunction; 12 [Ljava/lang/invoke/LambdaForm$NamedFunction;
staticfield java/lang/invoke/DirectMethodHandle OBJ_OBJ_TYPE Ljava/lang/invoke/MethodType; java/lang/invoke/MethodType
staticfield java/lang/invoke/DirectMethodHandle LONG_OBJ_TYPE Ljava/lang/invoke/MethodType; java/lang/invoke/MethodType
staticfield java/lang/invoke/DirectMethodHandle $assertionsDisabled Z 1
instanceKlass org/robolectric/internal/bytecode/RoboCallSite
ciInstanceKlass java/lang/invoke/MutableCallSite 1 1 63 10 7 12 1 1 1 10 12 1 9 7 12 1 1 1 10 12 1 10 12 1 1 9 12 1 1 10 7 12 1 1 1 10 7 12 1 1 1 10 12 1 1 1 1 1 1 1 1 1 1 1 1 1 1 1 1 1 1 100 1 1 1
staticfield java/lang/invoke/MutableCallSite STORE_BARRIER Ljava/util/concurrent/atomic/AtomicInteger; java/util/concurrent/atomic/AtomicInteger
ciInstanceKlass java/lang/invoke/VolatileCallSite 0 0 37 10 100 12 1 1 1 10 12 1 10 100 12 1 1 1 10 12 1 10 12 1 1 1 1 1 1 1 1 1 1 1 1 1 1 1 1
ciInstanceKlass java/lang/invoke/ResolvedMethodName 1 1 16 10 100 12 1 1 1 100 1 1 1 1 1 1 1 1
ciInstanceKlass java/lang/invoke/MethodHandleNatives 1 1 685 100 1 10 7 12 1 1 1 9 7 12 1 1 1 10 12 1 1 100 1 10 10 12 1 1 10 12 1 10 12 1 8 1 8 1 8 1 8 1 8 1 8 1 8 1 8 1 8 1 8 1 10 12 1 1 7 1 10 7 12 1 1 1 10 7 12 1 1 1 7 1 10 10 12 1 1 8 1 10 12 1 8 1 10 12 1 1 8 1 10 12 1 1 9 7 12 1 1 1 8 1 10 100 12 1 1 1 7 1 10 12 100 1 100 1 8 1 7 1 10 10 12 1 7 1 9 7 12 1 1 10 12 1 1 10 12 1 10 7 12 1 1 1 10 12 1 1 9 12 1 8 1 10 12 1 1 10 12 1 8 1 10 12 1 1 7 1 10 12 1 10 7 12 1 1 1 10 12 1 10 12 1 1 10 12 1 1 8 1 10 12 1 1 8 1 10 12 1 8 1 8 1 8 1 7 1 10 12 1 8 1 10 7 12 1 1 1 10 12 1 1 10 7 12 1 1 10 10 12 1 1 10 12 1 10 100 12 1 1 1 100 1 8 1 10 100 12 1 1 1 7 1 8 1 10 12 1 8 1 8 1 8 1 8 1 8 1 10 12 1 1 10 12 1 1 10 12 1 10 12 1 1 10 12 1 1 7 1 10 12 1 7 1 7 1 10 12 1 10 12 1 8 1 8 1 10 10 12 1 1 10 12 1 1 8 1 10 7 12 1 1 8 1 8 1 10 12 1 1 10 7 12 1 1 1 100 1 10 12 1 1 7 1 9 12 1 1 10 7 12 1 1 1 10 10 12 1 9 12 1 10 12 1 9 12 1 9 12 1 10 12 1 1 10 12 1 10 12 1 1 7 1 7 1 10 12 1 1 10 12 1 10 12 1 1 10 7 12 1 1 1 10 12 1 8 1 10 12 1 10 12 1 10 12 1 1 10 12 1 10 7 12 1 1 1 10 12 1 1 100 1 8 1 10 9 7 12 1 1 1 10 12 1 1 10 12 1 1 7 1 10 12 1 1 10 12 1 1 100 1 100 1 10 10 100 1 100 1 10 100 1 10 10 12 1 1 10 7 1 10 12 1 10 12 1 1 10 12 1 1 10 12 1 1 10 12 1 10 12 1 1 10 8 1 10 12 1 10 12 1 10 12 1 10 12 1 10 12 1 1 10 12 1 10 12 1 10 12 1 10 10 7 12 1 1 10 12 1 1 1 1 1 1 1 1 1 1 1 1 1 7 1 1 1 1 1 1 1 1 1 1 1 1 1 1 1 1 1 1 1 1 1 1 1 1 1 1 1 1 1 1 1 1 1 1 1 1 1 1 1 1 1 1 1 1 1 1 1 1 1 1 1 1 1 1 1 1 1 1 1 1 1 1 1 100 1 1 1 1 1 1 1 1 1 1 1 1 1 1 1 1 1 1 1 1 1 1 1 1 1 1 1 1 1 1 1 1 1 100 1 1 1 1 1 1 1 1 1 1 1 1 1 1 1 1 1 1 1 1 1 1 1 1 1 1 1 1 1 1 1 1 100 1 1
staticfield java/lang/invoke/MethodHandleNatives $assertionsDisabled Z 1
ciInstanceKlass jdk/internal/foreign/abi/NativeEntryPoint 0 0 194 10 7 12 1 1 1 9 7 12 1 1 1 9 12 1 1 100 1 8 1 10 12 1 10 12 1 1 100 1 10 100 12 1 1 1 10 12 1 9 12 1 1 18 12 1 1 10 100 12 1 1 1 10 7 12 1 1 1 9 7 12 1 1 1 7 1 10 8 1 10 12 1 1 10 12 1 10 12 1 1 8 1 10 12 1 1 7 1 8 1 10 12 1 10 12 1 1 10 12 1 9 12 1 1 18 12 1 1 10 100 12 1 1 1 10 12 1 1 10 12 1 10 100 12 1 1 1 10 1 1 1 1 1 1 1 1 1 1 1 1 1 1 1 1 1 1 1 1 1 1 1 1 1 1 1 1 1 1 1 1 1 1 1 1 1 16 1 15 10 12 16 1 16 15 10 12 15 10 100 12 1 1 1 1 1 100 1 1 100 1 100 1 1
ciInstanceKlass jdk/internal/foreign/abi/ABIDescriptor 0 0 55 10 100 12 1 1 1 9 100 12 1 1 1 9 12 1 1 9 12 1 9 12 1 9 12 1 1 9 12 1 9 12 1 1 9 12 1 9 12 1 9 12 1 9 12 1 1 1 1 1 1 1 1 1 1
ciInstanceKlass jdk/internal/foreign/abi/VMStorage 0 0 91 10 7 12 1 1 1 9 7 12 1 1 1 9 12 1 1 9 12 1 1 9 12 1 1 7 1 10 8 1 10 12 1 1 10 12 1 10 12 1 1 10 12 1 18 12 1 18 12 1 1 18 12 1 1 1 1 1 1 1 1 1 1 1 1 1 1 1 1 1 1 1 8 1 15 15 15 15 15 10 100 12 1 1 1 1 100 1 100 1 1
ciInstanceKlass jdk/internal/foreign/abi/UpcallLinker$CallRegs 0 0 66 10 7 12 1 1 1 9 7 12 1 1 1 9 12 1 18 12 1 1 18 12 1 1 18 12 1 1 1 1 1 1 1 1 1 1 1 1 1 1 1 1 1 1 100 1 1 1 8 1 15 15 15 10 100 12 1 1 1 1 1 100 1 100 1 1
ciInstanceKlass java/lang/StackWalker 0 0 271 9 7 12 1 1 1 100 1 10 100 12 1 1 1 10 12 1 1 10 100 12 1 1 1 10 12 1 1 10 12 1 11 100 12 1 1 1 10 12 1 1 10 12 1 1 10 12 1 1 100 1 8 1 10 12 1 10 12 1 10 12 1 10 7 12 1 1 9 12 1 1 9 12 1 1 9 12 1 1 9 12 1 1 10 12 1 1 9 12 1 1 9 12 1 1 9 12 1 1 10 7 12 1 1 1 11 12 1 1 100 1 8 1 10 10 7 12 1 1 9 12 1 1 10 12 1 1 10 100 12 1 1 1 10 100 12 1 1 1 18 12 1 1 100 1 8 1 10 8 1 10 12 1 1 10 100 12 1 1 1 10 12 1 1 9 100 12 1 1 11 100 12 1 1 1 10 12 1 1 1 1 1 1 1 1 1 1 1 1 1 1 1 1 1 1 1 1 1 1 1 1 1 1 1 1 1 1 1 1 1 1 1 1 1 1 1 1 1 1 1 1 1 1 1 1 1 1 1 1 1 1 1 1 1 1 1 1 1 1 1 1 1 1 7 1 1 16 15 10 12 16 1 15 10 100 12 1 1 1 1 1 1 1 1 1 100 1 100 1 1
ciInstanceKlass java/lang/StackWalker$StackFrame 0 0 41 100 1 10 12 1 1 100 1 100 1 1 1 1 1 1 1 1 1 1 1 1 1 1 1 1 1 1 1 1 1 1 1 1 1 1 1 100 1 1 1
instanceKlass java/lang/LiveStackFrameInfo
ciInstanceKlass java/lang/StackFrameInfo 0 0 142 10 7 12 1 1 1 9 7 12 1 1 1 9 7 1 9 12 1 1 11 100 12 1 1 1 9 12 1 1 11 12 1 1 10 12 1 1 10 7 12 1 1 1 10 12 1 11 12 1 11 12 1 1 11 12 1 10 12 1 1 9 12 1 1 10 12 1 1 10 7 12 1 1 10 12 1 1 11 12 1 1 9 12 1 1 10 7 1 10 12 1 9 12 1 1 10 12 1 1 100 1 8 1 10 12 1 10 100 12 1 1 1 7 1 1 1 1 1 1 1 1 1 1 1 1 1 1 1 1 1 1 7 1 1 7 1 1 1 1 1 1
ciInstanceKlass java/lang/LiveStackFrameInfo 0 0 97 10 7 12 1 1 1 9 7 12 1 1 1 9 12 1 9 12 1 9 12 1 9 12 1 1 7 1 10 12 1 1 10 12 1 8 1 10 12 1 1 8 1 8 1 8 1 10 100 1 10 12 1 100 1 10 12 1 7 1 7 1 1 1 3 1 3 1 1 1 1 1 1 1 1 1 1 1 1 1 1 1 1 1 1 1 1 1 1 1 1 1 1 1 100 1 1
ciInstanceKlass java/lang/LiveStackFrame 0 0 135 100 1 10 100 12 1 1 1 11 7 12 1 1 1 11 12 1 10 7 12 1 1 1 100 1 8 1 10 12 1 1 10 7 12 1 1 1 9 100 12 1 1 1 10 7 12 1 1 1 10 7 12 1 1 1 11 12 1 10 12 1 7 1 7 1 1 1 1 1 1 1 1 1 1 1 1 1 1 1 1 1 1 1 1 1 1 1 1 1 1 1 1 100 1 1 1 1 1 1 1 100 1 8 1 1 12 10 1 1 1 8 1 1 1 8 1 1 1 8 1 1 1 8 1 1 8 1 1 1 8 1 1 8 1
ciInstanceKlass java/lang/StackStreamFactory$AbstractStackWalker 1 0 375 100 1 7 1 3 10 7 12 1 1 1 10 7 12 1 1 10 7 12 1 1 1 9 12 1 1 10 12 1 1 9 12 1 1 9 12 1 1 9 12 1 1 9 12 1 10 7 12 1 1 1 10 12 1 1 10 7 12 1 1 9 12 1 1 9 12 1 1 10 12 1 1 9 100 12 1 1 1 10 12 1 1 10 12 1 9 12 1 1 10 100 12 1 1 1 10 12 1 1 9 12 1 1 9 7 12 1 1 1 7 1 10 8 1 10 12 1 1 10 12 1 8 1 10 12 1 1 10 100 12 1 1 1 100 1 8 1 10 12 1 8 1 10 12 10 100 12 1 1 9 12 1 8 1 5 0 8 1 8 1 9 12 1 1 10 12 1 1 18 12 1 1 10 7 12 1 1 1 10 12 1 1 10 12 1 10 12 1 9 12 1 10 12 1 10 12 1 10 12 1 10 12 1 10 12 1 10 12 1 1 8 1 10 12 1 10 12 1 10 12 1 10 12 1 1 8 1 10 12 1 1 10 12 1 1 10 12 1 1 10 12 1 10 12 1 10 100 12 1 1 1 10 12 1 10 12 1 9 12 1 8 1 10 12 1 10 12 1 10 12 1 1 10 12 1 10 12 1 10 12 1 1 10 12 1 10 12 1 10 12 1 10 12 1 10 12 1 10 12 1 1 10 12 1 1 10 12 1 8 1 1 1 1 1 1 1 1 1 1 1 1 1 7 1 1 1 1 1 1 1 7 1 1 1 1 7 1 1 1 1 1 1 1 1 1 1 1 1 1 1 1 1 1 1 1 16 15 15 10 100 12 1 1 1 1 1 1 1 1 100 1 100 1 1
ciInstanceKlass jdk/internal/module/Modules 1 1 504 10 7 12 1 1 1 9 7 12 1 1 1 11 7 12 1 1 1 11 12 1 1 11 12 1 1 11 12 1 1 11 12 1 11 12 1 11 12 1 11 12 1 11 12 1 1 10 7 12 1 1 1 10 100 12 1 1 1 18 12 1 1 10 7 12 1 1 1 7 1 10 7 12 1 1 1 10 100 12 1 1 1 10 100 12 1 1 10 12 1 1 11 12 1 9 12 1 1 11 100 12 1 1 1 10 12 1 1 10 10 12 1 10 9 12 1 1 10 7 12 1 1 10 12 1 1 10 100 12 1 1 100 1 11 100 12 1 1 1 10 100 12 1 1 1 11 100 12 1 1 10 12 1 1 10 100 12 1 1 10 100 12 1 1 1 10 12 1 1 10 12 1 1 11 12 1 1 18 12 1 1 11 100 12 1 1 10 100 12 1 1 1 11 100 12 1 1 1 7 1 11 12 1 1 11 7 12 1 1 1 11 12 1 1 10 12 1 1 10 100 12 1 1 18 12 1 1 11 12 1 1 18 12 1 1 11 12 1 1 10 12 1 18 18 10 12 1 1 9 12 1 1 11 7 12 1 1 1 100 1 10 11 12 1 11 12 1 1 11 12 1 1 10 100 1 10 12 1 1 10 100 12 1 1 10 12 1 1 11 12 10 12 1 1 7 1 10 18 12 1 10 12 1 1 7 1 8 1 10 12 1 10 100 12 1 1 18 12 1 11 11 12 10 12 1 10 10 100 1 18 12 1 10 10 10 7 12 1 1 10 7 12 1 1 1 10 12 1 1 1 1 1 1 1 1 1 1 1 1 1 1 1 1 1 1 1 1 1 1 1 1 1 1 1 1 1 1 1 1 1 100 1 1 1 1 1 1 1 1 1 1 1 1 1 1 1 1 1 1 1 1 1 1 1 1 1 1 1 1 1 1 1 1 1 1 1 7 1 1 1 1 1 1 1 1 1 1 1 1 1 1 1 1 1 1 1 1 1 1 1 16 15 10 12 1 16 16 15 10 12 1 16 1 16 1 15 10 12 1 16 1 16 1 15 10 12 16 1 15 10 16 1 15 10 12 16 1 15 10 12 16 15 10 12 16 15 10 12 15 10 100 12 1 1 1 1 1 1 100 1 100 1 1
staticfield jdk/internal/module/Modules JLA Ljdk/internal/access/JavaLangAccess; java/lang/System$2
staticfield jdk/internal/module/Modules JLMA Ljdk/internal/access/JavaLangModuleAccess; java/lang/module/ModuleDescriptor$1
staticfield jdk/internal/module/Modules $assertionsDisabled Z 1
ciInstanceKlass java/util/ArrayList 1 1 509 10 7 12 1 1 1 7 1 9 7 12 1 1 1 9 12 1 100 1 7 1 10 8 1 10 12 1 1 10 12 1 10 12 1 1 10 12 1 9 12 1 11 7 12 1 1 1 9 12 1 1 11 12 1 1 7 10 7 12 1 1 1 9 12 1 10 12 1 10 12 1 1 10 7 12 1 1 1 10 7 12 1 1 1 10 12 1 1 10 12 1 1 10 12 1 1 10 12 1 10 12 1 1 100 1 7 1 10 12 1 10 10 7 12 1 1 1 10 7 12 1 1 10 12 1 100 1 10 10 12 10 12 1 1 10 12 1 1 10 12 1 10 12 10 12 1 1 7 1 10 12 1 1 10 12 1 1 10 12 1 100 1 10 11 12 1 1 11 7 12 1 1 1 11 12 1 10 12 1 10 12 1 10 12 1 1 100 1 10 12 1 1 10 10 12 1 1 10 12 1 8 1 8 1 8 1 8 1 10 12 1 1 10 12 1 1 11 12 1 7 1 10 100 12 1 1 10 12 1 10 12 1 1 10 100 12 1 1 10 12 1 10 100 12 1 1 1 11 100 12 1 1 1 10 12 1 100 1 8 1 10 7 1 10 12 1 7 1 10 12 1 10 12 1 1 7 1 10 12 1 10 12 1 1 11 100 12 1 1 7 1 10 12 1 10 12 1 1 11 100 12 1 1 10 12 1 1 10 12 1 1 10 12 1 1 10 12 1 1 11 100 12 1 1 10 12 1 1 7 1 7 1 7 1 1 1 1 5 0 1 3 1 1 1 1 1 1 1 1 1 1 1 1 1 1 1 1 1 1 1 1 1 1 1 1 1 1 1 1 1 1 1 1 1 1 1 1 1 1 1 1 1 1 1 1 1 1 1 1 1 1 1 1 1 1 1 1 1 1 1 1 1 1 1 1 1 1 1 1 1 1 1 1 1 1 1 1 1 1 1 1 1 1 1 1 1 1 1 1 1 1 1 1 1 1 1 1 1 1 1 1 1 1 1 1 100 1 1 1 1 7 1 1 1 1 1 1 1 1 1 1 1 1 1 1 1 1 1 1 1 1 1 1 1 1 1 1 1 1 1 100 1 1 1 1 1 1 1 1 1 1 1 1 1 1 1 1 1 1 100 1 100 1 1 1 1 1 1
staticfield java/util/ArrayList EMPTY_ELEMENTDATA [Ljava/lang/Object; 0 [Ljava/lang/Object;
staticfield java/util/ArrayList DEFAULTCAPACITY_EMPTY_ELEMENTDATA [Ljava/lang/Object; 0 [Ljava/lang/Object;
ciInstanceKlass java/util/RandomAccess 1 0 7 100 1 100 1 1 1
ciInstanceKlass java/lang/annotation/Annotation 1 0 17 100 1 100 1 1 1 1 1 1 1 1 1 1 1 1 1
ciInstanceKlass org/objectweb/asm/ClassReader 1 1 1073 1 7 1 7 1 1 100 1 100 1 1 1 3 1 3 1 3 1 3 1 3 1 3 1 3 1 1 1 1 1 1 1 1 1 1 1 1 1 1 1 1 12 10 1 1 1 1 12 10 1 1 1 12 10 12 9 12 9 1 1 12 10 1 100 1 1 1 100 10 1 8 1 1 12 10 1 12 10 1 1 12 10 12 10 1 12 10 1 1 12 10 12 9 1 7 12 9 10 12 9 12 9 1 100 12 9 1 1 12 10 12 9 1 1 1 1 1 1 1 1 1 1 1 100 1 1 12 10 12 10 1 1 1 1 12 10 1 1 1 8 12 10 1 100 1 1 12 10 1 1 1 100 1 8 10 1 1 12 10 1 100 10 1 100 1 1 12 10 1 12 10 1 12 10 1 12 10 10 1 1 12 10 1 1 1 1 1 1 1 1 12 10 1 100 1 1 12 10 1 1 1 1 1 12 10 1 1 1 1 1 1 1 1 1 1 1 1 7 1 12 10 1 1 1 1 7 10 1 1 12 9 12 9 12 9 1 12 10 1 12 10 1 12 10 1 8 1 1 12 10 1 8 1 8 1 8 1 8 1 8 1 8 1 8 1 8 1 8 3 1 8 1 8 1 1 12 10 1 8 1 8 1 8 3 1 8 1 8 1 8 1 8 1 1 12 10 1 1 12 9 1 7 1 1 12 10 1 1 12 10 1 1 12 10 1 12 10 1 1 12 10 1 1 12 10 1 1 12 10 1 1 12 10 1 12 9 1 1 12 9 1 1 12 10 1 1 12 10 1 12 10 1 12 10 1 1 12 10 1 1 12 10 1 12 10 1 12 10 1 12 10 1 1 1 1 1 1 1 1 1 1 1 1 1 1 1 1 1 1 1 1 1 1 1 1 1 1 1 1 1 1 1 1 1 1 1 1 1 1 1 1 1 1 12 10 1 1 12 10 1 100 1 12 10 1 12 10 1 12 10 1 1 12 10 1 1 12 10 1 12 10 1 12 10 1 1 12 10 10 1 1 1 1 1 1 1 1 1 1 1 1 1 1 1 1 1 1 1 1 1 1 1 1 1 1 1 1 1 12 10 1 100 10 10 10 10 1 1 1 1 1 1 8 1 1 12 10 1 1 12 10 1 100 10 10 10 10 1 1 1 1 1 1 1 12 9 1 12 9 1 12 9 1 8 1 8 1 8 1 8 1 8 1 8 12 10 1 1 12 10 1 100 1 1 12 10 1 1 12 10 1 12 10 1 100 1 1 12 10 1 1 12 10 1 1 12 10 1 100 10 10 10 1 1 12 10 10 1 12 10 1 1 12 10 10 1 1 1 1 1 1 1 1 1 1 1 1 1 1 1 1 1 1 1 1 100 1 1 12 9 1 1 12 10 1 1 12 10 1 8 1 1 12 10 1 8 1 8 1 1 12 10 1 1 12 10 1 8 1 8 1 12 9 1 12 9 1 12 9 1 12 9 1 1 12 9 1 12 9 1 12 9 1 1 12 10 1 1 12 10 1 1 12 10 1 12 10 1 12 10 1 1 12 10 1 12 10 1 12 10 1 1 12 10 1 12 10 1 1 12 10 1 1 12 10 1 12 10 1 1 12 10 1 1 12 10 1 1 12 10 1 100 1 1 12 10 1 1 12 10 1 12 10 1 100 10 1 12 10 1 1 12 10 1 1 12 10 1 12 9 1 12 9 1 12 9 1 1 12 10 1 12 10 1 1 1 1 1 1 1 1 1 1 1 1 1 1 1 1 1 1 1 1 1 1 1 1 1 1 1 1 1 1 1 1 1 1 1 1 1 1 1 1 1 1 1 1 1 1 1 1 1 1 1 1 1 1 1 1 1 1 1 1 1 1 1 1 1 10 12 10 1 1 12 9 1 1 100 1 12 10 1 12 10 1 1 1 1 1 1 1 1 3 3 3 1 1 12 10 1 1 12 10 1 1 1 1 1 1 1 100 1 1 12 10 1 12 10 1 100 1 12 10 1 100 1 12 10 1 100 1 1 12 9 1 12 9 1 12 10 1 100 1 1 12 10 1 12 10 1 1 12 10 1 1 12 10 1 100 1 1 12 10 1 7 1 1 12 10 1 1 1 1 1 1 1 1 1 1 1 1 1 1 1 8 1 100 1 1 12 9 1 1 12 10 1 12 9 1 12 9 1 12 9 1 12 9 1 1 12 10 1 1 1 1 1 1 1 12 10 1 1 1 1 1 1 1 1 1 1 12 9 1 12 9 1 1 1 1 1 1 12 9 1 12 10 10 1 1 1 1 1 1 1 1 1 100 1 1 12 10 5 0 1 1 1 1 1 12 10 1 1 1 1 1 1 12 10 1 1 12 10 1 1 1 7 1 12 10 1 12 10 1 7 1 12 10 1 12 10 1 12 10 1 12 10 12 10 12 10 1 1
ciMethod org/objectweb/asm/ClassReader readUnsignedShort (I)I 1024 0 12088 0 -1
ciMethod org/objectweb/asm/ClassReader readUTF8 (I[C)Ljava/lang/String; 1024 0 8081 0 -1
ciMethod org/objectweb/asm/ClassReader readUtf (I[C)Ljava/lang/String; 512 0 5991 0 -1
ciMethodData org/objectweb/asm/ClassReader readUTF8 (I[C)Ljava/lang/String; 2 7569 orig 80 0 0 0 0 0 0 0 0 0 0 0 0 0 0 0 0 0 0 0 0 0 0 0 0 0 0 0 0 0 0 0 0 0 0 0 0 0 0 0 0 0 0 0 0 0 0 0 0 0 0 0 0 0 0 0 0 0 0 0 0 0 0 0 0 0 0 0 0 0 0 0 0 0 0 0 0 0 0 0 0 data 33 0x20005 0x0 0x0 0x21fc904a900 0x1d92 0x0 0x0 0x70007 0x13 0x40 0x1d7f 0xb0007 0x1d6d 0x20 0x12 0x130005 0x1d6d 0x0 0x0 0x0 0x0 0x0 0x0 0x0 0x0 0x0 0x0 0x0 0x9 0x3 0x0 0x0 0x0 oops 1 3 org/objectweb/asm/ClassReader methods 0
compile org/objectweb/asm/ClassReader readUTF8 (I[C)Ljava/lang/String; -1 4 inline 1 0 -1 0 org/objectweb/asm/ClassReader readUTF8 (I[C)Ljava/lang/String;
